name,ticker,date,close,sector,currency
,,,,,
Amundi MSCI World Information Technology UCITS ETF,TNOW,2010-10-22,64.95999908447266,,EUR
Amundi MSCI World Information Technology UCITS ETF,TNOW,2010-10-25,65.0999984741211,,EUR
Amundi MSCI World Information Technology UCITS ETF,TNOW,2010-10-26,65.3499984741211,,EUR
Amundi MSCI World Information Technology UCITS ETF,TNOW,2010-10-27,65.5,,EUR
Amundi MSCI World Information Technology UCITS ETF,TNOW,2010-10-28,65.37999725341797,,EUR
Amundi MSCI World Information Technology UCITS ETF,TNOW,2010-10-29,65.66000366210938,,EUR
Amundi MSCI World Information Technology UCITS ETF,TNOW,2010-11-01,65.80000305175781,,EUR
Amundi MSCI World Information Technology UCITS ETF,TNOW,2010-11-02,65.5,,EUR
Amundi MSCI World Information Technology UCITS ETF,TNOW,2010-11-03,65.37000274658203,,EUR
Amundi MSCI World Information Technology UCITS ETF,TNOW,2010-11-04,66.01000213623047,,EUR
Amundi MSCI World Information Technology UCITS ETF,TNOW,2010-11-05,66.72000122070312,,EUR
Amundi MSCI World Information Technology UCITS ETF,TNOW,2010-11-08,67.62999725341797,,EUR
Amundi MSCI World Information Technology UCITS ETF,TNOW,2010-11-09,67.9800033569336,,EUR
Amundi MSCI World Information Technology UCITS ETF,TNOW,2010-11-10,68.12999725341797,,EUR
Amundi MSCI World Information Technology UCITS ETF,TNOW,2010-11-11,67.33999633789062,,EUR
Amundi MSCI World Information Technology UCITS ETF,TNOW,2010-11-12,66.87999725341797,,EUR
Amundi MSCI World Information Technology UCITS ETF,TNOW,2010-11-15,67.08999633789062,,EUR
Amundi MSCI World Information Technology UCITS ETF,TNOW,2010-11-16,66.08999633789062,,EUR
Amundi MSCI World Information Technology UCITS ETF,TNOW,2010-11-17,66.41000366210938,,EUR
Amundi MSCI World Information Technology UCITS ETF,TNOW,2010-11-18,67.06999969482422,,EUR
Amundi MSCI World Information Technology UCITS ETF,TNOW,2010-11-19,66.7699966430664,,EUR
Amundi MSCI World Information Technology UCITS ETF,TNOW,2010-11-22,67.22000122070312,,EUR
Amundi MSCI World Information Technology UCITS ETF,TNOW,2010-11-23,67.37000274658203,,EUR
Amundi MSCI World Information Technology UCITS ETF,TNOW,2010-11-24,68.61000061035156,,EUR
Amundi MSCI World Information Technology UCITS ETF,TNOW,2010-11-25,68.95999908447266,,EUR
Amundi MSCI World Information Technology UCITS ETF,TNOW,2010-11-26,69.06999969482422,,EUR
Amundi MSCI World Information Technology UCITS ETF,TNOW,2010-11-29,68.80999755859375,,EUR
Amundi MSCI World Information Technology UCITS ETF,TNOW,2010-11-30,68.97000122070312,,EUR
Amundi MSCI World Information Technology UCITS ETF,TNOW,2010-12-01,69.19999694824219,,EUR
Amundi MSCI World Information Technology UCITS ETF,TNOW,2010-12-02,70.1500015258789,,EUR
Amundi MSCI World Information Technology UCITS ETF,TNOW,2010-12-03,69.75,,EUR
Amundi MSCI World Information Technology UCITS ETF,TNOW,2010-12-06,70.83000183105469,,EUR
Amundi MSCI World Information Technology UCITS ETF,TNOW,2010-12-07,70.97000122070312,,EUR
Amundi MSCI World Information Technology UCITS ETF,TNOW,2010-12-08,70.93000030517578,,EUR
Amundi MSCI World Information Technology UCITS ETF,TNOW,2010-12-09,71.19000244140625,,EUR
Amundi MSCI World Information Technology UCITS ETF,TNOW,2010-12-10,71.2300033569336,,EUR
Amundi MSCI World Information Technology UCITS ETF,TNOW,2010-12-13,71.02999877929688,,EUR
Amundi MSCI World Information Technology UCITS ETF,TNOW,2010-12-14,70.94000244140625,,EUR
Amundi MSCI World Information Technology UCITS ETF,TNOW,2010-12-15,70.95999908447266,,EUR
Amundi MSCI World Information Technology UCITS ETF,TNOW,2010-12-16,71.44999694824219,,EUR
Amundi MSCI World Information Technology UCITS ETF,TNOW,2010-12-17,71.88999938964844,,EUR
Amundi MSCI World Information Technology UCITS ETF,TNOW,2010-12-20,71.80999755859375,,EUR
Amundi MSCI World Information Technology UCITS ETF,TNOW,2010-12-21,72.38999938964844,,EUR
Amundi MSCI World Information Technology UCITS ETF,TNOW,2010-12-22,72.62999725341797,,EUR
Amundi MSCI World Information Technology UCITS ETF,TNOW,2010-12-23,73.19999694824219,,EUR
Amundi MSCI World Information Technology UCITS ETF,TNOW,2010-12-27,72.02999877929688,,EUR
Amundi MSCI World Information Technology UCITS ETF,TNOW,2010-12-28,72.69999694824219,,EUR
Amundi MSCI World Information Technology UCITS ETF,TNOW,2010-12-29,72.5999984741211,,EUR
Amundi MSCI World Information Technology UCITS ETF,TNOW,2010-12-30,71.76000213623047,,EUR
Amundi MSCI World Information Technology UCITS ETF,TNOW,2011-01-03,72.16999816894531,,EUR
Amundi MSCI World Information Technology UCITS ETF,TNOW,2011-01-04,72.08000183105469,,EUR
Amundi MSCI World Information Technology UCITS ETF,TNOW,2011-01-05,73.0999984741211,,EUR
Amundi MSCI World Information Technology UCITS ETF,TNOW,2011-01-06,73.93000030517578,,EUR
Amundi MSCI World Information Technology UCITS ETF,TNOW,2011-01-07,74.62000274658203,,EUR
Amundi MSCI World Information Technology UCITS ETF,TNOW,2011-01-10,75.08000183105469,,EUR
Amundi MSCI World Information Technology UCITS ETF,TNOW,2011-01-11,75.04000091552734,,EUR
Amundi MSCI World Information Technology UCITS ETF,TNOW,2011-01-12,75.01000213623047,,EUR
Amundi MSCI World Information Technology UCITS ETF,TNOW,2011-01-13,73.72000122070312,,EUR
Amundi MSCI World Information Technology UCITS ETF,TNOW,2011-01-14,74.04000091552734,,EUR
Amundi MSCI World Information Technology UCITS ETF,TNOW,2011-01-17,74.44000244140625,,EUR
Amundi MSCI World Information Technology UCITS ETF,TNOW,2011-01-18,73.75,,EUR
Amundi MSCI World Information Technology UCITS ETF,TNOW,2011-01-19,73.4000015258789,,EUR
Amundi MSCI World Information Technology UCITS ETF,TNOW,2011-01-20,72.36000061035156,,EUR
Amundi MSCI World Information Technology UCITS ETF,TNOW,2011-01-21,72.05000305175781,,EUR
Amundi MSCI World Information Technology UCITS ETF,TNOW,2011-01-24,71.83999633789062,,EUR
Amundi MSCI World Information Technology UCITS ETF,TNOW,2011-01-25,72.29000091552734,,EUR
Amundi MSCI World Information Technology UCITS ETF,TNOW,2011-01-26,72.83999633789062,,EUR
Amundi MSCI World Information Technology UCITS ETF,TNOW,2011-01-27,72.86000061035156,,EUR
Amundi MSCI World Information Technology UCITS ETF,TNOW,2011-01-28,72.37999725341797,,EUR
Amundi MSCI World Information Technology UCITS ETF,TNOW,2011-01-31,71.56999969482422,,EUR
Amundi MSCI World Information Technology UCITS ETF,TNOW,2011-02-01,73.0,,EUR
Amundi MSCI World Information Technology UCITS ETF,TNOW,2011-02-02,73.1500015258789,,EUR
Amundi MSCI World Information Technology UCITS ETF,TNOW,2011-02-03,73.41999816894531,,EUR
Amundi MSCI World Information Technology UCITS ETF,TNOW,2011-02-04,74.30000305175781,,EUR
Amundi MSCI World Information Technology UCITS ETF,TNOW,2011-02-07,75.55000305175781,,EUR
Amundi MSCI World Information Technology UCITS ETF,TNOW,2011-02-08,74.62000274658203,,EUR
Amundi MSCI World Information Technology UCITS ETF,TNOW,2011-02-09,74.44999694824219,,EUR
Amundi MSCI World Information Technology UCITS ETF,TNOW,2011-02-10,74.56999969482422,,EUR
Amundi MSCI World Information Technology UCITS ETF,TNOW,2011-02-11,75.0199966430664,,EUR
Amundi MSCI World Information Technology UCITS ETF,TNOW,2011-02-14,75.61000061035156,,EUR
Amundi MSCI World Information Technology UCITS ETF,TNOW,2011-02-15,75.12000274658203,,EUR
Amundi MSCI World Information Technology UCITS ETF,TNOW,2011-02-16,75.45999908447266,,EUR
Amundi MSCI World Information Technology UCITS ETF,TNOW,2011-02-17,75.47000122070312,,EUR
Amundi MSCI World Information Technology UCITS ETF,TNOW,2011-02-18,75.29000091552734,,EUR
Amundi MSCI World Information Technology UCITS ETF,TNOW,2011-02-21,74.37000274658203,,EUR
Amundi MSCI World Information Technology UCITS ETF,TNOW,2011-02-22,73.81999969482422,,EUR
Amundi MSCI World Information Technology UCITS ETF,TNOW,2011-02-23,71.81999969482422,,EUR
Amundi MSCI World Information Technology UCITS ETF,TNOW,2011-02-24,71.7300033569336,,EUR
Amundi MSCI World Information Technology UCITS ETF,TNOW,2011-02-25,72.91999816894531,,EUR
Amundi MSCI World Information Technology UCITS ETF,TNOW,2011-02-28,72.91000366210938,,EUR
Amundi MSCI World Information Technology UCITS ETF,TNOW,2011-03-01,72.45999908447266,,EUR
Amundi MSCI World Information Technology UCITS ETF,TNOW,2011-03-02,71.94999694824219,,EUR
Amundi MSCI World Information Technology UCITS ETF,TNOW,2011-03-03,72.37999725341797,,EUR
Amundi MSCI World Information Technology UCITS ETF,TNOW,2011-03-04,71.94000244140625,,EUR
Amundi MSCI World Information Technology UCITS ETF,TNOW,2011-03-07,70.83000183105469,,EUR
Amundi MSCI World Information Technology UCITS ETF,TNOW,2011-03-08,71.6500015258789,,EUR
Amundi MSCI World Information Technology UCITS ETF,TNOW,2011-03-09,71.02999877929688,,EUR
Amundi MSCI World Information Technology UCITS ETF,TNOW,2011-03-10,70.43000030517578,,EUR
Amundi MSCI World Information Technology UCITS ETF,TNOW,2011-03-11,70.01000213623047,,EUR
Amundi MSCI World Information Technology UCITS ETF,TNOW,2011-03-14,68.4000015258789,,EUR
Amundi MSCI World Information Technology UCITS ETF,TNOW,2011-03-15,66.75,,EUR
Amundi MSCI World Information Technology UCITS ETF,TNOW,2011-03-16,66.63999938964844,,EUR
Amundi MSCI World Information Technology UCITS ETF,TNOW,2011-03-17,66.80999755859375,,EUR
Amundi MSCI World Information Technology UCITS ETF,TNOW,2011-03-18,66.12000274658203,,EUR
Amundi MSCI World Information Technology UCITS ETF,TNOW,2011-03-21,67.05999755859375,,EUR
Amundi MSCI World Information Technology UCITS ETF,TNOW,2011-03-22,67.19999694824219,,EUR
Amundi MSCI World Information Technology UCITS ETF,TNOW,2011-03-23,67.51000213623047,,EUR
Amundi MSCI World Information Technology UCITS ETF,TNOW,2011-03-24,68.19999694824219,,EUR
Amundi MSCI World Information Technology UCITS ETF,TNOW,2011-03-25,69.12000274658203,,EUR
Amundi MSCI World Information Technology UCITS ETF,TNOW,2011-03-28,68.83000183105469,,EUR
Amundi MSCI World Information Technology UCITS ETF,TNOW,2011-03-29,68.83999633789062,,EUR
Amundi MSCI World Information Technology UCITS ETF,TNOW,2011-03-30,69.1500015258789,,EUR
Amundi MSCI World Information Technology UCITS ETF,TNOW,2011-03-31,68.62000274658203,,EUR
Amundi MSCI World Information Technology UCITS ETF,TNOW,2011-04-01,68.80000305175781,,EUR
Amundi MSCI World Information Technology UCITS ETF,TNOW,2011-04-04,68.12999725341797,,EUR
Amundi MSCI World Information Technology UCITS ETF,TNOW,2011-04-05,68.2300033569336,,EUR
Amundi MSCI World Information Technology UCITS ETF,TNOW,2011-04-06,67.51000213623047,,EUR
Amundi MSCI World Information Technology UCITS ETF,TNOW,2011-04-07,67.55999755859375,,EUR
Amundi MSCI World Information Technology UCITS ETF,TNOW,2011-04-08,67.16000366210938,,EUR
Amundi MSCI World Information Technology UCITS ETF,TNOW,2011-04-11,66.94000244140625,,EUR
Amundi MSCI World Information Technology UCITS ETF,TNOW,2011-04-12,65.94000244140625,,EUR
Amundi MSCI World Information Technology UCITS ETF,TNOW,2011-04-13,66.51000213623047,,EUR
Amundi MSCI World Information Technology UCITS ETF,TNOW,2011-04-14,66.33000183105469,,EUR
Amundi MSCI World Information Technology UCITS ETF,TNOW,2011-04-15,66.52999877929688,,EUR
Amundi MSCI World Information Technology UCITS ETF,TNOW,2011-04-18,66.27999877929688,,EUR
Amundi MSCI World Information Technology UCITS ETF,TNOW,2011-04-19,66.33000183105469,,EUR
Amundi MSCI World Information Technology UCITS ETF,TNOW,2011-04-20,67.36000061035156,,EUR
Amundi MSCI World Information Technology UCITS ETF,TNOW,2011-04-21,67.62000274658203,,EUR
Amundi MSCI World Information Technology UCITS ETF,TNOW,2011-04-26,68.13999938964844,,EUR
Amundi MSCI World Information Technology UCITS ETF,TNOW,2011-04-27,67.9000015258789,,EUR
Amundi MSCI World Information Technology UCITS ETF,TNOW,2011-04-28,67.76000213623047,,EUR
Amundi MSCI World Information Technology UCITS ETF,TNOW,2011-04-29,67.66999816894531,,EUR
Amundi MSCI World Information Technology UCITS ETF,TNOW,2011-05-02,67.66000366210938,,EUR
Amundi MSCI World Information Technology UCITS ETF,TNOW,2011-05-03,67.33000183105469,,EUR
Amundi MSCI World Information Technology UCITS ETF,TNOW,2011-05-04,66.79000091552734,,EUR
Amundi MSCI World Information Technology UCITS ETF,TNOW,2011-05-05,68.22000122070312,,EUR
Amundi MSCI World Information Technology UCITS ETF,TNOW,2011-05-06,69.27999877929688,,EUR
Amundi MSCI World Information Technology UCITS ETF,TNOW,2011-05-09,69.58999633789062,,EUR
Amundi MSCI World Information Technology UCITS ETF,TNOW,2011-05-10,69.70999908447266,,EUR
Amundi MSCI World Information Technology UCITS ETF,TNOW,2011-05-11,70.0999984741211,,EUR
Amundi MSCI World Information Technology UCITS ETF,TNOW,2011-05-12,70.01000213623047,,EUR
Amundi MSCI World Information Technology UCITS ETF,TNOW,2011-05-13,69.98999786376953,,EUR
Amundi MSCI World Information Technology UCITS ETF,TNOW,2011-05-16,69.47000122070312,,EUR
Amundi MSCI World Information Technology UCITS ETF,TNOW,2011-05-17,68.04000091552734,,EUR
Amundi MSCI World Information Technology UCITS ETF,TNOW,2011-05-18,68.52999877929688,,EUR
Amundi MSCI World Information Technology UCITS ETF,TNOW,2011-05-19,68.54000091552734,,EUR
Amundi MSCI World Information Technology UCITS ETF,TNOW,2011-05-20,68.79000091552734,,EUR
Amundi MSCI World Information Technology UCITS ETF,TNOW,2011-05-23,68.04000091552734,,EUR
Amundi MSCI World Information Technology UCITS ETF,TNOW,2011-05-24,67.83000183105469,,EUR
Amundi MSCI World Information Technology UCITS ETF,TNOW,2011-05-25,68.05000305175781,,EUR
Amundi MSCI World Information Technology UCITS ETF,TNOW,2011-05-26,68.2699966430664,,EUR
Amundi MSCI World Information Technology UCITS ETF,TNOW,2011-05-27,68.16999816894531,,EUR
Amundi MSCI World Information Technology UCITS ETF,TNOW,2011-05-30,68.08999633789062,,EUR
Amundi MSCI World Information Technology UCITS ETF,TNOW,2011-05-31,67.9800033569336,,EUR
Amundi MSCI World Information Technology UCITS ETF,TNOW,2011-06-01,67.52999877929688,,EUR
Amundi MSCI World Information Technology UCITS ETF,TNOW,2011-06-02,66.80999755859375,,EUR
Amundi MSCI World Information Technology UCITS ETF,TNOW,2011-06-03,65.7699966430664,,EUR
Amundi MSCI World Information Technology UCITS ETF,TNOW,2011-06-06,65.33000183105469,,EUR
Amundi MSCI World Information Technology UCITS ETF,TNOW,2011-06-07,64.52999877929688,,EUR
Amundi MSCI World Information Technology UCITS ETF,TNOW,2011-06-08,64.2300033569336,,EUR
Amundi MSCI World Information Technology UCITS ETF,TNOW,2011-06-09,64.63999938964844,,EUR
Amundi MSCI World Information Technology UCITS ETF,TNOW,2011-06-10,64.33999633789062,,EUR
Amundi MSCI World Information Technology UCITS ETF,TNOW,2011-06-13,64.2300033569336,,EUR
Amundi MSCI World Information Technology UCITS ETF,TNOW,2011-06-14,64.66000366210938,,EUR
Amundi MSCI World Information Technology UCITS ETF,TNOW,2011-06-15,64.83999633789062,,EUR
Amundi MSCI World Information Technology UCITS ETF,TNOW,2011-06-16,64.81999969482422,,EUR
Amundi MSCI World Information Technology UCITS ETF,TNOW,2011-06-17,63.86000061035156,,EUR
Amundi MSCI World Information Technology UCITS ETF,TNOW,2011-06-20,63.5099983215332,,EUR
Amundi MSCI World Information Technology UCITS ETF,TNOW,2011-06-21,64.51000213623047,,EUR
Amundi MSCI World Information Technology UCITS ETF,TNOW,2011-06-22,64.41000366210938,,EUR
Amundi MSCI World Information Technology UCITS ETF,TNOW,2011-06-23,64.44999694824219,,EUR
Amundi MSCI World Information Technology UCITS ETF,TNOW,2011-06-24,64.83000183105469,,EUR
Amundi MSCI World Information Technology UCITS ETF,TNOW,2011-06-27,64.54000091552734,,EUR
Amundi MSCI World Information Technology UCITS ETF,TNOW,2011-06-28,65.05000305175781,,EUR
Amundi MSCI World Information Technology UCITS ETF,TNOW,2011-06-29,65.37000274658203,,EUR
Amundi MSCI World Information Technology UCITS ETF,TNOW,2011-06-30,66.0199966430664,,EUR
Amundi MSCI World Information Technology UCITS ETF,TNOW,2011-07-01,66.68000030517578,,EUR
Amundi MSCI World Information Technology UCITS ETF,TNOW,2011-07-04,67.0,,EUR
Amundi MSCI World Information Technology UCITS ETF,TNOW,2011-07-05,67.2300033569336,,EUR
Amundi MSCI World Information Technology UCITS ETF,TNOW,2011-07-06,67.9800033569336,,EUR
Amundi MSCI World Information Technology UCITS ETF,TNOW,2011-07-07,68.91000366210938,,EUR
Amundi MSCI World Information Technology UCITS ETF,TNOW,2011-07-08,68.66999816894531,,EUR
Amundi MSCI World Information Technology UCITS ETF,TNOW,2011-07-11,69.19000244140625,,EUR
Amundi MSCI World Information Technology UCITS ETF,TNOW,2011-07-12,68.81999969482422,,EUR
Amundi MSCI World Information Technology UCITS ETF,TNOW,2011-07-13,68.6500015258789,,EUR
Amundi MSCI World Information Technology UCITS ETF,TNOW,2011-07-14,67.79000091552734,,EUR
Amundi MSCI World Information Technology UCITS ETF,TNOW,2011-07-15,68.0,,EUR
Amundi MSCI World Information Technology UCITS ETF,TNOW,2011-07-18,68.11000061035156,,EUR
Amundi MSCI World Information Technology UCITS ETF,TNOW,2011-07-19,68.88999938964844,,EUR
Amundi MSCI World Information Technology UCITS ETF,TNOW,2011-07-20,69.33000183105469,,EUR
Amundi MSCI World Information Technology UCITS ETF,TNOW,2011-07-21,68.55999755859375,,EUR
Amundi MSCI World Information Technology UCITS ETF,TNOW,2011-07-22,69.0,,EUR
Amundi MSCI World Information Technology UCITS ETF,TNOW,2011-07-25,69.31999969482422,,EUR
Amundi MSCI World Information Technology UCITS ETF,TNOW,2011-07-26,68.95999908447266,,EUR
Amundi MSCI World Information Technology UCITS ETF,TNOW,2011-07-27,68.37000274658203,,EUR
Amundi MSCI World Information Technology UCITS ETF,TNOW,2011-07-28,68.51000213623047,,EUR
Amundi MSCI World Information Technology UCITS ETF,TNOW,2011-07-29,67.48999786376953,,EUR
Amundi MSCI World Information Technology UCITS ETF,TNOW,2011-08-01,67.19999694824219,,EUR
Amundi MSCI World Information Technology UCITS ETF,TNOW,2011-08-02,67.0,,EUR
Amundi MSCI World Information Technology UCITS ETF,TNOW,2011-08-03,65.58999633789062,,EUR
Amundi MSCI World Information Technology UCITS ETF,TNOW,2011-08-04,64.81999969482422,,EUR
Amundi MSCI World Information Technology UCITS ETF,TNOW,2011-08-05,62.900001525878906,,EUR
Amundi MSCI World Information Technology UCITS ETF,TNOW,2011-08-08,61.22999954223633,,EUR
Amundi MSCI World Information Technology UCITS ETF,TNOW,2011-08-09,61.11000061035156,,EUR
Amundi MSCI World Information Technology UCITS ETF,TNOW,2011-08-10,60.349998474121094,,EUR
Amundi MSCI World Information Technology UCITS ETF,TNOW,2011-08-11,61.7400016784668,,EUR
Amundi MSCI World Information Technology UCITS ETF,TNOW,2011-08-12,62.90999984741211,,EUR
Amundi MSCI World Information Technology UCITS ETF,TNOW,2011-08-15,62.18000030517578,,EUR
Amundi MSCI World Information Technology UCITS ETF,TNOW,2011-08-16,62.66999816894531,,EUR
Amundi MSCI World Information Technology UCITS ETF,TNOW,2011-08-17,62.150001525878906,,EUR
Amundi MSCI World Information Technology UCITS ETF,TNOW,2011-08-18,59.15999984741211,,EUR
Amundi MSCI World Information Technology UCITS ETF,TNOW,2011-08-19,58.29999923706055,,EUR
Amundi MSCI World Information Technology UCITS ETF,TNOW,2011-08-22,58.0,,EUR
Amundi MSCI World Information Technology UCITS ETF,TNOW,2011-08-23,58.810001373291016,,EUR
Amundi MSCI World Information Technology UCITS ETF,TNOW,2011-08-24,59.720001220703125,,EUR
Amundi MSCI World Information Technology UCITS ETF,TNOW,2011-08-25,59.93000030517578,,EUR
Amundi MSCI World Information Technology UCITS ETF,TNOW,2011-08-26,60.310001373291016,,EUR
Amundi MSCI World Information Technology UCITS ETF,TNOW,2011-08-29,60.68000030517578,,EUR
Amundi MSCI World Information Technology UCITS ETF,TNOW,2011-08-30,61.900001525878906,,EUR
Amundi MSCI World Information Technology UCITS ETF,TNOW,2011-08-31,62.61000061035156,,EUR
Amundi MSCI World Information Technology UCITS ETF,TNOW,2011-09-01,63.060001373291016,,EUR
Amundi MSCI World Information Technology UCITS ETF,TNOW,2011-09-02,62.58000183105469,,EUR
Amundi MSCI World Information Technology UCITS ETF,TNOW,2011-09-05,61.209999084472656,,EUR
Amundi MSCI World Information Technology UCITS ETF,TNOW,2011-09-06,59.84000015258789,,EUR
Amundi MSCI World Information Technology UCITS ETF,TNOW,2011-09-07,61.869998931884766,,EUR
Amundi MSCI World Information Technology UCITS ETF,TNOW,2011-09-08,62.77000045776367,,EUR
Amundi MSCI World Information Technology UCITS ETF,TNOW,2011-09-09,63.599998474121094,,EUR
Amundi MSCI World Information Technology UCITS ETF,TNOW,2011-09-12,62.59000015258789,,EUR
Amundi MSCI World Information Technology UCITS ETF,TNOW,2011-09-13,63.959999084472656,,EUR
Amundi MSCI World Information Technology UCITS ETF,TNOW,2011-09-14,63.849998474121094,,EUR
Amundi MSCI World Information Technology UCITS ETF,TNOW,2011-09-15,65.52999877929688,,EUR
Amundi MSCI World Information Technology UCITS ETF,TNOW,2011-09-16,65.76000213623047,,EUR
Amundi MSCI World Information Technology UCITS ETF,TNOW,2011-09-19,66.37000274658203,,EUR
Amundi MSCI World Information Technology UCITS ETF,TNOW,2011-09-20,67.36000061035156,,EUR
Amundi MSCI World Information Technology UCITS ETF,TNOW,2011-09-21,66.5999984741211,,EUR
Amundi MSCI World Information Technology UCITS ETF,TNOW,2011-09-22,64.77999877929688,,EUR
Amundi MSCI World Information Technology UCITS ETF,TNOW,2011-09-23,64.80000305175781,,EUR
Amundi MSCI World Information Technology UCITS ETF,TNOW,2011-09-26,64.98999786376953,,EUR
Amundi MSCI World Information Technology UCITS ETF,TNOW,2011-09-27,67.01000213623047,,EUR
Amundi MSCI World Information Technology UCITS ETF,TNOW,2011-09-28,66.13999938964844,,EUR
Amundi MSCI World Information Technology UCITS ETF,TNOW,2011-09-29,65.47000122070312,,EUR
Amundi MSCI World Information Technology UCITS ETF,TNOW,2011-09-30,65.11000061035156,,EUR
Amundi MSCI World Information Technology UCITS ETF,TNOW,2011-10-03,64.95999908447266,,EUR
Amundi MSCI World Information Technology UCITS ETF,TNOW,2011-10-04,63.45000076293945,,EUR
Amundi MSCI World Information Technology UCITS ETF,TNOW,2011-10-05,65.45999908447266,,EUR
Amundi MSCI World Information Technology UCITS ETF,TNOW,2011-10-06,66.37000274658203,,EUR
Amundi MSCI World Information Technology UCITS ETF,TNOW,2011-10-07,66.05999755859375,,EUR
Amundi MSCI World Information Technology UCITS ETF,TNOW,2011-10-10,67.04000091552734,,EUR
Amundi MSCI World Information Technology UCITS ETF,TNOW,2011-10-11,67.91000366210938,,EUR
Amundi MSCI World Information Technology UCITS ETF,TNOW,2011-10-12,68.12000274658203,,EUR
Amundi MSCI World Information Technology UCITS ETF,TNOW,2011-10-13,67.86000061035156,,EUR
Amundi MSCI World Information Technology UCITS ETF,TNOW,2011-10-14,68.5,,EUR
Amundi MSCI World Information Technology UCITS ETF,TNOW,2011-10-17,68.91000366210938,,EUR
Amundi MSCI World Information Technology UCITS ETF,TNOW,2011-10-18,68.5999984741211,,EUR
Amundi MSCI World Information Technology UCITS ETF,TNOW,2011-10-19,68.05999755859375,,EUR
Amundi MSCI World Information Technology UCITS ETF,TNOW,2011-10-20,67.27999877929688,,EUR
Amundi MSCI World Information Technology UCITS ETF,TNOW,2011-10-21,68.0,,EUR
Amundi MSCI World Information Technology UCITS ETF,TNOW,2011-10-24,69.1500015258789,,EUR
Amundi MSCI World Information Technology UCITS ETF,TNOW,2011-10-25,68.47000122070312,,EUR
Amundi MSCI World Information Technology UCITS ETF,TNOW,2011-10-26,67.94000244140625,,EUR
Amundi MSCI World Information Technology UCITS ETF,TNOW,2011-10-27,68.6500015258789,,EUR
Amundi MSCI World Information Technology UCITS ETF,TNOW,2011-10-28,69.25,,EUR
Amundi MSCI World Information Technology UCITS ETF,TNOW,2011-10-31,69.16000366210938,,EUR
Amundi MSCI World Information Technology UCITS ETF,TNOW,2011-11-01,68.05999755859375,,EUR
Amundi MSCI World Information Technology UCITS ETF,TNOW,2011-11-02,68.4800033569336,,EUR
Amundi MSCI World Information Technology UCITS ETF,TNOW,2011-11-03,69.55999755859375,,EUR
Amundi MSCI World Information Technology UCITS ETF,TNOW,2011-11-04,69.4000015258789,,EUR
Amundi MSCI World Information Technology UCITS ETF,TNOW,2011-11-07,69.25,,EUR
Amundi MSCI World Information Technology UCITS ETF,TNOW,2011-11-08,69.9000015258789,,EUR
Amundi MSCI World Information Technology UCITS ETF,TNOW,2011-11-09,69.91999816894531,,EUR
Amundi MSCI World Information Technology UCITS ETF,TNOW,2011-11-10,69.20999908447266,,EUR
Amundi MSCI World Information Technology UCITS ETF,TNOW,2011-11-11,69.75,,EUR
Amundi MSCI World Information Technology UCITS ETF,TNOW,2011-11-14,70.25,,EUR
Amundi MSCI World Information Technology UCITS ETF,TNOW,2011-11-15,70.33000183105469,,EUR
Amundi MSCI World Information Technology UCITS ETF,TNOW,2011-11-16,71.2300033569336,,EUR
Amundi MSCI World Information Technology UCITS ETF,TNOW,2011-11-17,69.62999725341797,,EUR
Amundi MSCI World Information Technology UCITS ETF,TNOW,2011-11-18,68.75,,EUR
Amundi MSCI World Information Technology UCITS ETF,TNOW,2011-11-21,66.66999816894531,,EUR
Amundi MSCI World Information Technology UCITS ETF,TNOW,2011-11-22,66.55999755859375,,EUR
Amundi MSCI World Information Technology UCITS ETF,TNOW,2011-11-23,66.47000122070312,,EUR
Amundi MSCI World Information Technology UCITS ETF,TNOW,2011-11-24,66.19000244140625,,EUR
Amundi MSCI World Information Technology UCITS ETF,TNOW,2011-11-25,66.86000061035156,,EUR
Amundi MSCI World Information Technology UCITS ETF,TNOW,2011-11-28,68.08999633789062,,EUR
Amundi MSCI World Information Technology UCITS ETF,TNOW,2011-11-29,68.26000213623047,,EUR
Amundi MSCI World Information Technology UCITS ETF,TNOW,2011-11-30,69.63999938964844,,EUR
Amundi MSCI World Information Technology UCITS ETF,TNOW,2011-12-01,69.77999877929688,,EUR
Amundi MSCI World Information Technology UCITS ETF,TNOW,2011-12-02,70.77999877929688,,EUR
Amundi MSCI World Information Technology UCITS ETF,TNOW,2011-12-05,71.08000183105469,,EUR
Amundi MSCI World Information Technology UCITS ETF,TNOW,2011-12-06,70.94999694824219,,EUR
Amundi MSCI World Information Technology UCITS ETF,TNOW,2011-12-07,70.77999877929688,,EUR
Amundi MSCI World Information Technology UCITS ETF,TNOW,2011-12-08,70.91000366210938,,EUR
Amundi MSCI World Information Technology UCITS ETF,TNOW,2011-12-09,70.83000183105469,,EUR
Amundi MSCI World Information Technology UCITS ETF,TNOW,2011-12-12,70.58000183105469,,EUR
Amundi MSCI World Information Technology UCITS ETF,TNOW,2011-12-13,71.61000061035156,,EUR
Amundi MSCI World Information Technology UCITS ETF,TNOW,2011-12-14,70.13999938964844,,EUR
Amundi MSCI World Information Technology UCITS ETF,TNOW,2011-12-15,69.98999786376953,,EUR
Amundi MSCI World Information Technology UCITS ETF,TNOW,2011-12-16,70.16000366210938,,EUR
Amundi MSCI World Information Technology UCITS ETF,TNOW,2011-12-19,70.22000122070312,,EUR
Amundi MSCI World Information Technology UCITS ETF,TNOW,2011-12-20,70.44000244140625,,EUR
Amundi MSCI World Information Technology UCITS ETF,TNOW,2011-12-21,69.19999694824219,,EUR
Amundi MSCI World Information Technology UCITS ETF,TNOW,2011-12-22,70.05999755859375,,EUR
Amundi MSCI World Information Technology UCITS ETF,TNOW,2011-12-23,70.76000213623047,,EUR
Amundi MSCI World Information Technology UCITS ETF,TNOW,2011-12-27,70.95999908447266,,EUR
Amundi MSCI World Information Technology UCITS ETF,TNOW,2011-12-28,70.95999908447266,,EUR
Amundi MSCI World Information Technology UCITS ETF,TNOW,2011-12-29,71.31999969482422,,EUR
Amundi MSCI World Information Technology UCITS ETF,TNOW,2011-12-30,71.37000274658203,,EUR
Amundi MSCI World Information Technology UCITS ETF,TNOW,2012-01-02,73.48999786376953,,EUR
Amundi MSCI World Information Technology UCITS ETF,TNOW,2012-01-03,72.25,,EUR
Amundi MSCI World Information Technology UCITS ETF,TNOW,2012-01-04,72.44000244140625,,EUR
Amundi MSCI World Information Technology UCITS ETF,TNOW,2012-01-05,73.3499984741211,,EUR
Amundi MSCI World Information Technology UCITS ETF,TNOW,2012-01-06,74.02999877929688,,EUR
Amundi MSCI World Information Technology UCITS ETF,TNOW,2012-01-09,73.8499984741211,,EUR
Amundi MSCI World Information Technology UCITS ETF,TNOW,2012-01-10,74.33999633789062,,EUR
Amundi MSCI World Information Technology UCITS ETF,TNOW,2012-01-11,74.38999938964844,,EUR
Amundi MSCI World Information Technology UCITS ETF,TNOW,2012-01-12,73.83000183105469,,EUR
Amundi MSCI World Information Technology UCITS ETF,TNOW,2012-01-13,74.33000183105469,,EUR
Amundi MSCI World Information Technology UCITS ETF,TNOW,2012-01-16,74.75,,EUR
Amundi MSCI World Information Technology UCITS ETF,TNOW,2012-01-17,74.83999633789062,,EUR
Amundi MSCI World Information Technology UCITS ETF,TNOW,2012-01-18,74.87000274658203,,EUR
Amundi MSCI World Information Technology UCITS ETF,TNOW,2012-01-19,75.58999633789062,,EUR
Amundi MSCI World Information Technology UCITS ETF,TNOW,2012-01-20,75.33000183105469,,EUR
Amundi MSCI World Information Technology UCITS ETF,TNOW,2012-01-23,75.3499984741211,,EUR
Amundi MSCI World Information Technology UCITS ETF,TNOW,2012-01-24,75.58999633789062,,EUR
Amundi MSCI World Information Technology UCITS ETF,TNOW,2012-01-25,75.69000244140625,,EUR
Amundi MSCI World Information Technology UCITS ETF,TNOW,2012-01-26,75.0199966430664,,EUR
Amundi MSCI World Information Technology UCITS ETF,TNOW,2012-01-27,74.69999694824219,,EUR
Amundi MSCI World Information Technology UCITS ETF,TNOW,2012-01-30,74.9800033569336,,EUR
Amundi MSCI World Information Technology UCITS ETF,TNOW,2012-01-31,75.13999938964844,,EUR
Amundi MSCI World Information Technology UCITS ETF,TNOW,2012-02-01,75.5999984741211,,EUR
Amundi MSCI World Information Technology UCITS ETF,TNOW,2012-02-02,76.0199966430664,,EUR
Amundi MSCI World Information Technology UCITS ETF,TNOW,2012-02-03,77.23999786376953,,EUR
Amundi MSCI World Information Technology UCITS ETF,TNOW,2012-02-06,77.05999755859375,,EUR
Amundi MSCI World Information Technology UCITS ETF,TNOW,2012-02-07,76.66000366210938,,EUR
Amundi MSCI World Information Technology UCITS ETF,TNOW,2012-02-08,76.62999725341797,,EUR
Amundi MSCI World Information Technology UCITS ETF,TNOW,2012-02-09,77.33000183105469,,EUR
Amundi MSCI World Information Technology UCITS ETF,TNOW,2012-02-10,77.5999984741211,,EUR
Amundi MSCI World Information Technology UCITS ETF,TNOW,2012-02-13,77.80000305175781,,EUR
Amundi MSCI World Information Technology UCITS ETF,TNOW,2012-02-14,78.16999816894531,,EUR
Amundi MSCI World Information Technology UCITS ETF,TNOW,2012-02-15,79.70999908447266,,EUR
Amundi MSCI World Information Technology UCITS ETF,TNOW,2012-02-16,79.0199966430664,,EUR
Amundi MSCI World Information Technology UCITS ETF,TNOW,2012-02-17,79.23999786376953,,EUR
Amundi MSCI World Information Technology UCITS ETF,TNOW,2012-02-20,79.05000305175781,,EUR
Amundi MSCI World Information Technology UCITS ETF,TNOW,2012-02-21,79.18000030517578,,EUR
Amundi MSCI World Information Technology UCITS ETF,TNOW,2012-02-22,78.75,,EUR
Amundi MSCI World Information Technology UCITS ETF,TNOW,2012-02-23,78.72000122070312,,EUR
Amundi MSCI World Information Technology UCITS ETF,TNOW,2012-02-24,78.30999755859375,,EUR
Amundi MSCI World Information Technology UCITS ETF,TNOW,2012-02-27,78.69000244140625,,EUR
Amundi MSCI World Information Technology UCITS ETF,TNOW,2012-02-28,78.91999816894531,,EUR
Amundi MSCI World Information Technology UCITS ETF,TNOW,2012-02-29,79.29000091552734,,EUR
Amundi MSCI World Information Technology UCITS ETF,TNOW,2012-03-01,79.54000091552734,,EUR
Amundi MSCI World Information Technology UCITS ETF,TNOW,2012-03-02,80.56999969482422,,EUR
Amundi MSCI World Information Technology UCITS ETF,TNOW,2012-03-05,79.38999938964844,,EUR
Amundi MSCI World Information Technology UCITS ETF,TNOW,2012-03-06,78.9800033569336,,EUR
Amundi MSCI World Information Technology UCITS ETF,TNOW,2012-03-07,79.52999877929688,,EUR
Amundi MSCI World Information Technology UCITS ETF,TNOW,2012-03-08,79.5999984741211,,EUR
Amundi MSCI World Information Technology UCITS ETF,TNOW,2012-03-09,81.08999633789062,,EUR
Amundi MSCI World Information Technology UCITS ETF,TNOW,2012-03-12,80.62999725341797,,EUR
Amundi MSCI World Information Technology UCITS ETF,TNOW,2012-03-13,82.0,,EUR
Amundi MSCI World Information Technology UCITS ETF,TNOW,2012-03-14,83.3499984741211,,EUR
Amundi MSCI World Information Technology UCITS ETF,TNOW,2012-03-15,83.66000366210938,,EUR
Amundi MSCI World Information Technology UCITS ETF,TNOW,2012-03-16,83.19999694824219,,EUR
Amundi MSCI World Information Technology UCITS ETF,TNOW,2012-03-19,83.16999816894531,,EUR
Amundi MSCI World Information Technology UCITS ETF,TNOW,2012-03-20,82.62999725341797,,EUR
Amundi MSCI World Information Technology UCITS ETF,TNOW,2012-03-21,83.3499984741211,,EUR
Amundi MSCI World Information Technology UCITS ETF,TNOW,2012-03-22,83.12000274658203,,EUR
Amundi MSCI World Information Technology UCITS ETF,TNOW,2012-03-23,82.62000274658203,,EUR
Amundi MSCI World Information Technology UCITS ETF,TNOW,2012-03-26,83.04000091552734,,EUR
Amundi MSCI World Information Technology UCITS ETF,TNOW,2012-03-27,83.69000244140625,,EUR
Amundi MSCI World Information Technology UCITS ETF,TNOW,2012-03-28,83.80000305175781,,EUR
Amundi MSCI World Information Technology UCITS ETF,TNOW,2012-03-29,83.26000213623047,,EUR
Amundi MSCI World Information Technology UCITS ETF,TNOW,2012-03-30,83.23999786376953,,EUR
Amundi MSCI World Information Technology UCITS ETF,TNOW,2012-04-02,83.83000183105469,,EUR
Amundi MSCI World Information Technology UCITS ETF,TNOW,2012-04-03,83.9000015258789,,EUR
Amundi MSCI World Information Technology UCITS ETF,TNOW,2012-04-04,83.30000305175781,,EUR
Amundi MSCI World Information Technology UCITS ETF,TNOW,2012-04-05,84.16999816894531,,EUR
Amundi MSCI World Information Technology UCITS ETF,TNOW,2012-04-10,83.4000015258789,,EUR
Amundi MSCI World Information Technology UCITS ETF,TNOW,2012-04-11,82.91000366210938,,EUR
Amundi MSCI World Information Technology UCITS ETF,TNOW,2012-04-12,83.16000366210938,,EUR
Amundi MSCI World Information Technology UCITS ETF,TNOW,2012-04-13,82.77999877929688,,EUR
Amundi MSCI World Information Technology UCITS ETF,TNOW,2012-04-16,82.77999877929688,,EUR
Amundi MSCI World Information Technology UCITS ETF,TNOW,2012-04-17,82.61000061035156,,EUR
Amundi MSCI World Information Technology UCITS ETF,TNOW,2012-04-18,82.44000244140625,,EUR
Amundi MSCI World Information Technology UCITS ETF,TNOW,2012-04-19,82.30000305175781,,EUR
Amundi MSCI World Information Technology UCITS ETF,TNOW,2012-04-20,81.38999938964844,,EUR
Amundi MSCI World Information Technology UCITS ETF,TNOW,2012-04-23,80.02999877929688,,EUR
Amundi MSCI World Information Technology UCITS ETF,TNOW,2012-04-24,79.94999694824219,,EUR
Amundi MSCI World Information Technology UCITS ETF,TNOW,2012-04-25,81.66999816894531,,EUR
Amundi MSCI World Information Technology UCITS ETF,TNOW,2012-04-26,81.98999786376953,,EUR
Amundi MSCI World Information Technology UCITS ETF,TNOW,2012-04-27,82.19000244140625,,EUR
Amundi MSCI World Information Technology UCITS ETF,TNOW,2012-04-30,81.72000122070312,,EUR
Amundi MSCI World Information Technology UCITS ETF,TNOW,2012-05-02,81.95999908447266,,EUR
Amundi MSCI World Information Technology UCITS ETF,TNOW,2012-05-03,81.9800033569336,,EUR
Amundi MSCI World Information Technology UCITS ETF,TNOW,2012-05-04,80.16999816894531,,EUR
Amundi MSCI World Information Technology UCITS ETF,TNOW,2012-05-07,80.16999816894531,,EUR
Amundi MSCI World Information Technology UCITS ETF,TNOW,2012-05-08,79.02999877929688,,EUR
Amundi MSCI World Information Technology UCITS ETF,TNOW,2012-05-09,79.95999908447266,,EUR
Amundi MSCI World Information Technology UCITS ETF,TNOW,2012-05-10,79.75,,EUR
Amundi MSCI World Information Technology UCITS ETF,TNOW,2012-05-11,80.31999969482422,,EUR
Amundi MSCI World Information Technology UCITS ETF,TNOW,2012-05-14,79.7300033569336,,EUR
Amundi MSCI World Information Technology UCITS ETF,TNOW,2012-05-15,79.94000244140625,,EUR
Amundi MSCI World Information Technology UCITS ETF,TNOW,2012-05-16,79.54000091552734,,EUR
Amundi MSCI World Information Technology UCITS ETF,TNOW,2012-05-17,78.63999938964844,,EUR
Amundi MSCI World Information Technology UCITS ETF,TNOW,2012-05-18,77.5199966430664,,EUR
Amundi MSCI World Information Technology UCITS ETF,TNOW,2012-05-21,77.5999984741211,,EUR
Amundi MSCI World Information Technology UCITS ETF,TNOW,2012-05-22,79.08000183105469,,EUR
Amundi MSCI World Information Technology UCITS ETF,TNOW,2012-05-23,78.27999877929688,,EUR
Amundi MSCI World Information Technology UCITS ETF,TNOW,2012-05-24,78.95999908447266,,EUR
Amundi MSCI World Information Technology UCITS ETF,TNOW,2012-05-25,78.93000030517578,,EUR
Amundi MSCI World Information Technology UCITS ETF,TNOW,2012-05-28,79.22000122070312,,EUR
Amundi MSCI World Information Technology UCITS ETF,TNOW,2012-05-29,80.12000274658203,,EUR
Amundi MSCI World Information Technology UCITS ETF,TNOW,2012-05-30,79.88999938964844,,EUR
Amundi MSCI World Information Technology UCITS ETF,TNOW,2012-05-31,79.61000061035156,,EUR
Amundi MSCI World Information Technology UCITS ETF,TNOW,2012-06-01,77.95999908447266,,EUR
Amundi MSCI World Information Technology UCITS ETF,TNOW,2012-06-04,76.48999786376953,,EUR
Amundi MSCI World Information Technology UCITS ETF,TNOW,2012-06-05,77.73999786376953,,EUR
Amundi MSCI World Information Technology UCITS ETF,TNOW,2012-06-06,79.25,,EUR
Amundi MSCI World Information Technology UCITS ETF,TNOW,2012-06-07,79.3499984741211,,EUR
Amundi MSCI World Information Technology UCITS ETF,TNOW,2012-06-08,79.3499984741211,,EUR
Amundi MSCI World Information Technology UCITS ETF,TNOW,2012-06-11,79.3499984741211,,EUR
Amundi MSCI World Information Technology UCITS ETF,TNOW,2012-06-12,79.69000244140625,,EUR
Amundi MSCI World Information Technology UCITS ETF,TNOW,2012-06-13,79.30999755859375,,EUR
Amundi MSCI World Information Technology UCITS ETF,TNOW,2012-06-14,78.69999694824219,,EUR
Amundi MSCI World Information Technology UCITS ETF,TNOW,2012-06-15,79.19000244140625,,EUR
Amundi MSCI World Information Technology UCITS ETF,TNOW,2012-06-18,80.18000030517578,,EUR
Amundi MSCI World Information Technology UCITS ETF,TNOW,2012-06-19,80.55999755859375,,EUR
Amundi MSCI World Information Technology UCITS ETF,TNOW,2012-06-20,80.58999633789062,,EUR
Amundi MSCI World Information Technology UCITS ETF,TNOW,2012-06-21,80.52999877929688,,EUR
Amundi MSCI World Information Technology UCITS ETF,TNOW,2012-06-22,80.0,,EUR
Amundi MSCI World Information Technology UCITS ETF,TNOW,2012-06-25,79.05999755859375,,EUR
Amundi MSCI World Information Technology UCITS ETF,TNOW,2012-06-26,79.05000305175781,,EUR
Amundi MSCI World Information Technology UCITS ETF,TNOW,2012-06-27,79.98999786376953,,EUR
Amundi MSCI World Information Technology UCITS ETF,TNOW,2012-06-28,79.98999786376953,,EUR
Amundi MSCI World Information Technology UCITS ETF,TNOW,2012-06-29,79.87000274658203,,EUR
Amundi MSCI World Information Technology UCITS ETF,TNOW,2012-07-02,80.87000274658203,,EUR
Amundi MSCI World Information Technology UCITS ETF,TNOW,2012-07-03,81.55000305175781,,EUR
Amundi MSCI World Information Technology UCITS ETF,TNOW,2012-07-04,82.08999633789062,,EUR
Amundi MSCI World Information Technology UCITS ETF,TNOW,2012-07-05,83.30000305175781,,EUR
Amundi MSCI World Information Technology UCITS ETF,TNOW,2012-07-06,81.9800033569336,,EUR
Amundi MSCI World Information Technology UCITS ETF,TNOW,2012-07-09,81.58999633789062,,EUR
Amundi MSCI World Information Technology UCITS ETF,TNOW,2012-07-10,81.79000091552734,,EUR
Amundi MSCI World Information Technology UCITS ETF,TNOW,2012-07-11,81.0,,EUR
Amundi MSCI World Information Technology UCITS ETF,TNOW,2012-07-12,80.1500015258789,,EUR
Amundi MSCI World Information Technology UCITS ETF,TNOW,2012-07-13,80.91999816894531,,EUR
Amundi MSCI World Information Technology UCITS ETF,TNOW,2012-07-16,81.01000213623047,,EUR
Amundi MSCI World Information Technology UCITS ETF,TNOW,2012-07-17,80.58000183105469,,EUR
Amundi MSCI World Information Technology UCITS ETF,TNOW,2012-07-18,82.08000183105469,,EUR
Amundi MSCI World Information Technology UCITS ETF,TNOW,2012-07-19,83.41000366210938,,EUR
Amundi MSCI World Information Technology UCITS ETF,TNOW,2012-07-20,83.37999725341797,,EUR
Amundi MSCI World Information Technology UCITS ETF,TNOW,2012-07-23,83.37999725341797,,EUR
Amundi MSCI World Information Technology UCITS ETF,TNOW,2012-07-24,82.19000244140625,,EUR
Amundi MSCI World Information Technology UCITS ETF,TNOW,2012-07-25,80.97000122070312,,EUR
Amundi MSCI World Information Technology UCITS ETF,TNOW,2012-07-26,81.01000213623047,,EUR
Amundi MSCI World Information Technology UCITS ETF,TNOW,2012-07-27,81.62999725341797,,EUR
Amundi MSCI World Information Technology UCITS ETF,TNOW,2012-07-30,82.98999786376953,,EUR
Amundi MSCI World Information Technology UCITS ETF,TNOW,2012-07-31,83.26000213623047,,EUR
Amundi MSCI World Information Technology UCITS ETF,TNOW,2012-08-01,82.94999694824219,,EUR
Amundi MSCI World Information Technology UCITS ETF,TNOW,2012-08-02,83.19999694824219,,EUR
Amundi MSCI World Information Technology UCITS ETF,TNOW,2012-08-03,83.19999694824219,,EUR
Amundi MSCI World Information Technology UCITS ETF,TNOW,2012-08-06,84.02999877929688,,EUR
Amundi MSCI World Information Technology UCITS ETF,TNOW,2012-08-07,84.6500015258789,,EUR
Amundi MSCI World Information Technology UCITS ETF,TNOW,2012-08-08,85.01000213623047,,EUR
Amundi MSCI World Information Technology UCITS ETF,TNOW,2012-08-09,85.68000030517578,,EUR
Amundi MSCI World Information Technology UCITS ETF,TNOW,2012-08-10,85.48999786376953,,EUR
Amundi MSCI World Information Technology UCITS ETF,TNOW,2012-08-13,85.19999694824219,,EUR
Amundi MSCI World Information Technology UCITS ETF,TNOW,2012-08-14,86.0,,EUR
Amundi MSCI World Information Technology UCITS ETF,TNOW,2012-08-15,85.88999938964844,,EUR
Amundi MSCI World Information Technology UCITS ETF,TNOW,2012-08-16,86.36000061035156,,EUR
Amundi MSCI World Information Technology UCITS ETF,TNOW,2012-08-17,87.04000091552734,,EUR
Amundi MSCI World Information Technology UCITS ETF,TNOW,2012-08-20,87.2699966430664,,EUR
Amundi MSCI World Information Technology UCITS ETF,TNOW,2012-08-21,86.72000122070312,,EUR
Amundi MSCI World Information Technology UCITS ETF,TNOW,2012-08-22,85.88999938964844,,EUR
Amundi MSCI World Information Technology UCITS ETF,TNOW,2012-08-23,84.44999694824219,,EUR
Amundi MSCI World Information Technology UCITS ETF,TNOW,2012-08-24,85.47000122070312,,EUR
Amundi MSCI World Information Technology UCITS ETF,TNOW,2012-08-27,86.19000244140625,,EUR
Amundi MSCI World Information Technology UCITS ETF,TNOW,2012-08-28,85.23999786376953,,EUR
Amundi MSCI World Information Technology UCITS ETF,TNOW,2012-08-29,85.23999786376953,,EUR
Amundi MSCI World Information Technology UCITS ETF,TNOW,2012-08-30,84.94000244140625,,EUR
Amundi MSCI World Information Technology UCITS ETF,TNOW,2012-08-31,84.88999938964844,,EUR
Amundi MSCI World Information Technology UCITS ETF,TNOW,2012-09-03,84.83000183105469,,EUR
Amundi MSCI World Information Technology UCITS ETF,TNOW,2012-09-04,84.19999694824219,,EUR
Amundi MSCI World Information Technology UCITS ETF,TNOW,2012-09-05,84.47000122070312,,EUR
Amundi MSCI World Information Technology UCITS ETF,TNOW,2012-09-06,85.66000366210938,,EUR
Amundi MSCI World Information Technology UCITS ETF,TNOW,2012-09-07,85.02999877929688,,EUR
Amundi MSCI World Information Technology UCITS ETF,TNOW,2012-09-10,84.5999984741211,,EUR
Amundi MSCI World Information Technology UCITS ETF,TNOW,2012-09-11,84.0999984741211,,EUR
Amundi MSCI World Information Technology UCITS ETF,TNOW,2012-09-12,83.9800033569336,,EUR
Amundi MSCI World Information Technology UCITS ETF,TNOW,2012-09-13,84.25,,EUR
Amundi MSCI World Information Technology UCITS ETF,TNOW,2012-09-14,84.58000183105469,,EUR
Amundi MSCI World Information Technology UCITS ETF,TNOW,2012-09-17,84.45999908447266,,EUR
Amundi MSCI World Information Technology UCITS ETF,TNOW,2012-09-18,84.88999938964844,,EUR
Amundi MSCI World Information Technology UCITS ETF,TNOW,2012-09-19,85.0,,EUR
Amundi MSCI World Information Technology UCITS ETF,TNOW,2012-09-20,85.2699966430664,,EUR
Amundi MSCI World Information Technology UCITS ETF,TNOW,2012-09-21,85.47000122070312,,EUR
Amundi MSCI World Information Technology UCITS ETF,TNOW,2012-09-24,84.9000015258789,,EUR
Amundi MSCI World Information Technology UCITS ETF,TNOW,2012-09-25,84.9000015258789,,EUR
Amundi MSCI World Information Technology UCITS ETF,TNOW,2012-09-26,83.8499984741211,,EUR
Amundi MSCI World Information Technology UCITS ETF,TNOW,2012-09-27,83.98999786376953,,EUR
Amundi MSCI World Information Technology UCITS ETF,TNOW,2012-09-28,83.94999694824219,,EUR
Amundi MSCI World Information Technology UCITS ETF,TNOW,2012-10-01,84.31999969482422,,EUR
Amundi MSCI World Information Technology UCITS ETF,TNOW,2012-10-02,83.30999755859375,,EUR
Amundi MSCI World Information Technology UCITS ETF,TNOW,2012-10-03,84.04000091552734,,EUR
Amundi MSCI World Information Technology UCITS ETF,TNOW,2012-10-04,83.48999786376953,,EUR
Amundi MSCI World Information Technology UCITS ETF,TNOW,2012-10-05,83.48999786376953,,EUR
Amundi MSCI World Information Technology UCITS ETF,TNOW,2012-10-08,82.51000213623047,,EUR
Amundi MSCI World Information Technology UCITS ETF,TNOW,2012-10-09,81.7300033569336,,EUR
Amundi MSCI World Information Technology UCITS ETF,TNOW,2012-10-10,81.45999908447266,,EUR
Amundi MSCI World Information Technology UCITS ETF,TNOW,2012-10-11,81.2699966430664,,EUR
Amundi MSCI World Information Technology UCITS ETF,TNOW,2012-10-12,80.80000305175781,,EUR
Amundi MSCI World Information Technology UCITS ETF,TNOW,2012-10-15,81.16000366210938,,EUR
Amundi MSCI World Information Technology UCITS ETF,TNOW,2012-10-16,82.01000213623047,,EUR
Amundi MSCI World Information Technology UCITS ETF,TNOW,2012-10-17,81.31999969482422,,EUR
Amundi MSCI World Information Technology UCITS ETF,TNOW,2012-10-18,81.08000183105469,,EUR
Amundi MSCI World Information Technology UCITS ETF,TNOW,2012-10-19,79.73999786376953,,EUR
Amundi MSCI World Information Technology UCITS ETF,TNOW,2012-10-22,79.04000091552734,,EUR
Amundi MSCI World Information Technology UCITS ETF,TNOW,2012-10-23,79.20999908447266,,EUR
Amundi MSCI World Information Technology UCITS ETF,TNOW,2012-10-24,79.0199966430664,,EUR
Amundi MSCI World Information Technology UCITS ETF,TNOW,2012-10-25,78.91000366210938,,EUR
Amundi MSCI World Information Technology UCITS ETF,TNOW,2012-10-26,78.80999755859375,,EUR
Amundi MSCI World Information Technology UCITS ETF,TNOW,2012-10-29,78.76000213623047,,EUR
Amundi MSCI World Information Technology UCITS ETF,TNOW,2012-10-30,78.7699966430664,,EUR
Amundi MSCI World Information Technology UCITS ETF,TNOW,2012-10-31,78.52999877929688,,EUR
Amundi MSCI World Information Technology UCITS ETF,TNOW,2012-11-01,80.06999969482422,,EUR
Amundi MSCI World Information Technology UCITS ETF,TNOW,2012-11-02,80.47000122070312,,EUR
Amundi MSCI World Information Technology UCITS ETF,TNOW,2012-11-05,80.20999908447266,,EUR
Amundi MSCI World Information Technology UCITS ETF,TNOW,2012-11-06,80.66999816894531,,EUR
Amundi MSCI World Information Technology UCITS ETF,TNOW,2012-11-07,78.97000122070312,,EUR
Amundi MSCI World Information Technology UCITS ETF,TNOW,2012-11-08,78.91999816894531,,EUR
Amundi MSCI World Information Technology UCITS ETF,TNOW,2012-11-09,78.93000030517578,,EUR
Amundi MSCI World Information Technology UCITS ETF,TNOW,2012-11-12,78.08999633789062,,EUR
Amundi MSCI World Information Technology UCITS ETF,TNOW,2012-11-13,78.37999725341797,,EUR
Amundi MSCI World Information Technology UCITS ETF,TNOW,2012-11-14,77.75,,EUR
Amundi MSCI World Information Technology UCITS ETF,TNOW,2012-11-15,76.55000305175781,,EUR
Amundi MSCI World Information Technology UCITS ETF,TNOW,2012-11-16,76.31999969482422,,EUR
Amundi MSCI World Information Technology UCITS ETF,TNOW,2012-11-19,78.29000091552734,,EUR
Amundi MSCI World Information Technology UCITS ETF,TNOW,2012-11-20,78.48999786376953,,EUR
Amundi MSCI World Information Technology UCITS ETF,TNOW,2012-11-21,78.5999984741211,,EUR
Amundi MSCI World Information Technology UCITS ETF,TNOW,2012-11-22,78.58000183105469,,EUR
Amundi MSCI World Information Technology UCITS ETF,TNOW,2012-11-23,79.30999755859375,,EUR
Amundi MSCI World Information Technology UCITS ETF,TNOW,2012-11-26,79.0,,EUR
Amundi MSCI World Information Technology UCITS ETF,TNOW,2012-11-27,79.5999984741211,,EUR
Amundi MSCI World Information Technology UCITS ETF,TNOW,2012-11-28,79.30999755859375,,EUR
Amundi MSCI World Information Technology UCITS ETF,TNOW,2012-11-29,79.30999755859375,,EUR
Amundi MSCI World Information Technology UCITS ETF,TNOW,2012-11-30,79.58000183105469,,EUR
Amundi MSCI World Information Technology UCITS ETF,TNOW,2012-12-03,79.72000122070312,,EUR
Amundi MSCI World Information Technology UCITS ETF,TNOW,2012-12-04,78.95999908447266,,EUR
Amundi MSCI World Information Technology UCITS ETF,TNOW,2012-12-05,78.54000091552734,,EUR
Amundi MSCI World Information Technology UCITS ETF,TNOW,2012-12-06,79.62999725341797,,EUR
Amundi MSCI World Information Technology UCITS ETF,TNOW,2012-12-07,79.41000366210938,,EUR
Amundi MSCI World Information Technology UCITS ETF,TNOW,2012-12-10,79.95999908447266,,EUR
Amundi MSCI World Information Technology UCITS ETF,TNOW,2012-12-11,80.6500015258789,,EUR
Amundi MSCI World Information Technology UCITS ETF,TNOW,2012-12-12,80.6500015258789,,EUR
Amundi MSCI World Information Technology UCITS ETF,TNOW,2012-12-13,79.38999938964844,,EUR
Amundi MSCI World Information Technology UCITS ETF,TNOW,2012-12-14,78.36000061035156,,EUR
Amundi MSCI World Information Technology UCITS ETF,TNOW,2012-12-17,78.37999725341797,,EUR
Amundi MSCI World Information Technology UCITS ETF,TNOW,2012-12-18,79.33000183105469,,EUR
Amundi MSCI World Information Technology UCITS ETF,TNOW,2012-12-19,79.94000244140625,,EUR
Amundi MSCI World Information Technology UCITS ETF,TNOW,2012-12-20,79.94000244140625,,EUR
Amundi MSCI World Information Technology UCITS ETF,TNOW,2012-12-21,79.94000244140625,,EUR
Amundi MSCI World Information Technology UCITS ETF,TNOW,2012-12-27,78.0,,EUR
Amundi MSCI World Information Technology UCITS ETF,TNOW,2012-12-28,77.91000366210938,,EUR
Amundi MSCI World Information Technology UCITS ETF,TNOW,2013-01-02,77.91000366210938,,EUR
Amundi MSCI World Information Technology UCITS ETF,TNOW,2013-01-03,81.97000122070312,,EUR
Amundi MSCI World Information Technology UCITS ETF,TNOW,2013-01-04,81.27999877929688,,EUR
Amundi MSCI World Information Technology UCITS ETF,TNOW,2013-01-07,80.9000015258789,,EUR
Amundi MSCI World Information Technology UCITS ETF,TNOW,2013-01-08,80.25,,EUR
Amundi MSCI World Information Technology UCITS ETF,TNOW,2013-01-09,81.01000213623047,,EUR
Amundi MSCI World Information Technology UCITS ETF,TNOW,2013-01-10,80.08000183105469,,EUR
Amundi MSCI World Information Technology UCITS ETF,TNOW,2013-01-11,79.86000061035156,,EUR
Amundi MSCI World Information Technology UCITS ETF,TNOW,2013-01-14,79.52999877929688,,EUR
Amundi MSCI World Information Technology UCITS ETF,TNOW,2013-01-15,79.19000244140625,,EUR
Amundi MSCI World Information Technology UCITS ETF,TNOW,2013-01-16,79.79000091552734,,EUR
Amundi MSCI World Information Technology UCITS ETF,TNOW,2013-01-17,79.94000244140625,,EUR
Amundi MSCI World Information Technology UCITS ETF,TNOW,2013-01-18,79.83000183105469,,EUR
Amundi MSCI World Information Technology UCITS ETF,TNOW,2013-01-21,80.16000366210938,,EUR
Amundi MSCI World Information Technology UCITS ETF,TNOW,2013-01-22,79.73999786376953,,EUR
Amundi MSCI World Information Technology UCITS ETF,TNOW,2013-01-23,80.73999786376953,,EUR
Amundi MSCI World Information Technology UCITS ETF,TNOW,2013-01-24,79.79000091552734,,EUR
Amundi MSCI World Information Technology UCITS ETF,TNOW,2013-01-25,79.29000091552734,,EUR
Amundi MSCI World Information Technology UCITS ETF,TNOW,2013-01-28,79.23999786376953,,EUR
Amundi MSCI World Information Technology UCITS ETF,TNOW,2013-01-29,78.93000030517578,,EUR
Amundi MSCI World Information Technology UCITS ETF,TNOW,2013-01-30,78.70999908447266,,EUR
Amundi MSCI World Information Technology UCITS ETF,TNOW,2013-01-31,78.7300033569336,,EUR
Amundi MSCI World Information Technology UCITS ETF,TNOW,2013-02-01,78.08000183105469,,EUR
Amundi MSCI World Information Technology UCITS ETF,TNOW,2013-02-04,78.4800033569336,,EUR
Amundi MSCI World Information Technology UCITS ETF,TNOW,2013-02-05,78.55999755859375,,EUR
Amundi MSCI World Information Technology UCITS ETF,TNOW,2013-02-06,79.45999908447266,,EUR
Amundi MSCI World Information Technology UCITS ETF,TNOW,2013-02-07,79.12999725341797,,EUR
Amundi MSCI World Information Technology UCITS ETF,TNOW,2013-02-08,80.54000091552734,,EUR
Amundi MSCI World Information Technology UCITS ETF,TNOW,2013-02-11,80.41999816894531,,EUR
Amundi MSCI World Information Technology UCITS ETF,TNOW,2013-02-12,79.97000122070312,,EUR
Amundi MSCI World Information Technology UCITS ETF,TNOW,2013-02-13,79.81999969482422,,EUR
Amundi MSCI World Information Technology UCITS ETF,TNOW,2013-02-14,80.5199966430664,,EUR
Amundi MSCI World Information Technology UCITS ETF,TNOW,2013-02-15,80.5,,EUR
Amundi MSCI World Information Technology UCITS ETF,TNOW,2013-02-18,80.37999725341797,,EUR
Amundi MSCI World Information Technology UCITS ETF,TNOW,2013-02-19,80.4000015258789,,EUR
Amundi MSCI World Information Technology UCITS ETF,TNOW,2013-02-20,80.43000030517578,,EUR
Amundi MSCI World Information Technology UCITS ETF,TNOW,2013-02-21,79.8499984741211,,EUR
Amundi MSCI World Information Technology UCITS ETF,TNOW,2013-02-22,80.52999877929688,,EUR
Amundi MSCI World Information Technology UCITS ETF,TNOW,2013-02-25,80.95999908447266,,EUR
Amundi MSCI World Information Technology UCITS ETF,TNOW,2013-02-26,80.95999908447266,,EUR
Amundi MSCI World Information Technology UCITS ETF,TNOW,2013-02-27,81.16000366210938,,EUR
Amundi MSCI World Information Technology UCITS ETF,TNOW,2013-02-28,81.6500015258789,,EUR
Amundi MSCI World Information Technology UCITS ETF,TNOW,2013-03-01,81.91999816894531,,EUR
Amundi MSCI World Information Technology UCITS ETF,TNOW,2013-03-04,81.93000030517578,,EUR
Amundi MSCI World Information Technology UCITS ETF,TNOW,2013-03-05,83.2699966430664,,EUR
Amundi MSCI World Information Technology UCITS ETF,TNOW,2013-03-06,83.37000274658203,,EUR
Amundi MSCI World Information Technology UCITS ETF,TNOW,2013-03-07,83.12999725341797,,EUR
Amundi MSCI World Information Technology UCITS ETF,TNOW,2013-03-08,83.75,,EUR
Amundi MSCI World Information Technology UCITS ETF,TNOW,2013-03-11,83.61000061035156,,EUR
Amundi MSCI World Information Technology UCITS ETF,TNOW,2013-03-12,83.61000061035156,,EUR
Amundi MSCI World Information Technology UCITS ETF,TNOW,2013-03-13,83.9800033569336,,EUR
Amundi MSCI World Information Technology UCITS ETF,TNOW,2013-03-14,84.16999816894531,,EUR
Amundi MSCI World Information Technology UCITS ETF,TNOW,2013-03-15,83.69999694824219,,EUR
Amundi MSCI World Information Technology UCITS ETF,TNOW,2013-03-18,84.20999908447266,,EUR
Amundi MSCI World Information Technology UCITS ETF,TNOW,2013-03-19,84.16000366210938,,EUR
Amundi MSCI World Information Technology UCITS ETF,TNOW,2013-03-20,84.36000061035156,,EUR
Amundi MSCI World Information Technology UCITS ETF,TNOW,2013-03-21,84.18000030517578,,EUR
Amundi MSCI World Information Technology UCITS ETF,TNOW,2013-03-22,83.58999633789062,,EUR
Amundi MSCI World Information Technology UCITS ETF,TNOW,2013-03-25,84.16999816894531,,EUR
Amundi MSCI World Information Technology UCITS ETF,TNOW,2013-03-26,84.5999984741211,,EUR
Amundi MSCI World Information Technology UCITS ETF,TNOW,2013-03-27,84.94000244140625,,EUR
Amundi MSCI World Information Technology UCITS ETF,TNOW,2013-03-28,84.69000244140625,,EUR
Amundi MSCI World Information Technology UCITS ETF,TNOW,2013-04-02,84.44000244140625,,EUR
Amundi MSCI World Information Technology UCITS ETF,TNOW,2013-04-03,84.05999755859375,,EUR
Amundi MSCI World Information Technology UCITS ETF,TNOW,2013-04-04,83.31999969482422,,EUR
Amundi MSCI World Information Technology UCITS ETF,TNOW,2013-04-05,81.44999694824219,,EUR
Amundi MSCI World Information Technology UCITS ETF,TNOW,2013-04-08,81.63999938964844,,EUR
Amundi MSCI World Information Technology UCITS ETF,TNOW,2013-04-09,81.58000183105469,,EUR
Amundi MSCI World Information Technology UCITS ETF,TNOW,2013-04-10,83.66999816894531,,EUR
Amundi MSCI World Information Technology UCITS ETF,TNOW,2013-04-11,83.41000366210938,,EUR
Amundi MSCI World Information Technology UCITS ETF,TNOW,2013-04-12,82.66000366210938,,EUR
Amundi MSCI World Information Technology UCITS ETF,TNOW,2013-04-15,82.66999816894531,,EUR
Amundi MSCI World Information Technology UCITS ETF,TNOW,2013-04-16,82.08999633789062,,EUR
Amundi MSCI World Information Technology UCITS ETF,TNOW,2013-04-17,81.47000122070312,,EUR
Amundi MSCI World Information Technology UCITS ETF,TNOW,2013-04-18,81.47000122070312,,EUR
Amundi MSCI World Information Technology UCITS ETF,TNOW,2013-04-19,80.26000213623047,,EUR
Amundi MSCI World Information Technology UCITS ETF,TNOW,2013-04-22,80.41000366210938,,EUR
Amundi MSCI World Information Technology UCITS ETF,TNOW,2013-04-23,82.26000213623047,,EUR
Amundi MSCI World Information Technology UCITS ETF,TNOW,2013-04-24,82.58999633789062,,EUR
Amundi MSCI World Information Technology UCITS ETF,TNOW,2013-04-25,83.33000183105469,,EUR
Amundi MSCI World Information Technology UCITS ETF,TNOW,2013-04-26,82.5999984741211,,EUR
Amundi MSCI World Information Technology UCITS ETF,TNOW,2013-04-29,83.18000030517578,,EUR
Amundi MSCI World Information Technology UCITS ETF,TNOW,2013-04-30,83.5,,EUR
Amundi MSCI World Information Technology UCITS ETF,TNOW,2013-05-02,84.8499984741211,,EUR
Amundi MSCI World Information Technology UCITS ETF,TNOW,2013-05-03,85.55000305175781,,EUR
Amundi MSCI World Information Technology UCITS ETF,TNOW,2013-05-06,86.19999694824219,,EUR
Amundi MSCI World Information Technology UCITS ETF,TNOW,2013-05-07,85.88999938964844,,EUR
Amundi MSCI World Information Technology UCITS ETF,TNOW,2013-05-08,85.87999725341797,,EUR
Amundi MSCI World Information Technology UCITS ETF,TNOW,2013-05-09,86.37999725341797,,EUR
Amundi MSCI World Information Technology UCITS ETF,TNOW,2013-05-10,87.44999694824219,,EUR
Amundi MSCI World Information Technology UCITS ETF,TNOW,2013-05-13,87.33000183105469,,EUR
Amundi MSCI World Information Technology UCITS ETF,TNOW,2013-05-14,87.86000061035156,,EUR
Amundi MSCI World Information Technology UCITS ETF,TNOW,2013-05-15,88.66999816894531,,EUR
Amundi MSCI World Information Technology UCITS ETF,TNOW,2013-05-16,89.45999908447266,,EUR
Amundi MSCI World Information Technology UCITS ETF,TNOW,2013-05-17,89.72000122070312,,EUR
Amundi MSCI World Information Technology UCITS ETF,TNOW,2013-05-20,90.4800033569336,,EUR
Amundi MSCI World Information Technology UCITS ETF,TNOW,2013-05-21,89.73999786376953,,EUR
Amundi MSCI World Information Technology UCITS ETF,TNOW,2013-05-22,89.73999786376953,,EUR
Amundi MSCI World Information Technology UCITS ETF,TNOW,2013-05-23,88.5,,EUR
Amundi MSCI World Information Technology UCITS ETF,TNOW,2013-05-24,87.87999725341797,,EUR
Amundi MSCI World Information Technology UCITS ETF,TNOW,2013-05-27,87.9000015258789,,EUR
Amundi MSCI World Information Technology UCITS ETF,TNOW,2013-05-28,89.41999816894531,,EUR
Amundi MSCI World Information Technology UCITS ETF,TNOW,2013-05-29,87.76000213623047,,EUR
Amundi MSCI World Information Technology UCITS ETF,TNOW,2013-05-30,88.3499984741211,,EUR
Amundi MSCI World Information Technology UCITS ETF,TNOW,2013-05-31,88.87999725341797,,EUR
Amundi MSCI World Information Technology UCITS ETF,TNOW,2013-06-03,86.48999786376953,,EUR
Amundi MSCI World Information Technology UCITS ETF,TNOW,2013-06-04,86.48999786376953,,EUR
Amundi MSCI World Information Technology UCITS ETF,TNOW,2013-06-05,86.16999816894531,,EUR
Amundi MSCI World Information Technology UCITS ETF,TNOW,2013-06-06,85.20999908447266,,EUR
Amundi MSCI World Information Technology UCITS ETF,TNOW,2013-06-07,85.98999786376953,,EUR
Amundi MSCI World Information Technology UCITS ETF,TNOW,2013-06-10,86.54000091552734,,EUR
Amundi MSCI World Information Technology UCITS ETF,TNOW,2013-06-11,85.77999877929688,,EUR
Amundi MSCI World Information Technology UCITS ETF,TNOW,2013-06-12,84.83000183105469,,EUR
Amundi MSCI World Information Technology UCITS ETF,TNOW,2013-06-13,84.41000366210938,,EUR
Amundi MSCI World Information Technology UCITS ETF,TNOW,2013-06-14,84.5199966430664,,EUR
Amundi MSCI World Information Technology UCITS ETF,TNOW,2013-06-17,85.76000213623047,,EUR
Amundi MSCI World Information Technology UCITS ETF,TNOW,2013-06-18,86.05000305175781,,EUR
Amundi MSCI World Information Technology UCITS ETF,TNOW,2013-06-19,85.87000274658203,,EUR
Amundi MSCI World Information Technology UCITS ETF,TNOW,2013-06-20,84.93000030517578,,EUR
Amundi MSCI World Information Technology UCITS ETF,TNOW,2013-06-21,83.6500015258789,,EUR
Amundi MSCI World Information Technology UCITS ETF,TNOW,2013-06-24,82.62999725341797,,EUR
Amundi MSCI World Information Technology UCITS ETF,TNOW,2013-06-25,83.72000122070312,,EUR
Amundi MSCI World Information Technology UCITS ETF,TNOW,2013-06-26,84.81999969482422,,EUR
Amundi MSCI World Information Technology UCITS ETF,TNOW,2013-06-27,85.3499984741211,,EUR
Amundi MSCI World Information Technology UCITS ETF,TNOW,2013-06-28,84.91000366210938,,EUR
Amundi MSCI World Information Technology UCITS ETF,TNOW,2013-07-01,85.61000061035156,,EUR
Amundi MSCI World Information Technology UCITS ETF,TNOW,2013-07-02,85.83000183105469,,EUR
Amundi MSCI World Information Technology UCITS ETF,TNOW,2013-07-03,85.88999938964844,,EUR
Amundi MSCI World Information Technology UCITS ETF,TNOW,2013-07-04,85.88999938964844,,EUR
Amundi MSCI World Information Technology UCITS ETF,TNOW,2013-07-05,87.13999938964844,,EUR
Amundi MSCI World Information Technology UCITS ETF,TNOW,2013-07-08,87.37000274658203,,EUR
Amundi MSCI World Information Technology UCITS ETF,TNOW,2013-07-09,88.44999694824219,,EUR
Amundi MSCI World Information Technology UCITS ETF,TNOW,2013-07-10,88.1500015258789,,EUR
Amundi MSCI World Information Technology UCITS ETF,TNOW,2013-07-11,88.16000366210938,,EUR
Amundi MSCI World Information Technology UCITS ETF,TNOW,2013-07-12,88.4800033569336,,EUR
Amundi MSCI World Information Technology UCITS ETF,TNOW,2013-07-15,88.88999938964844,,EUR
Amundi MSCI World Information Technology UCITS ETF,TNOW,2013-07-16,88.3499984741211,,EUR
Amundi MSCI World Information Technology UCITS ETF,TNOW,2013-07-17,88.83999633789062,,EUR
Amundi MSCI World Information Technology UCITS ETF,TNOW,2013-07-18,89.05000305175781,,EUR
Amundi MSCI World Information Technology UCITS ETF,TNOW,2013-07-19,86.94999694824219,,EUR
Amundi MSCI World Information Technology UCITS ETF,TNOW,2013-07-22,86.69000244140625,,EUR
Amundi MSCI World Information Technology UCITS ETF,TNOW,2013-07-23,86.47000122070312,,EUR
Amundi MSCI World Information Technology UCITS ETF,TNOW,2013-07-24,87.12999725341797,,EUR
Amundi MSCI World Information Technology UCITS ETF,TNOW,2013-07-25,86.62000274658203,,EUR
Amundi MSCI World Information Technology UCITS ETF,TNOW,2013-07-26,86.26000213623047,,EUR
Amundi MSCI World Information Technology UCITS ETF,TNOW,2013-07-29,86.5,,EUR
Amundi MSCI World Information Technology UCITS ETF,TNOW,2013-07-30,87.36000061035156,,EUR
Amundi MSCI World Information Technology UCITS ETF,TNOW,2013-07-31,87.2699966430664,,EUR
Amundi MSCI World Information Technology UCITS ETF,TNOW,2013-08-01,88.20999908447266,,EUR
Amundi MSCI World Information Technology UCITS ETF,TNOW,2013-08-02,88.02999877929688,,EUR
Amundi MSCI World Information Technology UCITS ETF,TNOW,2013-08-05,88.75,,EUR
Amundi MSCI World Information Technology UCITS ETF,TNOW,2013-08-06,88.16999816894531,,EUR
Amundi MSCI World Information Technology UCITS ETF,TNOW,2013-08-07,87.41999816894531,,EUR
Amundi MSCI World Information Technology UCITS ETF,TNOW,2013-08-08,87.45999908447266,,EUR
Amundi MSCI World Information Technology UCITS ETF,TNOW,2013-08-09,87.44000244140625,,EUR
Amundi MSCI World Information Technology UCITS ETF,TNOW,2013-08-12,88.33999633789062,,EUR
Amundi MSCI World Information Technology UCITS ETF,TNOW,2013-08-13,88.87000274658203,,EUR
Amundi MSCI World Information Technology UCITS ETF,TNOW,2013-08-14,89.2699966430664,,EUR
Amundi MSCI World Information Technology UCITS ETF,TNOW,2013-08-15,87.95999908447266,,EUR
Amundi MSCI World Information Technology UCITS ETF,TNOW,2013-08-16,87.5999984741211,,EUR
Amundi MSCI World Information Technology UCITS ETF,TNOW,2013-08-19,87.72000122070312,,EUR
Amundi MSCI World Information Technology UCITS ETF,TNOW,2013-08-20,86.79000091552734,,EUR
Amundi MSCI World Information Technology UCITS ETF,TNOW,2013-08-21,87.0,,EUR
Amundi MSCI World Information Technology UCITS ETF,TNOW,2013-08-22,87.08000183105469,,EUR
Amundi MSCI World Information Technology UCITS ETF,TNOW,2013-08-23,87.56999969482422,,EUR
Amundi MSCI World Information Technology UCITS ETF,TNOW,2013-08-26,88.0199966430664,,EUR
Amundi MSCI World Information Technology UCITS ETF,TNOW,2013-08-27,86.56999969482422,,EUR
Amundi MSCI World Information Technology UCITS ETF,TNOW,2013-08-28,86.2300033569336,,EUR
Amundi MSCI World Information Technology UCITS ETF,TNOW,2013-08-29,87.62000274658203,,EUR
Amundi MSCI World Information Technology UCITS ETF,TNOW,2013-08-30,86.94999694824219,,EUR
Amundi MSCI World Information Technology UCITS ETF,TNOW,2013-09-02,87.88999938964844,,EUR
Amundi MSCI World Information Technology UCITS ETF,TNOW,2013-09-03,87.87000274658203,,EUR
Amundi MSCI World Information Technology UCITS ETF,TNOW,2013-09-04,88.12000274658203,,EUR
Amundi MSCI World Information Technology UCITS ETF,TNOW,2013-09-05,88.97000122070312,,EUR
Amundi MSCI World Information Technology UCITS ETF,TNOW,2013-09-06,88.94000244140625,,EUR
Amundi MSCI World Information Technology UCITS ETF,TNOW,2013-09-09,89.05999755859375,,EUR
Amundi MSCI World Information Technology UCITS ETF,TNOW,2013-09-10,90.0,,EUR
Amundi MSCI World Information Technology UCITS ETF,TNOW,2013-09-11,89.06999969482422,,EUR
Amundi MSCI World Information Technology UCITS ETF,TNOW,2013-09-12,89.06999969482422,,EUR
Amundi MSCI World Information Technology UCITS ETF,TNOW,2013-09-13,89.38999938964844,,EUR
Amundi MSCI World Information Technology UCITS ETF,TNOW,2013-09-16,89.3499984741211,,EUR
Amundi MSCI World Information Technology UCITS ETF,TNOW,2013-09-17,89.33000183105469,,EUR
Amundi MSCI World Information Technology UCITS ETF,TNOW,2013-09-18,89.33000183105469,,EUR
Amundi MSCI World Information Technology UCITS ETF,TNOW,2013-09-19,89.33000183105469,,EUR
Amundi MSCI World Information Technology UCITS ETF,TNOW,2013-09-20,89.33000183105469,,EUR
Amundi MSCI World Information Technology UCITS ETF,TNOW,2013-09-23,89.37000274658203,,EUR
Amundi MSCI World Information Technology UCITS ETF,TNOW,2013-09-24,89.52999877929688,,EUR
Amundi MSCI World Information Technology UCITS ETF,TNOW,2013-09-25,89.33999633789062,,EUR
Amundi MSCI World Information Technology UCITS ETF,TNOW,2013-09-26,89.91999816894531,,EUR
Amundi MSCI World Information Technology UCITS ETF,TNOW,2013-09-27,89.0999984741211,,EUR
Amundi MSCI World Information Technology UCITS ETF,TNOW,2013-09-30,88.55999755859375,,EUR
Amundi MSCI World Information Technology UCITS ETF,TNOW,2013-10-01,89.25,,EUR
Amundi MSCI World Information Technology UCITS ETF,TNOW,2013-10-02,88.63999938964844,,EUR
Amundi MSCI World Information Technology UCITS ETF,TNOW,2013-10-03,87.88999938964844,,EUR
Amundi MSCI World Information Technology UCITS ETF,TNOW,2013-10-04,88.0999984741211,,EUR
Amundi MSCI World Information Technology UCITS ETF,TNOW,2013-10-07,88.13999938964844,,EUR
Amundi MSCI World Information Technology UCITS ETF,TNOW,2013-10-08,86.66000366210938,,EUR
Amundi MSCI World Information Technology UCITS ETF,TNOW,2013-10-09,86.30000305175781,,EUR
Amundi MSCI World Information Technology UCITS ETF,TNOW,2013-10-10,88.16000366210938,,EUR
Amundi MSCI World Information Technology UCITS ETF,TNOW,2013-10-11,88.55000305175781,,EUR
Amundi MSCI World Information Technology UCITS ETF,TNOW,2013-10-14,88.55000305175781,,EUR
Amundi MSCI World Information Technology UCITS ETF,TNOW,2013-10-15,89.93000030517578,,EUR
Amundi MSCI World Information Technology UCITS ETF,TNOW,2013-10-16,90.0199966430664,,EUR
Amundi MSCI World Information Technology UCITS ETF,TNOW,2013-10-17,88.81999969482422,,EUR
Amundi MSCI World Information Technology UCITS ETF,TNOW,2013-10-18,89.87999725341797,,EUR
Amundi MSCI World Information Technology UCITS ETF,TNOW,2013-10-21,90.83000183105469,,EUR
Amundi MSCI World Information Technology UCITS ETF,TNOW,2013-10-22,89.83999633789062,,EUR
Amundi MSCI World Information Technology UCITS ETF,TNOW,2013-10-23,89.12999725341797,,EUR
Amundi MSCI World Information Technology UCITS ETF,TNOW,2013-10-24,89.62000274658203,,EUR
Amundi MSCI World Information Technology UCITS ETF,TNOW,2013-10-25,89.88999938964844,,EUR
Amundi MSCI World Information Technology UCITS ETF,TNOW,2013-10-28,89.94000244140625,,EUR
Amundi MSCI World Information Technology UCITS ETF,TNOW,2013-10-29,90.80000305175781,,EUR
Amundi MSCI World Information Technology UCITS ETF,TNOW,2013-10-30,90.80000305175781,,EUR
Amundi MSCI World Information Technology UCITS ETF,TNOW,2013-10-31,91.79000091552734,,EUR
Amundi MSCI World Information Technology UCITS ETF,TNOW,2013-11-01,91.93000030517578,,EUR
Amundi MSCI World Information Technology UCITS ETF,TNOW,2013-11-04,91.66999816894531,,EUR
Amundi MSCI World Information Technology UCITS ETF,TNOW,2013-11-05,92.0999984741211,,EUR
Amundi MSCI World Information Technology UCITS ETF,TNOW,2013-11-06,92.48999786376953,,EUR
Amundi MSCI World Information Technology UCITS ETF,TNOW,2013-11-07,92.8499984741211,,EUR
Amundi MSCI World Information Technology UCITS ETF,TNOW,2013-11-08,92.81999969482422,,EUR
Amundi MSCI World Information Technology UCITS ETF,TNOW,2013-11-11,93.08000183105469,,EUR
Amundi MSCI World Information Technology UCITS ETF,TNOW,2013-11-12,93.37999725341797,,EUR
Amundi MSCI World Information Technology UCITS ETF,TNOW,2013-11-13,93.4000015258789,,EUR
Amundi MSCI World Information Technology UCITS ETF,TNOW,2013-11-14,93.69999694824219,,EUR
Amundi MSCI World Information Technology UCITS ETF,TNOW,2013-11-15,93.9800033569336,,EUR
Amundi MSCI World Information Technology UCITS ETF,TNOW,2013-11-18,93.75,,EUR
Amundi MSCI World Information Technology UCITS ETF,TNOW,2013-11-19,93.04000091552734,,EUR
Amundi MSCI World Information Technology UCITS ETF,TNOW,2013-11-20,93.6500015258789,,EUR
Amundi MSCI World Information Technology UCITS ETF,TNOW,2013-11-21,93.6500015258789,,EUR
Amundi MSCI World Information Technology UCITS ETF,TNOW,2013-11-22,93.30999755859375,,EUR
Amundi MSCI World Information Technology UCITS ETF,TNOW,2013-11-25,93.51000213623047,,EUR
Amundi MSCI World Information Technology UCITS ETF,TNOW,2013-11-26,93.51000213623047,,EUR
Amundi MSCI World Information Technology UCITS ETF,TNOW,2013-11-27,93.8499984741211,,EUR
Amundi MSCI World Information Technology UCITS ETF,TNOW,2013-11-28,94.54000091552734,,EUR
Amundi MSCI World Information Technology UCITS ETF,TNOW,2013-11-29,94.5,,EUR
Amundi MSCI World Information Technology UCITS ETF,TNOW,2013-12-02,94.63999938964844,,EUR
Amundi MSCI World Information Technology UCITS ETF,TNOW,2013-12-03,94.08000183105469,,EUR
Amundi MSCI World Information Technology UCITS ETF,TNOW,2013-12-04,94.5,,EUR
Amundi MSCI World Information Technology UCITS ETF,TNOW,2013-12-05,93.5199966430664,,EUR
Amundi MSCI World Information Technology UCITS ETF,TNOW,2013-12-06,94.05999755859375,,EUR
Amundi MSCI World Information Technology UCITS ETF,TNOW,2013-12-09,94.30999755859375,,EUR
Amundi MSCI World Information Technology UCITS ETF,TNOW,2013-12-10,93.7300033569336,,EUR
Amundi MSCI World Information Technology UCITS ETF,TNOW,2013-12-11,93.38999938964844,,EUR
Amundi MSCI World Information Technology UCITS ETF,TNOW,2013-12-12,92.69000244140625,,EUR
Amundi MSCI World Information Technology UCITS ETF,TNOW,2013-12-13,92.58999633789062,,EUR
Amundi MSCI World Information Technology UCITS ETF,TNOW,2013-12-16,93.2699966430664,,EUR
Amundi MSCI World Information Technology UCITS ETF,TNOW,2013-12-17,93.08999633789062,,EUR
Amundi MSCI World Information Technology UCITS ETF,TNOW,2013-12-18,92.8499984741211,,EUR
Amundi MSCI World Information Technology UCITS ETF,TNOW,2013-12-19,94.77999877929688,,EUR
Amundi MSCI World Information Technology UCITS ETF,TNOW,2013-12-20,95.76000213623047,,EUR
Amundi MSCI World Information Technology UCITS ETF,TNOW,2013-12-23,96.54000091552734,,EUR
Amundi MSCI World Information Technology UCITS ETF,TNOW,2013-12-24,96.54000091552734,,EUR
Amundi MSCI World Information Technology UCITS ETF,TNOW,2013-12-27,96.76000213623047,,EUR
Amundi MSCI World Information Technology UCITS ETF,TNOW,2013-12-30,96.33000183105469,,EUR
Amundi MSCI World Information Technology UCITS ETF,TNOW,2013-12-31,96.33000183105469,,EUR
Amundi MSCI World Information Technology UCITS ETF,TNOW,2014-01-02,97.02999877929688,,EUR
Amundi MSCI World Information Technology UCITS ETF,TNOW,2014-01-03,97.13999938964844,,EUR
Amundi MSCI World Information Technology UCITS ETF,TNOW,2014-01-06,96.52999877929688,,EUR
Amundi MSCI World Information Technology UCITS ETF,TNOW,2014-01-07,97.44999694824219,,EUR
Amundi MSCI World Information Technology UCITS ETF,TNOW,2014-01-08,98.08000183105469,,EUR
Amundi MSCI World Information Technology UCITS ETF,TNOW,2014-01-09,97.37999725341797,,EUR
Amundi MSCI World Information Technology UCITS ETF,TNOW,2014-01-10,96.9000015258789,,EUR
Amundi MSCI World Information Technology UCITS ETF,TNOW,2014-01-13,97.68000030517578,,EUR
Amundi MSCI World Information Technology UCITS ETF,TNOW,2014-01-14,97.26000213623047,,EUR
Amundi MSCI World Information Technology UCITS ETF,TNOW,2014-01-15,99.2300033569336,,EUR
Amundi MSCI World Information Technology UCITS ETF,TNOW,2014-01-16,99.2300033569336,,EUR
Amundi MSCI World Information Technology UCITS ETF,TNOW,2014-01-17,99.22000122070312,,EUR
Amundi MSCI World Information Technology UCITS ETF,TNOW,2014-01-20,99.0,,EUR
Amundi MSCI World Information Technology UCITS ETF,TNOW,2014-01-21,99.0999984741211,,EUR
Amundi MSCI World Information Technology UCITS ETF,TNOW,2014-01-22,99.37000274658203,,EUR
Amundi MSCI World Information Technology UCITS ETF,TNOW,2014-01-23,97.69999694824219,,EUR
Amundi MSCI World Information Technology UCITS ETF,TNOW,2014-01-24,96.56999969482422,,EUR
Amundi MSCI World Information Technology UCITS ETF,TNOW,2014-01-27,95.41999816894531,,EUR
Amundi MSCI World Information Technology UCITS ETF,TNOW,2014-01-28,94.43000030517578,,EUR
Amundi MSCI World Information Technology UCITS ETF,TNOW,2014-01-29,94.55999755859375,,EUR
Amundi MSCI World Information Technology UCITS ETF,TNOW,2014-01-30,95.87999725341797,,EUR
Amundi MSCI World Information Technology UCITS ETF,TNOW,2014-01-31,96.12000274658203,,EUR
Amundi MSCI World Information Technology UCITS ETF,TNOW,2014-02-03,95.08999633789062,,EUR
Amundi MSCI World Information Technology UCITS ETF,TNOW,2014-02-04,94.68000030517578,,EUR
Amundi MSCI World Information Technology UCITS ETF,TNOW,2014-02-05,94.27999877929688,,EUR
Amundi MSCI World Information Technology UCITS ETF,TNOW,2014-02-06,95.16000366210938,,EUR
Amundi MSCI World Information Technology UCITS ETF,TNOW,2014-02-07,95.95999908447266,,EUR
Amundi MSCI World Information Technology UCITS ETF,TNOW,2014-02-10,96.55000305175781,,EUR
Amundi MSCI World Information Technology UCITS ETF,TNOW,2014-02-11,97.19999694824219,,EUR
Amundi MSCI World Information Technology UCITS ETF,TNOW,2014-02-12,98.3499984741211,,EUR
Amundi MSCI World Information Technology UCITS ETF,TNOW,2014-02-13,98.16000366210938,,EUR
Amundi MSCI World Information Technology UCITS ETF,TNOW,2014-02-14,98.52999877929688,,EUR
Amundi MSCI World Information Technology UCITS ETF,TNOW,2014-02-17,98.8499984741211,,EUR
Amundi MSCI World Information Technology UCITS ETF,TNOW,2014-02-18,98.70999908447266,,EUR
Amundi MSCI World Information Technology UCITS ETF,TNOW,2014-02-19,98.69000244140625,,EUR
Amundi MSCI World Information Technology UCITS ETF,TNOW,2014-02-20,98.13999938964844,,EUR
Amundi MSCI World Information Technology UCITS ETF,TNOW,2014-02-21,98.69000244140625,,EUR
Amundi MSCI World Information Technology UCITS ETF,TNOW,2014-02-24,99.05000305175781,,EUR
Amundi MSCI World Information Technology UCITS ETF,TNOW,2014-02-25,98.80999755859375,,EUR
Amundi MSCI World Information Technology UCITS ETF,TNOW,2014-02-26,99.55000305175781,,EUR
Amundi MSCI World Information Technology UCITS ETF,TNOW,2014-02-27,99.18000030517578,,EUR
Amundi MSCI World Information Technology UCITS ETF,TNOW,2014-02-28,99.1500015258789,,EUR
Amundi MSCI World Information Technology UCITS ETF,TNOW,2014-03-03,99.1500015258789,,EUR
Amundi MSCI World Information Technology UCITS ETF,TNOW,2014-03-04,99.61000061035156,,EUR
Amundi MSCI World Information Technology UCITS ETF,TNOW,2014-03-05,100.0999984741211,,EUR
Amundi MSCI World Information Technology UCITS ETF,TNOW,2014-03-06,99.31999969482422,,EUR
Amundi MSCI World Information Technology UCITS ETF,TNOW,2014-03-07,98.5199966430664,,EUR
Amundi MSCI World Information Technology UCITS ETF,TNOW,2014-03-10,98.44999694824219,,EUR
Amundi MSCI World Information Technology UCITS ETF,TNOW,2014-03-11,98.5199966430664,,EUR
Amundi MSCI World Information Technology UCITS ETF,TNOW,2014-03-12,98.5199966430664,,EUR
Amundi MSCI World Information Technology UCITS ETF,TNOW,2014-03-13,98.0999984741211,,EUR
Amundi MSCI World Information Technology UCITS ETF,TNOW,2014-03-14,96.94999694824219,,EUR
Amundi MSCI World Information Technology UCITS ETF,TNOW,2014-03-17,96.9800033569336,,EUR
Amundi MSCI World Information Technology UCITS ETF,TNOW,2014-03-18,97.93000030517578,,EUR
Amundi MSCI World Information Technology UCITS ETF,TNOW,2014-03-19,98.05000305175781,,EUR
Amundi MSCI World Information Technology UCITS ETF,TNOW,2014-03-20,99.02999877929688,,EUR
Amundi MSCI World Information Technology UCITS ETF,TNOW,2014-03-21,99.02999877929688,,EUR
Amundi MSCI World Information Technology UCITS ETF,TNOW,2014-03-24,97.48999786376953,,EUR
Amundi MSCI World Information Technology UCITS ETF,TNOW,2014-03-25,98.37000274658203,,EUR
Amundi MSCI World Information Technology UCITS ETF,TNOW,2014-03-26,98.87999725341797,,EUR
Amundi MSCI World Information Technology UCITS ETF,TNOW,2014-03-27,98.87999725341797,,EUR
Amundi MSCI World Information Technology UCITS ETF,TNOW,2014-03-28,97.7699966430664,,EUR
Amundi MSCI World Information Technology UCITS ETF,TNOW,2014-03-31,98.70999908447266,,EUR
Amundi MSCI World Information Technology UCITS ETF,TNOW,2014-04-01,99.36000061035156,,EUR
Amundi MSCI World Information Technology UCITS ETF,TNOW,2014-04-02,99.8499984741211,,EUR
Amundi MSCI World Information Technology UCITS ETF,TNOW,2014-04-03,99.8499984741211,,EUR
Amundi MSCI World Information Technology UCITS ETF,TNOW,2014-04-04,98.9800033569336,,EUR
Amundi MSCI World Information Technology UCITS ETF,TNOW,2014-04-07,97.25,,EUR
Amundi MSCI World Information Technology UCITS ETF,TNOW,2014-04-08,96.93000030517578,,EUR
Amundi MSCI World Information Technology UCITS ETF,TNOW,2014-04-09,97.25,,EUR
Amundi MSCI World Information Technology UCITS ETF,TNOW,2014-04-10,96.55999755859375,,EUR
Amundi MSCI World Information Technology UCITS ETF,TNOW,2014-04-11,95.18000030517578,,EUR
Amundi MSCI World Information Technology UCITS ETF,TNOW,2014-04-14,95.7699966430664,,EUR
Amundi MSCI World Information Technology UCITS ETF,TNOW,2014-04-15,95.2300033569336,,EUR
Amundi MSCI World Information Technology UCITS ETF,TNOW,2014-04-16,96.30000305175781,,EUR
Amundi MSCI World Information Technology UCITS ETF,TNOW,2014-04-17,96.58999633789062,,EUR
Amundi MSCI World Information Technology UCITS ETF,TNOW,2014-04-22,97.80000305175781,,EUR
Amundi MSCI World Information Technology UCITS ETF,TNOW,2014-04-23,96.9800033569336,,EUR
Amundi MSCI World Information Technology UCITS ETF,TNOW,2014-04-24,97.41000366210938,,EUR
Amundi MSCI World Information Technology UCITS ETF,TNOW,2014-04-25,96.3499984741211,,EUR
Amundi MSCI World Information Technology UCITS ETF,TNOW,2014-04-28,96.16000366210938,,EUR
Amundi MSCI World Information Technology UCITS ETF,TNOW,2014-04-29,97.44000244140625,,EUR
Amundi MSCI World Information Technology UCITS ETF,TNOW,2014-04-30,97.29000091552734,,EUR
Amundi MSCI World Information Technology UCITS ETF,TNOW,2014-05-01,97.29000091552734,,EUR
Amundi MSCI World Information Technology UCITS ETF,TNOW,2014-05-02,97.62000274658203,,EUR
Amundi MSCI World Information Technology UCITS ETF,TNOW,2014-05-05,97.30000305175781,,EUR
Amundi MSCI World Information Technology UCITS ETF,TNOW,2014-05-06,97.30000305175781,,EUR
Amundi MSCI World Information Technology UCITS ETF,TNOW,2014-05-07,95.58000183105469,,EUR
Amundi MSCI World Information Technology UCITS ETF,TNOW,2014-05-08,97.2300033569336,,EUR
Amundi MSCI World Information Technology UCITS ETF,TNOW,2014-05-09,96.80999755859375,,EUR
Amundi MSCI World Information Technology UCITS ETF,TNOW,2014-05-12,98.45999908447266,,EUR
Amundi MSCI World Information Technology UCITS ETF,TNOW,2014-05-13,98.45999908447266,,EUR
Amundi MSCI World Information Technology UCITS ETF,TNOW,2014-05-14,98.87000274658203,,EUR
Amundi MSCI World Information Technology UCITS ETF,TNOW,2014-05-15,98.87000274658203,,EUR
Amundi MSCI World Information Technology UCITS ETF,TNOW,2014-05-16,97.83000183105469,,EUR
Amundi MSCI World Information Technology UCITS ETF,TNOW,2014-05-19,98.86000061035156,,EUR
Amundi MSCI World Information Technology UCITS ETF,TNOW,2014-05-20,99.1500015258789,,EUR
Amundi MSCI World Information Technology UCITS ETF,TNOW,2014-05-21,99.41000366210938,,EUR
Amundi MSCI World Information Technology UCITS ETF,TNOW,2014-05-22,100.19999694824219,,EUR
Amundi MSCI World Information Technology UCITS ETF,TNOW,2014-05-23,100.70999908447266,,EUR
Amundi MSCI World Information Technology UCITS ETF,TNOW,2014-05-26,101.4000015258789,,EUR
Amundi MSCI World Information Technology UCITS ETF,TNOW,2014-05-27,101.9000015258789,,EUR
Amundi MSCI World Information Technology UCITS ETF,TNOW,2014-05-28,102.33999633789062,,EUR
Amundi MSCI World Information Technology UCITS ETF,TNOW,2014-05-29,102.33999633789062,,EUR
Amundi MSCI World Information Technology UCITS ETF,TNOW,2014-05-30,102.58999633789062,,EUR
Amundi MSCI World Information Technology UCITS ETF,TNOW,2014-06-02,102.73999786376953,,EUR
Amundi MSCI World Information Technology UCITS ETF,TNOW,2014-06-03,102.36000061035156,,EUR
Amundi MSCI World Information Technology UCITS ETF,TNOW,2014-06-04,102.79000091552734,,EUR
Amundi MSCI World Information Technology UCITS ETF,TNOW,2014-06-05,103.16999816894531,,EUR
Amundi MSCI World Information Technology UCITS ETF,TNOW,2014-06-06,103.87000274658203,,EUR
Amundi MSCI World Information Technology UCITS ETF,TNOW,2014-06-09,104.44999694824219,,EUR
Amundi MSCI World Information Technology UCITS ETF,TNOW,2014-06-10,104.83000183105469,,EUR
Amundi MSCI World Information Technology UCITS ETF,TNOW,2014-06-11,104.81999969482422,,EUR
Amundi MSCI World Information Technology UCITS ETF,TNOW,2014-06-12,104.44000244140625,,EUR
Amundi MSCI World Information Technology UCITS ETF,TNOW,2014-06-13,104.62000274658203,,EUR
Amundi MSCI World Information Technology UCITS ETF,TNOW,2014-06-16,104.0199966430664,,EUR
Amundi MSCI World Information Technology UCITS ETF,TNOW,2014-06-17,104.6500015258789,,EUR
Amundi MSCI World Information Technology UCITS ETF,TNOW,2014-06-18,104.6500015258789,,EUR
Amundi MSCI World Information Technology UCITS ETF,TNOW,2014-06-19,104.70999908447266,,EUR
Amundi MSCI World Information Technology UCITS ETF,TNOW,2014-06-20,104.8499984741211,,EUR
Amundi MSCI World Information Technology UCITS ETF,TNOW,2014-06-23,104.80000305175781,,EUR
Amundi MSCI World Information Technology UCITS ETF,TNOW,2014-06-24,105.52999877929688,,EUR
Amundi MSCI World Information Technology UCITS ETF,TNOW,2014-06-25,104.30000305175781,,EUR
Amundi MSCI World Information Technology UCITS ETF,TNOW,2014-06-26,104.3499984741211,,EUR
Amundi MSCI World Information Technology UCITS ETF,TNOW,2014-06-27,104.55999755859375,,EUR
Amundi MSCI World Information Technology UCITS ETF,TNOW,2014-06-30,104.80999755859375,,EUR
Amundi MSCI World Information Technology UCITS ETF,TNOW,2014-07-01,105.91999816894531,,EUR
Amundi MSCI World Information Technology UCITS ETF,TNOW,2014-07-02,106.16000366210938,,EUR
Amundi MSCI World Information Technology UCITS ETF,TNOW,2014-07-03,106.81999969482422,,EUR
Amundi MSCI World Information Technology UCITS ETF,TNOW,2014-07-04,107.16999816894531,,EUR
Amundi MSCI World Information Technology UCITS ETF,TNOW,2014-07-07,106.75,,EUR
Amundi MSCI World Information Technology UCITS ETF,TNOW,2014-07-08,105.38999938964844,,EUR
Amundi MSCI World Information Technology UCITS ETF,TNOW,2014-07-09,105.88999938964844,,EUR
Amundi MSCI World Information Technology UCITS ETF,TNOW,2014-07-10,105.55000305175781,,EUR
Amundi MSCI World Information Technology UCITS ETF,TNOW,2014-07-11,106.02999877929688,,EUR
Amundi MSCI World Information Technology UCITS ETF,TNOW,2014-07-14,106.93000030517578,,EUR
Amundi MSCI World Information Technology UCITS ETF,TNOW,2014-07-15,106.8499984741211,,EUR
Amundi MSCI World Information Technology UCITS ETF,TNOW,2014-07-16,108.08999633789062,,EUR
Amundi MSCI World Information Technology UCITS ETF,TNOW,2014-07-17,108.30000305175781,,EUR
Amundi MSCI World Information Technology UCITS ETF,TNOW,2014-07-18,107.94999694824219,,EUR
Amundi MSCI World Information Technology UCITS ETF,TNOW,2014-07-21,108.06999969482422,,EUR
Amundi MSCI World Information Technology UCITS ETF,TNOW,2014-07-22,109.6500015258789,,EUR
Amundi MSCI World Information Technology UCITS ETF,TNOW,2014-07-23,110.0999984741211,,EUR
Amundi MSCI World Information Technology UCITS ETF,TNOW,2014-07-24,110.25,,EUR
Amundi MSCI World Information Technology UCITS ETF,TNOW,2014-07-25,109.79000091552734,,EUR
Amundi MSCI World Information Technology UCITS ETF,TNOW,2014-07-28,109.88999938964844,,EUR
Amundi MSCI World Information Technology UCITS ETF,TNOW,2014-07-29,109.77999877929688,,EUR
Amundi MSCI World Information Technology UCITS ETF,TNOW,2014-07-30,110.27999877929688,,EUR
Amundi MSCI World Information Technology UCITS ETF,TNOW,2014-07-31,108.80000305175781,,EUR
Amundi MSCI World Information Technology UCITS ETF,TNOW,2014-08-01,107.48999786376953,,EUR
Amundi MSCI World Information Technology UCITS ETF,TNOW,2014-08-04,107.80999755859375,,EUR
Amundi MSCI World Information Technology UCITS ETF,TNOW,2014-08-05,108.11000061035156,,EUR
Amundi MSCI World Information Technology UCITS ETF,TNOW,2014-08-06,107.81999969482422,,EUR
Amundi MSCI World Information Technology UCITS ETF,TNOW,2014-08-07,107.7300033569336,,EUR
Amundi MSCI World Information Technology UCITS ETF,TNOW,2014-08-08,106.70999908447266,,EUR
Amundi MSCI World Information Technology UCITS ETF,TNOW,2014-08-11,108.4800033569336,,EUR
Amundi MSCI World Information Technology UCITS ETF,TNOW,2014-08-12,107.95999908447266,,EUR
Amundi MSCI World Information Technology UCITS ETF,TNOW,2014-08-13,109.19999694824219,,EUR
Amundi MSCI World Information Technology UCITS ETF,TNOW,2014-08-14,109.18000030517578,,EUR
Amundi MSCI World Information Technology UCITS ETF,TNOW,2014-08-15,108.77999877929688,,EUR
Amundi MSCI World Information Technology UCITS ETF,TNOW,2014-08-18,110.55999755859375,,EUR
Amundi MSCI World Information Technology UCITS ETF,TNOW,2014-08-19,111.41999816894531,,EUR
Amundi MSCI World Information Technology UCITS ETF,TNOW,2014-08-20,111.83999633789062,,EUR
Amundi MSCI World Information Technology UCITS ETF,TNOW,2014-08-21,112.44000244140625,,EUR
Amundi MSCI World Information Technology UCITS ETF,TNOW,2014-08-22,113.02999877929688,,EUR
Amundi MSCI World Information Technology UCITS ETF,TNOW,2014-08-25,114.1500015258789,,EUR
Amundi MSCI World Information Technology UCITS ETF,TNOW,2014-08-26,113.45999908447266,,EUR
Amundi MSCI World Information Technology UCITS ETF,TNOW,2014-08-27,113.30999755859375,,EUR
Amundi MSCI World Information Technology UCITS ETF,TNOW,2014-08-28,113.25,,EUR
Amundi MSCI World Information Technology UCITS ETF,TNOW,2014-08-29,113.86000061035156,,EUR
Amundi MSCI World Information Technology UCITS ETF,TNOW,2014-09-01,114.06999969482422,,EUR
Amundi MSCI World Information Technology UCITS ETF,TNOW,2014-09-02,114.44999694824219,,EUR
Amundi MSCI World Information Technology UCITS ETF,TNOW,2014-09-03,114.0,,EUR
Amundi MSCI World Information Technology UCITS ETF,TNOW,2014-09-04,115.66999816894531,,EUR
Amundi MSCI World Information Technology UCITS ETF,TNOW,2014-09-05,115.43000030517578,,EUR
Amundi MSCI World Information Technology UCITS ETF,TNOW,2014-09-08,116.22000122070312,,EUR
Amundi MSCI World Information Technology UCITS ETF,TNOW,2014-09-09,116.06999969482422,,EUR
Amundi MSCI World Information Technology UCITS ETF,TNOW,2014-09-10,115.94000244140625,,EUR
Amundi MSCI World Information Technology UCITS ETF,TNOW,2014-09-11,115.91999816894531,,EUR
Amundi MSCI World Information Technology UCITS ETF,TNOW,2014-09-12,115.98999786376953,,EUR
Amundi MSCI World Information Technology UCITS ETF,TNOW,2014-09-15,115.06999969482422,,EUR
Amundi MSCI World Information Technology UCITS ETF,TNOW,2014-09-16,114.87999725341797,,EUR
Amundi MSCI World Information Technology UCITS ETF,TNOW,2014-09-17,115.5199966430664,,EUR
Amundi MSCI World Information Technology UCITS ETF,TNOW,2014-09-18,116.88999938964844,,EUR
Amundi MSCI World Information Technology UCITS ETF,TNOW,2014-09-19,117.13999938964844,,EUR
Amundi MSCI World Information Technology UCITS ETF,TNOW,2014-09-22,116.5999984741211,,EUR
Amundi MSCI World Information Technology UCITS ETF,TNOW,2014-09-23,115.94999694824219,,EUR
Amundi MSCI World Information Technology UCITS ETF,TNOW,2014-09-24,116.91000366210938,,EUR
Amundi MSCI World Information Technology UCITS ETF,TNOW,2014-09-25,115.76000213623047,,EUR
Amundi MSCI World Information Technology UCITS ETF,TNOW,2014-09-26,116.11000061035156,,EUR
Amundi MSCI World Information Technology UCITS ETF,TNOW,2014-09-29,116.66999816894531,,EUR
Amundi MSCI World Information Technology UCITS ETF,TNOW,2014-09-30,117.98999786376953,,EUR
Amundi MSCI World Information Technology UCITS ETF,TNOW,2014-10-01,116.44000244140625,,EUR
Amundi MSCI World Information Technology UCITS ETF,TNOW,2014-10-02,114.3499984741211,,EUR
Amundi MSCI World Information Technology UCITS ETF,TNOW,2014-10-03,117.26000213623047,,EUR
Amundi MSCI World Information Technology UCITS ETF,TNOW,2014-10-06,117.0199966430664,,EUR
Amundi MSCI World Information Technology UCITS ETF,TNOW,2014-10-07,115.37000274658203,,EUR
Amundi MSCI World Information Technology UCITS ETF,TNOW,2014-10-08,113.9000015258789,,EUR
Amundi MSCI World Information Technology UCITS ETF,TNOW,2014-10-09,115.37000274658203,,EUR
Amundi MSCI World Information Technology UCITS ETF,TNOW,2014-10-10,112.16000366210938,,EUR
Amundi MSCI World Information Technology UCITS ETF,TNOW,2014-10-13,110.91000366210938,,EUR
Amundi MSCI World Information Technology UCITS ETF,TNOW,2014-10-14,110.62999725341797,,EUR
Amundi MSCI World Information Technology UCITS ETF,TNOW,2014-10-15,107.9000015258789,,EUR
Amundi MSCI World Information Technology UCITS ETF,TNOW,2014-10-16,107.22000122070312,,EUR
Amundi MSCI World Information Technology UCITS ETF,TNOW,2014-10-17,109.69999694824219,,EUR
Amundi MSCI World Information Technology UCITS ETF,TNOW,2014-10-20,109.04000091552734,,EUR
Amundi MSCI World Information Technology UCITS ETF,TNOW,2014-10-21,111.58000183105469,,EUR
Amundi MSCI World Information Technology UCITS ETF,TNOW,2014-10-22,113.37999725341797,,EUR
Amundi MSCI World Information Technology UCITS ETF,TNOW,2014-10-23,113.91999816894531,,EUR
Amundi MSCI World Information Technology UCITS ETF,TNOW,2014-10-24,114.0,,EUR
Amundi MSCI World Information Technology UCITS ETF,TNOW,2014-10-27,114.04000091552734,,EUR
Amundi MSCI World Information Technology UCITS ETF,TNOW,2014-10-28,114.55000305175781,,EUR
Amundi MSCI World Information Technology UCITS ETF,TNOW,2014-10-29,115.0,,EUR
Amundi MSCI World Information Technology UCITS ETF,TNOW,2014-10-30,116.30999755859375,,EUR
Amundi MSCI World Information Technology UCITS ETF,TNOW,2014-10-31,119.51000213623047,,EUR
Amundi MSCI World Information Technology UCITS ETF,TNOW,2014-11-03,120.63999938964844,,EUR
Amundi MSCI World Information Technology UCITS ETF,TNOW,2014-11-04,119.54000091552734,,EUR
Amundi MSCI World Information Technology UCITS ETF,TNOW,2014-11-05,120.73999786376953,,EUR
Amundi MSCI World Information Technology UCITS ETF,TNOW,2014-11-06,121.13999938964844,,EUR
Amundi MSCI World Information Technology UCITS ETF,TNOW,2014-11-07,121.20999908447266,,EUR
Amundi MSCI World Information Technology UCITS ETF,TNOW,2014-11-10,121.66000366210938,,EUR
Amundi MSCI World Information Technology UCITS ETF,TNOW,2014-11-11,121.5,,EUR
Amundi MSCI World Information Technology UCITS ETF,TNOW,2014-11-12,121.36000061035156,,EUR
Amundi MSCI World Information Technology UCITS ETF,TNOW,2014-11-13,122.29000091552734,,EUR
Amundi MSCI World Information Technology UCITS ETF,TNOW,2014-11-14,122.66000366210938,,EUR
Amundi MSCI World Information Technology UCITS ETF,TNOW,2014-11-17,122.3499984741211,,EUR
Amundi MSCI World Information Technology UCITS ETF,TNOW,2014-11-18,122.5199966430664,,EUR
Amundi MSCI World Information Technology UCITS ETF,TNOW,2014-11-19,121.58000183105469,,EUR
Amundi MSCI World Information Technology UCITS ETF,TNOW,2014-11-20,122.63999938964844,,EUR
Amundi MSCI World Information Technology UCITS ETF,TNOW,2014-11-21,124.62000274658203,,EUR
Amundi MSCI World Information Technology UCITS ETF,TNOW,2014-11-24,124.73999786376953,,EUR
Amundi MSCI World Information Technology UCITS ETF,TNOW,2014-11-25,125.19000244140625,,EUR
Amundi MSCI World Information Technology UCITS ETF,TNOW,2014-11-26,124.87999725341797,,EUR
Amundi MSCI World Information Technology UCITS ETF,TNOW,2014-11-27,125.66999816894531,,EUR
Amundi MSCI World Information Technology UCITS ETF,TNOW,2014-11-28,126.4000015258789,,EUR
Amundi MSCI World Information Technology UCITS ETF,TNOW,2014-12-01,124.86000061035156,,EUR
Amundi MSCI World Information Technology UCITS ETF,TNOW,2014-12-02,125.69999694824219,,EUR
Amundi MSCI World Information Technology UCITS ETF,TNOW,2014-12-03,127.01000213623047,,EUR
Amundi MSCI World Information Technology UCITS ETF,TNOW,2014-12-04,125.68000030517578,,EUR
Amundi MSCI World Information Technology UCITS ETF,TNOW,2014-12-05,127.51000213623047,,EUR
Amundi MSCI World Information Technology UCITS ETF,TNOW,2014-12-08,127.0999984741211,,EUR
Amundi MSCI World Information Technology UCITS ETF,TNOW,2014-12-09,123.9800033569336,,EUR
Amundi MSCI World Information Technology UCITS ETF,TNOW,2014-12-10,124.38999938964844,,EUR
Amundi MSCI World Information Technology UCITS ETF,TNOW,2014-12-11,125.08999633789062,,EUR
Amundi MSCI World Information Technology UCITS ETF,TNOW,2014-12-12,122.25,,EUR
Amundi MSCI World Information Technology UCITS ETF,TNOW,2014-12-15,120.76000213623047,,EUR
Amundi MSCI World Information Technology UCITS ETF,TNOW,2014-12-16,121.2699966430664,,EUR
Amundi MSCI World Information Technology UCITS ETF,TNOW,2014-12-17,120.22000122070312,,EUR
Amundi MSCI World Information Technology UCITS ETF,TNOW,2014-12-18,125.4000015258789,,EUR
Amundi MSCI World Information Technology UCITS ETF,TNOW,2014-12-19,127.20999908447266,,EUR
Amundi MSCI World Information Technology UCITS ETF,TNOW,2014-12-22,128.08999633789062,,EUR
Amundi MSCI World Information Technology UCITS ETF,TNOW,2014-12-23,129.75999450683594,,EUR
Amundi MSCI World Information Technology UCITS ETF,TNOW,2014-12-24,129.75999450683594,,EUR
Amundi MSCI World Information Technology UCITS ETF,TNOW,2014-12-29,129.57000732421875,,EUR
Amundi MSCI World Information Technology UCITS ETF,TNOW,2014-12-30,128.57000732421875,,EUR
Amundi MSCI World Information Technology UCITS ETF,TNOW,2014-12-31,128.57000732421875,,EUR
Amundi MSCI World Information Technology UCITS ETF,TNOW,2015-01-02,128.57000732421875,,EUR
Amundi MSCI World Information Technology UCITS ETF,TNOW,2015-01-05,127.7699966430664,,EUR
Amundi MSCI World Information Technology UCITS ETF,TNOW,2015-01-06,125.72000122070312,,EUR
Amundi MSCI World Information Technology UCITS ETF,TNOW,2015-01-07,127.16999816894531,,EUR
Amundi MSCI World Information Technology UCITS ETF,TNOW,2015-01-08,130.27999877929688,,EUR
Amundi MSCI World Information Technology UCITS ETF,TNOW,2015-01-09,129.27000427246094,,EUR
Amundi MSCI World Information Technology UCITS ETF,TNOW,2015-01-12,128.89999389648438,,EUR
Amundi MSCI World Information Technology UCITS ETF,TNOW,2015-01-13,130.86000061035156,,EUR
Amundi MSCI World Information Technology UCITS ETF,TNOW,2015-01-14,127.44000244140625,,EUR
Amundi MSCI World Information Technology UCITS ETF,TNOW,2015-01-15,129.4600067138672,,EUR
Amundi MSCI World Information Technology UCITS ETF,TNOW,2015-01-16,129.74000549316406,,EUR
Amundi MSCI World Information Technology UCITS ETF,TNOW,2015-01-19,129.49000549316406,,EUR
Amundi MSCI World Information Technology UCITS ETF,TNOW,2015-01-20,130.72000122070312,,EUR
Amundi MSCI World Information Technology UCITS ETF,TNOW,2015-01-21,131.63999938964844,,EUR
Amundi MSCI World Information Technology UCITS ETF,TNOW,2015-01-22,132.77000427246094,,EUR
Amundi MSCI World Information Technology UCITS ETF,TNOW,2015-01-23,137.36000061035156,,EUR
Amundi MSCI World Information Technology UCITS ETF,TNOW,2015-01-26,137.10000610351562,,EUR
Amundi MSCI World Information Technology UCITS ETF,TNOW,2015-01-27,132.52999877929688,,EUR
Amundi MSCI World Information Technology UCITS ETF,TNOW,2015-01-28,133.8800048828125,,EUR
Amundi MSCI World Information Technology UCITS ETF,TNOW,2015-01-29,132.36000061035156,,EUR
Amundi MSCI World Information Technology UCITS ETF,TNOW,2015-01-30,133.55999755859375,,EUR
Amundi MSCI World Information Technology UCITS ETF,TNOW,2015-02-02,132.3300018310547,,EUR
Amundi MSCI World Information Technology UCITS ETF,TNOW,2015-02-03,131.66000366210938,,EUR
Amundi MSCI World Information Technology UCITS ETF,TNOW,2015-02-04,134.17999267578125,,EUR
Amundi MSCI World Information Technology UCITS ETF,TNOW,2015-02-05,134.4199981689453,,EUR
Amundi MSCI World Information Technology UCITS ETF,TNOW,2015-02-06,136.32000732421875,,EUR
Amundi MSCI World Information Technology UCITS ETF,TNOW,2015-02-09,135.24000549316406,,EUR
Amundi MSCI World Information Technology UCITS ETF,TNOW,2015-02-10,136.1300048828125,,EUR
Amundi MSCI World Information Technology UCITS ETF,TNOW,2015-02-11,137.64999389648438,,EUR
Amundi MSCI World Information Technology UCITS ETF,TNOW,2015-02-12,138.27999877929688,,EUR
Amundi MSCI World Information Technology UCITS ETF,TNOW,2015-02-13,139.00999450683594,,EUR
Amundi MSCI World Information Technology UCITS ETF,TNOW,2015-02-16,140.14999389648438,,EUR
Amundi MSCI World Information Technology UCITS ETF,TNOW,2015-02-17,139.6199951171875,,EUR
Amundi MSCI World Information Technology UCITS ETF,TNOW,2015-02-18,140.3800048828125,,EUR
Amundi MSCI World Information Technology UCITS ETF,TNOW,2015-02-19,140.72000122070312,,EUR
Amundi MSCI World Information Technology UCITS ETF,TNOW,2015-02-20,141.2899932861328,,EUR
Amundi MSCI World Information Technology UCITS ETF,TNOW,2015-02-23,142.1300048828125,,EUR
Amundi MSCI World Information Technology UCITS ETF,TNOW,2015-02-24,142.8800048828125,,EUR
Amundi MSCI World Information Technology UCITS ETF,TNOW,2015-02-25,142.24000549316406,,EUR
Amundi MSCI World Information Technology UCITS ETF,TNOW,2015-02-26,144.30999755859375,,EUR
Amundi MSCI World Information Technology UCITS ETF,TNOW,2015-02-27,144.35000610351562,,EUR
Amundi MSCI World Information Technology UCITS ETF,TNOW,2015-03-02,144.92999267578125,,EUR
Amundi MSCI World Information Technology UCITS ETF,TNOW,2015-03-03,143.6999969482422,,EUR
Amundi MSCI World Information Technology UCITS ETF,TNOW,2015-03-04,145.25999450683594,,EUR
Amundi MSCI World Information Technology UCITS ETF,TNOW,2015-03-05,146.1999969482422,,EUR
Amundi MSCI World Information Technology UCITS ETF,TNOW,2015-03-06,147.3300018310547,,EUR
Amundi MSCI World Information Technology UCITS ETF,TNOW,2015-03-09,146.8800048828125,,EUR
Amundi MSCI World Information Technology UCITS ETF,TNOW,2015-03-10,146.2899932861328,,EUR
Amundi MSCI World Information Technology UCITS ETF,TNOW,2015-03-11,148.0,,EUR
Amundi MSCI World Information Technology UCITS ETF,TNOW,2015-03-12,147.60000610351562,,EUR
Amundi MSCI World Information Technology UCITS ETF,TNOW,2015-03-13,148.0,,EUR
Amundi MSCI World Information Technology UCITS ETF,TNOW,2015-03-16,148.60000610351562,,EUR
Amundi MSCI World Information Technology UCITS ETF,TNOW,2015-03-17,149.0800018310547,,EUR
Amundi MSCI World Information Technology UCITS ETF,TNOW,2015-03-18,148.74000549316406,,EUR
Amundi MSCI World Information Technology UCITS ETF,TNOW,2015-03-19,150.85000610351562,,EUR
Amundi MSCI World Information Technology UCITS ETF,TNOW,2015-03-20,149.13999938964844,,EUR
Amundi MSCI World Information Technology UCITS ETF,TNOW,2015-03-23,147.88999938964844,,EUR
Amundi MSCI World Information Technology UCITS ETF,TNOW,2015-03-24,148.11000061035156,,EUR
Amundi MSCI World Information Technology UCITS ETF,TNOW,2015-03-25,144.1300048828125,,EUR
Amundi MSCI World Information Technology UCITS ETF,TNOW,2015-03-26,143.75,,EUR
Amundi MSCI World Information Technology UCITS ETF,TNOW,2015-03-27,143.3300018310547,,EUR
Amundi MSCI World Information Technology UCITS ETF,TNOW,2015-03-30,146.82000732421875,,EUR
Amundi MSCI World Information Technology UCITS ETF,TNOW,2015-03-31,147.16000366210938,,EUR
Amundi MSCI World Information Technology UCITS ETF,TNOW,2015-04-01,145.08999633789062,,EUR
Amundi MSCI World Information Technology UCITS ETF,TNOW,2015-04-02,144.3300018310547,,EUR
Amundi MSCI World Information Technology UCITS ETF,TNOW,2015-04-07,146.6999969482422,,EUR
Amundi MSCI World Information Technology UCITS ETF,TNOW,2015-04-08,146.72000122070312,,EUR
Amundi MSCI World Information Technology UCITS ETF,TNOW,2015-04-09,148.05999755859375,,EUR
Amundi MSCI World Information Technology UCITS ETF,TNOW,2015-04-10,150.5,,EUR
Amundi MSCI World Information Technology UCITS ETF,TNOW,2015-04-13,151.4600067138672,,EUR
Amundi MSCI World Information Technology UCITS ETF,TNOW,2015-04-14,148.9199981689453,,EUR
Amundi MSCI World Information Technology UCITS ETF,TNOW,2015-04-15,150.24000549316406,,EUR
Amundi MSCI World Information Technology UCITS ETF,TNOW,2015-04-16,148.80999755859375,,EUR
Amundi MSCI World Information Technology UCITS ETF,TNOW,2015-04-17,146.14999389648438,,EUR
Amundi MSCI World Information Technology UCITS ETF,TNOW,2015-04-20,148.32000732421875,,EUR
Amundi MSCI World Information Technology UCITS ETF,TNOW,2015-04-21,148.9499969482422,,EUR
Amundi MSCI World Information Technology UCITS ETF,TNOW,2015-04-22,150.2100067138672,,EUR
Amundi MSCI World Information Technology UCITS ETF,TNOW,2015-04-23,149.36000061035156,,EUR
Amundi MSCI World Information Technology UCITS ETF,TNOW,2015-04-24,150.02000427246094,,EUR
Amundi MSCI World Information Technology UCITS ETF,TNOW,2015-04-27,150.6999969482422,,EUR
Amundi MSCI World Information Technology UCITS ETF,TNOW,2015-04-28,149.22999572753906,,EUR
Amundi MSCI World Information Technology UCITS ETF,TNOW,2015-04-29,145.86000061035156,,EUR
Amundi MSCI World Information Technology UCITS ETF,TNOW,2015-04-30,144.1300048828125,,EUR
Amundi MSCI World Information Technology UCITS ETF,TNOW,2015-05-04,145.44000244140625,,EUR
Amundi MSCI World Information Technology UCITS ETF,TNOW,2015-05-05,142.6300048828125,,EUR
Amundi MSCI World Information Technology UCITS ETF,TNOW,2015-05-06,140.27000427246094,,EUR
Amundi MSCI World Information Technology UCITS ETF,TNOW,2015-05-07,141.49000549316406,,EUR
Amundi MSCI World Information Technology UCITS ETF,TNOW,2015-05-08,144.2100067138672,,EUR
Amundi MSCI World Information Technology UCITS ETF,TNOW,2015-05-11,145.0500030517578,,EUR
Amundi MSCI World Information Technology UCITS ETF,TNOW,2015-05-12,143.02000427246094,,EUR
Amundi MSCI World Information Technology UCITS ETF,TNOW,2015-05-13,142.1699981689453,,EUR
Amundi MSCI World Information Technology UCITS ETF,TNOW,2015-05-14,143.8000030517578,,EUR
Amundi MSCI World Information Technology UCITS ETF,TNOW,2015-05-15,142.8800048828125,,EUR
Amundi MSCI World Information Technology UCITS ETF,TNOW,2015-05-18,144.47000122070312,,EUR
Amundi MSCI World Information Technology UCITS ETF,TNOW,2015-05-19,147.3000030517578,,EUR
Amundi MSCI World Information Technology UCITS ETF,TNOW,2015-05-20,147.75999450683594,,EUR
Amundi MSCI World Information Technology UCITS ETF,TNOW,2015-05-21,147.86000061035156,,EUR
Amundi MSCI World Information Technology UCITS ETF,TNOW,2015-05-22,148.89999389648438,,EUR
Amundi MSCI World Information Technology UCITS ETF,TNOW,2015-05-25,148.89999389648438,,EUR
Amundi MSCI World Information Technology UCITS ETF,TNOW,2015-05-26,148.8800048828125,,EUR
Amundi MSCI World Information Technology UCITS ETF,TNOW,2015-05-27,150.1699981689453,,EUR
Amundi MSCI World Information Technology UCITS ETF,TNOW,2015-05-28,150.88999938964844,,EUR
Amundi MSCI World Information Technology UCITS ETF,TNOW,2015-05-29,148.77999877929688,,EUR
Amundi MSCI World Information Technology UCITS ETF,TNOW,2015-06-01,149.6999969482422,,EUR
Amundi MSCI World Information Technology UCITS ETF,TNOW,2015-06-02,146.91000366210938,,EUR
Amundi MSCI World Information Technology UCITS ETF,TNOW,2015-06-03,145.88999938964844,,EUR
Amundi MSCI World Information Technology UCITS ETF,TNOW,2015-06-04,144.69000244140625,,EUR
Amundi MSCI World Information Technology UCITS ETF,TNOW,2015-06-05,145.75999450683594,,EUR
Amundi MSCI World Information Technology UCITS ETF,TNOW,2015-06-08,143.44000244140625,,EUR
Amundi MSCI World Information Technology UCITS ETF,TNOW,2015-06-09,141.63999938964844,,EUR
Amundi MSCI World Information Technology UCITS ETF,TNOW,2015-06-10,143.33999633789062,,EUR
Amundi MSCI World Information Technology UCITS ETF,TNOW,2015-06-11,144.3699951171875,,EUR
Amundi MSCI World Information Technology UCITS ETF,TNOW,2015-06-12,143.13999938964844,,EUR
Amundi MSCI World Information Technology UCITS ETF,TNOW,2015-06-15,141.77000427246094,,EUR
Amundi MSCI World Information Technology UCITS ETF,TNOW,2015-06-16,142.77000427246094,,EUR
Amundi MSCI World Information Technology UCITS ETF,TNOW,2015-06-17,142.85000610351562,,EUR
Amundi MSCI World Information Technology UCITS ETF,TNOW,2015-06-18,142.05999755859375,,EUR
Amundi MSCI World Information Technology UCITS ETF,TNOW,2015-06-19,142.6999969482422,,EUR
Amundi MSCI World Information Technology UCITS ETF,TNOW,2015-06-22,143.33999633789062,,EUR
Amundi MSCI World Information Technology UCITS ETF,TNOW,2015-06-23,145.33999633789062,,EUR
Amundi MSCI World Information Technology UCITS ETF,TNOW,2015-06-24,145.44000244140625,,EUR
Amundi MSCI World Information Technology UCITS ETF,TNOW,2015-06-25,144.97000122070312,,EUR
Amundi MSCI World Information Technology UCITS ETF,TNOW,2015-06-26,143.92999267578125,,EUR
Amundi MSCI World Information Technology UCITS ETF,TNOW,2015-06-29,140.74000549316406,,EUR
Amundi MSCI World Information Technology UCITS ETF,TNOW,2015-06-30,140.30999755859375,,EUR
Amundi MSCI World Information Technology UCITS ETF,TNOW,2015-07-01,142.16000366210938,,EUR
Amundi MSCI World Information Technology UCITS ETF,TNOW,2015-07-02,141.52000427246094,,EUR
Amundi MSCI World Information Technology UCITS ETF,TNOW,2015-07-03,141.6199951171875,,EUR
Amundi MSCI World Information Technology UCITS ETF,TNOW,2015-07-06,141.7899932861328,,EUR
Amundi MSCI World Information Technology UCITS ETF,TNOW,2015-07-07,140.44000244140625,,EUR
Amundi MSCI World Information Technology UCITS ETF,TNOW,2015-07-08,139.47000122070312,,EUR
Amundi MSCI World Information Technology UCITS ETF,TNOW,2015-07-09,140.7100067138672,,EUR
Amundi MSCI World Information Technology UCITS ETF,TNOW,2015-07-10,139.89999389648438,,EUR
Amundi MSCI World Information Technology UCITS ETF,TNOW,2015-07-13,143.1999969482422,,EUR
Amundi MSCI World Information Technology UCITS ETF,TNOW,2015-07-14,144.55999755859375,,EUR
Amundi MSCI World Information Technology UCITS ETF,TNOW,2015-07-15,145.61000061035156,,EUR
Amundi MSCI World Information Technology UCITS ETF,TNOW,2015-07-16,147.3300018310547,,EUR
Amundi MSCI World Information Technology UCITS ETF,TNOW,2015-07-17,150.75,,EUR
Amundi MSCI World Information Technology UCITS ETF,TNOW,2015-07-20,151.08999633789062,,EUR
Amundi MSCI World Information Technology UCITS ETF,TNOW,2015-07-21,149.85000610351562,,EUR
Amundi MSCI World Information Technology UCITS ETF,TNOW,2015-07-22,147.64999389648438,,EUR
Amundi MSCI World Information Technology UCITS ETF,TNOW,2015-07-23,147.25999450683594,,EUR
Amundi MSCI World Information Technology UCITS ETF,TNOW,2015-07-24,146.47000122070312,,EUR
Amundi MSCI World Information Technology UCITS ETF,TNOW,2015-07-27,142.61000061035156,,EUR
Amundi MSCI World Information Technology UCITS ETF,TNOW,2015-07-28,143.55999755859375,,EUR
Amundi MSCI World Information Technology UCITS ETF,TNOW,2015-07-29,144.50999450683594,,EUR
Amundi MSCI World Information Technology UCITS ETF,TNOW,2015-07-30,146.27000427246094,,EUR
Amundi MSCI World Information Technology UCITS ETF,TNOW,2015-07-31,145.3300018310547,,EUR
Amundi MSCI World Information Technology UCITS ETF,TNOW,2015-08-03,146.2100067138672,,EUR
Amundi MSCI World Information Technology UCITS ETF,TNOW,2015-08-04,144.25999450683594,,EUR
Amundi MSCI World Information Technology UCITS ETF,TNOW,2015-08-05,147.6300048828125,,EUR
Amundi MSCI World Information Technology UCITS ETF,TNOW,2015-08-06,144.64999389648438,,EUR
Amundi MSCI World Information Technology UCITS ETF,TNOW,2015-08-07,144.02999877929688,,EUR
Amundi MSCI World Information Technology UCITS ETF,TNOW,2015-08-10,145.5399932861328,,EUR
Amundi MSCI World Information Technology UCITS ETF,TNOW,2015-08-11,143.24000549316406,,EUR
Amundi MSCI World Information Technology UCITS ETF,TNOW,2015-08-12,139.5399932861328,,EUR
Amundi MSCI World Information Technology UCITS ETF,TNOW,2015-08-13,142.05999755859375,,EUR
Amundi MSCI World Information Technology UCITS ETF,TNOW,2015-08-14,142.24000549316406,,EUR
Amundi MSCI World Information Technology UCITS ETF,TNOW,2015-08-17,142.24000549316406,,EUR
Amundi MSCI World Information Technology UCITS ETF,TNOW,2015-08-18,144.14999389648438,,EUR
Amundi MSCI World Information Technology UCITS ETF,TNOW,2015-08-19,141.77000427246094,,EUR
Amundi MSCI World Information Technology UCITS ETF,TNOW,2015-08-20,137.9499969482422,,EUR
Amundi MSCI World Information Technology UCITS ETF,TNOW,2015-08-21,132.41000366210938,,EUR
Amundi MSCI World Information Technology UCITS ETF,TNOW,2015-08-24,123.23999786376953,,EUR
Amundi MSCI World Information Technology UCITS ETF,TNOW,2015-08-25,129.02000427246094,,EUR
Amundi MSCI World Information Technology UCITS ETF,TNOW,2015-08-26,126.23999786376953,,EUR
Amundi MSCI World Information Technology UCITS ETF,TNOW,2015-08-27,133.86000061035156,,EUR
Amundi MSCI World Information Technology UCITS ETF,TNOW,2015-08-28,135.9199981689453,,EUR
Amundi MSCI World Information Technology UCITS ETF,TNOW,2015-08-31,135.0500030517578,,EUR
Amundi MSCI World Information Technology UCITS ETF,TNOW,2015-09-01,131.50999450683594,,EUR
Amundi MSCI World Information Technology UCITS ETF,TNOW,2015-09-02,130.99000549316406,,EUR
Amundi MSCI World Information Technology UCITS ETF,TNOW,2015-09-03,135.42999267578125,,EUR
Amundi MSCI World Information Technology UCITS ETF,TNOW,2015-09-04,132.27999877929688,,EUR
Amundi MSCI World Information Technology UCITS ETF,TNOW,2015-09-07,132.61000061035156,,EUR
Amundi MSCI World Information Technology UCITS ETF,TNOW,2015-09-08,133.9199981689453,,EUR
Amundi MSCI World Information Technology UCITS ETF,TNOW,2015-09-09,135.6199951171875,,EUR
Amundi MSCI World Information Technology UCITS ETF,TNOW,2015-09-10,133.08999633789062,,EUR
Amundi MSCI World Information Technology UCITS ETF,TNOW,2015-09-11,132.1999969482422,,EUR
Amundi MSCI World Information Technology UCITS ETF,TNOW,2015-09-14,133.25,,EUR
Amundi MSCI World Information Technology UCITS ETF,TNOW,2015-09-15,134.91000366210938,,EUR
Amundi MSCI World Information Technology UCITS ETF,TNOW,2015-09-16,135.75999450683594,,EUR
Amundi MSCI World Information Technology UCITS ETF,TNOW,2015-09-17,135.44000244140625,,EUR
Amundi MSCI World Information Technology UCITS ETF,TNOW,2015-09-18,133.32000732421875,,EUR
Amundi MSCI World Information Technology UCITS ETF,TNOW,2015-09-21,135.7100067138672,,EUR
Amundi MSCI World Information Technology UCITS ETF,TNOW,2015-09-22,133.6999969482422,,EUR
Amundi MSCI World Information Technology UCITS ETF,TNOW,2015-09-23,133.75,,EUR
Amundi MSCI World Information Technology UCITS ETF,TNOW,2015-09-24,130.8300018310547,,EUR
Amundi MSCI World Information Technology UCITS ETF,TNOW,2015-09-25,134.52000427246094,,EUR
Amundi MSCI World Information Technology UCITS ETF,TNOW,2015-09-28,130.86000061035156,,EUR
Amundi MSCI World Information Technology UCITS ETF,TNOW,2015-09-29,129.8699951171875,,EUR
Amundi MSCI World Information Technology UCITS ETF,TNOW,2015-09-30,132.49000549316406,,EUR
Amundi MSCI World Information Technology UCITS ETF,TNOW,2015-10-01,131.4199981689453,,EUR
Amundi MSCI World Information Technology UCITS ETF,TNOW,2015-10-02,131.25999450683594,,EUR
Amundi MSCI World Information Technology UCITS ETF,TNOW,2015-10-05,136.17999267578125,,EUR
Amundi MSCI World Information Technology UCITS ETF,TNOW,2015-10-06,136.08999633789062,,EUR
Amundi MSCI World Information Technology UCITS ETF,TNOW,2015-10-07,135.80999755859375,,EUR
Amundi MSCI World Information Technology UCITS ETF,TNOW,2015-10-08,136.33999633789062,,EUR
Amundi MSCI World Information Technology UCITS ETF,TNOW,2015-10-09,136.9499969482422,,EUR
Amundi MSCI World Information Technology UCITS ETF,TNOW,2015-10-12,137.10000610351562,,EUR
Amundi MSCI World Information Technology UCITS ETF,TNOW,2015-10-13,137.3800048828125,,EUR
Amundi MSCI World Information Technology UCITS ETF,TNOW,2015-10-14,135.24000549316406,,EUR
Amundi MSCI World Information Technology UCITS ETF,TNOW,2015-10-15,137.4199981689453,,EUR
Amundi MSCI World Information Technology UCITS ETF,TNOW,2015-10-16,138.7100067138672,,EUR
Amundi MSCI World Information Technology UCITS ETF,TNOW,2015-10-19,139.44000244140625,,EUR
Amundi MSCI World Information Technology UCITS ETF,TNOW,2015-10-20,138.86000061035156,,EUR
Amundi MSCI World Information Technology UCITS ETF,TNOW,2015-10-21,139.57000732421875,,EUR
Amundi MSCI World Information Technology UCITS ETF,TNOW,2015-10-22,142.8300018310547,,EUR
Amundi MSCI World Information Technology UCITS ETF,TNOW,2015-10-23,148.80999755859375,,EUR
Amundi MSCI World Information Technology UCITS ETF,TNOW,2015-10-26,148.2100067138672,,EUR
Amundi MSCI World Information Technology UCITS ETF,TNOW,2015-10-27,147.4600067138672,,EUR
Amundi MSCI World Information Technology UCITS ETF,TNOW,2015-10-28,148.6999969482422,,EUR
Amundi MSCI World Information Technology UCITS ETF,TNOW,2015-10-29,149.74000549316406,,EUR
Amundi MSCI World Information Technology UCITS ETF,TNOW,2015-10-30,149.0,,EUR
Amundi MSCI World Information Technology UCITS ETF,TNOW,2015-11-02,149.35000610351562,,EUR
Amundi MSCI World Information Technology UCITS ETF,TNOW,2015-11-03,151.2100067138672,,EUR
Amundi MSCI World Information Technology UCITS ETF,TNOW,2015-11-04,152.9499969482422,,EUR
Amundi MSCI World Information Technology UCITS ETF,TNOW,2015-11-05,152.5500030517578,,EUR
Amundi MSCI World Information Technology UCITS ETF,TNOW,2015-11-06,154.41000366210938,,EUR
Amundi MSCI World Information Technology UCITS ETF,TNOW,2015-11-09,152.85000610351562,,EUR
Amundi MSCI World Information Technology UCITS ETF,TNOW,2015-11-10,153.0,,EUR
Amundi MSCI World Information Technology UCITS ETF,TNOW,2015-11-11,152.97000122070312,,EUR
Amundi MSCI World Information Technology UCITS ETF,TNOW,2015-11-12,151.72000122070312,,EUR
Amundi MSCI World Information Technology UCITS ETF,TNOW,2015-11-13,149.4499969482422,,EUR
Amundi MSCI World Information Technology UCITS ETF,TNOW,2015-11-16,149.14999389648438,,EUR
Amundi MSCI World Information Technology UCITS ETF,TNOW,2015-11-17,152.8699951171875,,EUR
Amundi MSCI World Information Technology UCITS ETF,TNOW,2015-11-18,152.99000549316406,,EUR
Amundi MSCI World Information Technology UCITS ETF,TNOW,2015-11-19,153.6199951171875,,EUR
Amundi MSCI World Information Technology UCITS ETF,TNOW,2015-11-20,155.82000732421875,,EUR
Amundi MSCI World Information Technology UCITS ETF,TNOW,2015-11-23,156.11000061035156,,EUR
Amundi MSCI World Information Technology UCITS ETF,TNOW,2015-11-24,154.6300048828125,,EUR
Amundi MSCI World Information Technology UCITS ETF,TNOW,2015-11-25,155.41000366210938,,EUR
Amundi MSCI World Information Technology UCITS ETF,TNOW,2015-11-26,156.13999938964844,,EUR
Amundi MSCI World Information Technology UCITS ETF,TNOW,2015-11-27,155.92999267578125,,EUR
Amundi MSCI World Information Technology UCITS ETF,TNOW,2015-11-30,156.30999755859375,,EUR
Amundi MSCI World Information Technology UCITS ETF,TNOW,2015-12-01,157.1699981689453,,EUR
Amundi MSCI World Information Technology UCITS ETF,TNOW,2015-12-02,158.08999633789062,,EUR
Amundi MSCI World Information Technology UCITS ETF,TNOW,2015-12-03,151.9600067138672,,EUR
Amundi MSCI World Information Technology UCITS ETF,TNOW,2015-12-04,152.52999877929688,,EUR
Amundi MSCI World Information Technology UCITS ETF,TNOW,2015-12-07,152.6300048828125,,EUR
Amundi MSCI World Information Technology UCITS ETF,TNOW,2015-12-08,152.13999938964844,,EUR
Amundi MSCI World Information Technology UCITS ETF,TNOW,2015-12-09,150.44000244140625,,EUR
Amundi MSCI World Information Technology UCITS ETF,TNOW,2015-12-10,149.9499969482422,,EUR
Amundi MSCI World Information Technology UCITS ETF,TNOW,2015-12-11,146.82000732421875,,EUR
Amundi MSCI World Information Technology UCITS ETF,TNOW,2015-12-14,143.94000244140625,,EUR
Amundi MSCI World Information Technology UCITS ETF,TNOW,2015-12-15,148.86000061035156,,EUR
Amundi MSCI World Information Technology UCITS ETF,TNOW,2015-12-16,148.1300048828125,,EUR
Amundi MSCI World Information Technology UCITS ETF,TNOW,2015-12-17,150.07000732421875,,EUR
Amundi MSCI World Information Technology UCITS ETF,TNOW,2015-12-18,147.80999755859375,,EUR
Amundi MSCI World Information Technology UCITS ETF,TNOW,2015-12-21,145.41000366210938,,EUR
Amundi MSCI World Information Technology UCITS ETF,TNOW,2015-12-22,145.9499969482422,,EUR
Amundi MSCI World Information Technology UCITS ETF,TNOW,2015-12-23,148.97000122070312,,EUR
Amundi MSCI World Information Technology UCITS ETF,TNOW,2015-12-24,148.97000122070312,,EUR
Amundi MSCI World Information Technology UCITS ETF,TNOW,2015-12-28,146.75999450683594,,EUR
Amundi MSCI World Information Technology UCITS ETF,TNOW,2015-12-29,150.60000610351562,,EUR
Amundi MSCI World Information Technology UCITS ETF,TNOW,2015-12-30,150.1999969482422,,EUR
Amundi MSCI World Information Technology UCITS ETF,TNOW,2016-01-04,145.02999877929688,,EUR
Amundi MSCI World Information Technology UCITS ETF,TNOW,2016-01-05,147.67999267578125,,EUR
Amundi MSCI World Information Technology UCITS ETF,TNOW,2016-01-06,145.27000427246094,,EUR
Amundi MSCI World Information Technology UCITS ETF,TNOW,2016-01-07,141.5399932861328,,EUR
Amundi MSCI World Information Technology UCITS ETF,TNOW,2016-01-08,138.11000061035156,,EUR
Amundi MSCI World Information Technology UCITS ETF,TNOW,2016-01-11,137.61000061035156,,EUR
Amundi MSCI World Information Technology UCITS ETF,TNOW,2016-01-12,139.64999389648438,,EUR
Amundi MSCI World Information Technology UCITS ETF,TNOW,2016-01-13,140.44000244140625,,EUR
Amundi MSCI World Information Technology UCITS ETF,TNOW,2016-01-14,137.3000030517578,,EUR
Amundi MSCI World Information Technology UCITS ETF,TNOW,2016-01-15,133.55999755859375,,EUR
Amundi MSCI World Information Technology UCITS ETF,TNOW,2016-01-18,134.30999755859375,,EUR
Amundi MSCI World Information Technology UCITS ETF,TNOW,2016-01-19,134.99000549316406,,EUR
Amundi MSCI World Information Technology UCITS ETF,TNOW,2016-01-20,131.22000122070312,,EUR
Amundi MSCI World Information Technology UCITS ETF,TNOW,2016-01-21,135.2899932861328,,EUR
Amundi MSCI World Information Technology UCITS ETF,TNOW,2016-01-22,137.6699981689453,,EUR
Amundi MSCI World Information Technology UCITS ETF,TNOW,2016-01-25,137.6699981689453,,EUR
Amundi MSCI World Information Technology UCITS ETF,TNOW,2016-01-26,137.13999938964844,,EUR
Amundi MSCI World Information Technology UCITS ETF,TNOW,2016-01-27,135.86000061035156,,EUR
Amundi MSCI World Information Technology UCITS ETF,TNOW,2016-01-28,133.77000427246094,,EUR
Amundi MSCI World Information Technology UCITS ETF,TNOW,2016-01-29,138.94000244140625,,EUR
Amundi MSCI World Information Technology UCITS ETF,TNOW,2016-02-01,139.6199951171875,,EUR
Amundi MSCI World Information Technology UCITS ETF,TNOW,2016-02-02,138.86000061035156,,EUR
Amundi MSCI World Information Technology UCITS ETF,TNOW,2016-02-03,133.39999389648438,,EUR
Amundi MSCI World Information Technology UCITS ETF,TNOW,2016-02-04,132.77999877929688,,EUR
Amundi MSCI World Information Technology UCITS ETF,TNOW,2016-02-05,129.9499969482422,,EUR
Amundi MSCI World Information Technology UCITS ETF,TNOW,2016-02-08,125.0,,EUR
Amundi MSCI World Information Technology UCITS ETF,TNOW,2016-02-09,125.05000305175781,,EUR
Amundi MSCI World Information Technology UCITS ETF,TNOW,2016-02-10,127.08999633789062,,EUR
Amundi MSCI World Information Technology UCITS ETF,TNOW,2016-02-11,122.06999969482422,,EUR
Amundi MSCI World Information Technology UCITS ETF,TNOW,2016-02-12,126.5999984741211,,EUR
Amundi MSCI World Information Technology UCITS ETF,TNOW,2016-02-15,129.42999267578125,,EUR
Amundi MSCI World Information Technology UCITS ETF,TNOW,2016-02-16,129.3000030517578,,EUR
Amundi MSCI World Information Technology UCITS ETF,TNOW,2016-02-17,132.82000732421875,,EUR
Amundi MSCI World Information Technology UCITS ETF,TNOW,2016-02-18,134.0800018310547,,EUR
Amundi MSCI World Information Technology UCITS ETF,TNOW,2016-02-19,133.3800048828125,,EUR
Amundi MSCI World Information Technology UCITS ETF,TNOW,2016-02-22,136.2899932861328,,EUR
Amundi MSCI World Information Technology UCITS ETF,TNOW,2016-02-23,134.5800018310547,,EUR
Amundi MSCI World Information Technology UCITS ETF,TNOW,2016-02-24,131.94000244140625,,EUR
Amundi MSCI World Information Technology UCITS ETF,TNOW,2016-02-25,135.0800018310547,,EUR
Amundi MSCI World Information Technology UCITS ETF,TNOW,2016-02-26,137.85000610351562,,EUR
Amundi MSCI World Information Technology UCITS ETF,TNOW,2016-02-29,139.30999755859375,,EUR
Amundi MSCI World Information Technology UCITS ETF,TNOW,2016-03-01,140.6199951171875,,EUR
Amundi MSCI World Information Technology UCITS ETF,TNOW,2016-03-02,141.77000427246094,,EUR
Amundi MSCI World Information Technology UCITS ETF,TNOW,2016-03-03,140.02000427246094,,EUR
Amundi MSCI World Information Technology UCITS ETF,TNOW,2016-03-04,140.8800048828125,,EUR
Amundi MSCI World Information Technology UCITS ETF,TNOW,2016-03-07,140.13999938964844,,EUR
Amundi MSCI World Information Technology UCITS ETF,TNOW,2016-03-08,138.5399932861328,,EUR
Amundi MSCI World Information Technology UCITS ETF,TNOW,2016-03-09,139.5800018310547,,EUR
Amundi MSCI World Information Technology UCITS ETF,TNOW,2016-03-10,136.6699981689453,,EUR
Amundi MSCI World Information Technology UCITS ETF,TNOW,2016-03-11,139.63999938964844,,EUR
Amundi MSCI World Information Technology UCITS ETF,TNOW,2016-03-14,140.82000732421875,,EUR
Amundi MSCI World Information Technology UCITS ETF,TNOW,2016-03-15,141.0,,EUR
Amundi MSCI World Information Technology UCITS ETF,TNOW,2016-03-16,142.17999267578125,,EUR
Amundi MSCI World Information Technology UCITS ETF,TNOW,2016-03-17,140.94000244140625,,EUR
Amundi MSCI World Information Technology UCITS ETF,TNOW,2016-03-18,141.50999450683594,,EUR
Amundi MSCI World Information Technology UCITS ETF,TNOW,2016-03-21,142.00999450683594,,EUR
Amundi MSCI World Information Technology UCITS ETF,TNOW,2016-03-22,143.25,,EUR
Amundi MSCI World Information Technology UCITS ETF,TNOW,2016-03-23,143.30999755859375,,EUR
Amundi MSCI World Information Technology UCITS ETF,TNOW,2016-03-24,141.97999572753906,,EUR
Amundi MSCI World Information Technology UCITS ETF,TNOW,2016-03-29,142.9499969482422,,EUR
Amundi MSCI World Information Technology UCITS ETF,TNOW,2016-03-30,144.05999755859375,,EUR
Amundi MSCI World Information Technology UCITS ETF,TNOW,2016-03-31,143.02000427246094,,EUR
Amundi MSCI World Information Technology UCITS ETF,TNOW,2016-04-01,143.02999877929688,,EUR
Amundi MSCI World Information Technology UCITS ETF,TNOW,2016-04-04,143.25,,EUR
Amundi MSCI World Information Technology UCITS ETF,TNOW,2016-04-05,141.5399932861328,,EUR
Amundi MSCI World Information Technology UCITS ETF,TNOW,2016-04-06,141.8300018310547,,EUR
Amundi MSCI World Information Technology UCITS ETF,TNOW,2016-04-07,141.1999969482422,,EUR
Amundi MSCI World Information Technology UCITS ETF,TNOW,2016-04-08,141.35000610351562,,EUR
Amundi MSCI World Information Technology UCITS ETF,TNOW,2016-04-11,141.1300048828125,,EUR
Amundi MSCI World Information Technology UCITS ETF,TNOW,2016-04-12,141.2899932861328,,EUR
Amundi MSCI World Information Technology UCITS ETF,TNOW,2016-04-13,145.02000427246094,,EUR
Amundi MSCI World Information Technology UCITS ETF,TNOW,2016-04-14,145.55999755859375,,EUR
Amundi MSCI World Information Technology UCITS ETF,TNOW,2016-04-15,144.9600067138672,,EUR
Amundi MSCI World Information Technology UCITS ETF,TNOW,2016-04-18,144.11000061035156,,EUR
Amundi MSCI World Information Technology UCITS ETF,TNOW,2016-04-19,143.4600067138672,,EUR
Amundi MSCI World Information Technology UCITS ETF,TNOW,2016-04-20,144.6699981689453,,EUR
Amundi MSCI World Information Technology UCITS ETF,TNOW,2016-04-21,144.60000610351562,,EUR
Amundi MSCI World Information Technology UCITS ETF,TNOW,2016-04-22,142.72000122070312,,EUR
Amundi MSCI World Information Technology UCITS ETF,TNOW,2016-04-25,141.86000061035156,,EUR
Amundi MSCI World Information Technology UCITS ETF,TNOW,2016-04-26,141.3699951171875,,EUR
Amundi MSCI World Information Technology UCITS ETF,TNOW,2016-04-27,139.44000244140625,,EUR
Amundi MSCI World Information Technology UCITS ETF,TNOW,2016-04-28,140.8300018310547,,EUR
Amundi MSCI World Information Technology UCITS ETF,TNOW,2016-04-29,134.7100067138672,,EUR
Amundi MSCI World Information Technology UCITS ETF,TNOW,2016-05-02,134.86000061035156,,EUR
Amundi MSCI World Information Technology UCITS ETF,TNOW,2016-05-03,133.9499969482422,,EUR
Amundi MSCI World Information Technology UCITS ETF,TNOW,2016-05-04,133.75,,EUR
Amundi MSCI World Information Technology UCITS ETF,TNOW,2016-05-05,135.3000030517578,,EUR
Amundi MSCI World Information Technology UCITS ETF,TNOW,2016-05-06,134.64999389648438,,EUR
Amundi MSCI World Information Technology UCITS ETF,TNOW,2016-05-09,135.94000244140625,,EUR
Amundi MSCI World Information Technology UCITS ETF,TNOW,2016-05-10,137.16000366210938,,EUR
Amundi MSCI World Information Technology UCITS ETF,TNOW,2016-05-11,137.0399932861328,,EUR
Amundi MSCI World Information Technology UCITS ETF,TNOW,2016-05-12,135.66000366210938,,EUR
Amundi MSCI World Information Technology UCITS ETF,TNOW,2016-05-13,138.08999633789062,,EUR
Amundi MSCI World Information Technology UCITS ETF,TNOW,2016-05-16,138.02000427246094,,EUR
Amundi MSCI World Information Technology UCITS ETF,TNOW,2016-05-17,137.75,,EUR
Amundi MSCI World Information Technology UCITS ETF,TNOW,2016-05-18,138.75999450683594,,EUR
Amundi MSCI World Information Technology UCITS ETF,TNOW,2016-05-19,137.8300018310547,,EUR
Amundi MSCI World Information Technology UCITS ETF,TNOW,2016-05-20,140.5,,EUR
Amundi MSCI World Information Technology UCITS ETF,TNOW,2016-05-23,140.47000122070312,,EUR
Amundi MSCI World Information Technology UCITS ETF,TNOW,2016-05-24,143.13999938964844,,EUR
Amundi MSCI World Information Technology UCITS ETF,TNOW,2016-05-25,144.27000427246094,,EUR
Amundi MSCI World Information Technology UCITS ETF,TNOW,2016-05-26,144.24000549316406,,EUR
Amundi MSCI World Information Technology UCITS ETF,TNOW,2016-05-27,145.60000610351562,,EUR
Amundi MSCI World Information Technology UCITS ETF,TNOW,2016-05-30,146.3300018310547,,EUR
Amundi MSCI World Information Technology UCITS ETF,TNOW,2016-05-31,145.7899932861328,,EUR
Amundi MSCI World Information Technology UCITS ETF,TNOW,2016-06-01,145.16000366210938,,EUR
Amundi MSCI World Information Technology UCITS ETF,TNOW,2016-06-02,144.83999633789062,,EUR
Amundi MSCI World Information Technology UCITS ETF,TNOW,2016-06-03,142.4499969482422,,EUR
Amundi MSCI World Information Technology UCITS ETF,TNOW,2016-06-06,142.97999572753906,,EUR
Amundi MSCI World Information Technology UCITS ETF,TNOW,2016-06-07,143.77000427246094,,EUR
Amundi MSCI World Information Technology UCITS ETF,TNOW,2016-06-08,143.05999755859375,,EUR
Amundi MSCI World Information Technology UCITS ETF,TNOW,2016-06-09,143.61000061035156,,EUR
Amundi MSCI World Information Technology UCITS ETF,TNOW,2016-06-10,143.07000732421875,,EUR
Amundi MSCI World Information Technology UCITS ETF,TNOW,2016-06-13,141.7899932861328,,EUR
Amundi MSCI World Information Technology UCITS ETF,TNOW,2016-06-14,141.1999969482422,,EUR
Amundi MSCI World Information Technology UCITS ETF,TNOW,2016-06-15,141.80999755859375,,EUR
Amundi MSCI World Information Technology UCITS ETF,TNOW,2016-06-16,141.5399932861328,,EUR
Amundi MSCI World Information Technology UCITS ETF,TNOW,2016-06-17,140.16000366210938,,EUR
Amundi MSCI World Information Technology UCITS ETF,TNOW,2016-06-20,142.05999755859375,,EUR
Amundi MSCI World Information Technology UCITS ETF,TNOW,2016-06-21,142.27000427246094,,EUR
Amundi MSCI World Information Technology UCITS ETF,TNOW,2016-06-22,142.49000549316406,,EUR
Amundi MSCI World Information Technology UCITS ETF,TNOW,2016-06-23,142.14999389648438,,EUR
Amundi MSCI World Information Technology UCITS ETF,TNOW,2016-06-24,140.6999969482422,,EUR
Amundi MSCI World Information Technology UCITS ETF,TNOW,2016-06-27,137.36000061035156,,EUR
Amundi MSCI World Information Technology UCITS ETF,TNOW,2016-06-28,138.47000122070312,,EUR
Amundi MSCI World Information Technology UCITS ETF,TNOW,2016-06-29,140.55999755859375,,EUR
Amundi MSCI World Information Technology UCITS ETF,TNOW,2016-06-30,141.9600067138672,,EUR
Amundi MSCI World Information Technology UCITS ETF,TNOW,2016-07-01,142.47999572753906,,EUR
Amundi MSCI World Information Technology UCITS ETF,TNOW,2016-07-04,142.60000610351562,,EUR
Amundi MSCI World Information Technology UCITS ETF,TNOW,2016-07-05,141.5500030517578,,EUR
Amundi MSCI World Information Technology UCITS ETF,TNOW,2016-07-06,141.6699981689453,,EUR
Amundi MSCI World Information Technology UCITS ETF,TNOW,2016-07-07,142.89999389648438,,EUR
Amundi MSCI World Information Technology UCITS ETF,TNOW,2016-07-08,145.3800048828125,,EUR
Amundi MSCI World Information Technology UCITS ETF,TNOW,2016-07-11,147.3000030517578,,EUR
Amundi MSCI World Information Technology UCITS ETF,TNOW,2016-07-12,148.2100067138672,,EUR
Amundi MSCI World Information Technology UCITS ETF,TNOW,2016-07-13,147.6699981689453,,EUR
Amundi MSCI World Information Technology UCITS ETF,TNOW,2016-07-14,148.72000122070312,,EUR
Amundi MSCI World Information Technology UCITS ETF,TNOW,2016-07-15,149.00999450683594,,EUR
Amundi MSCI World Information Technology UCITS ETF,TNOW,2016-07-18,150.11000061035156,,EUR
Amundi MSCI World Information Technology UCITS ETF,TNOW,2016-07-19,151.11000061035156,,EUR
Amundi MSCI World Information Technology UCITS ETF,TNOW,2016-07-20,153.17999267578125,,EUR
Amundi MSCI World Information Technology UCITS ETF,TNOW,2016-07-21,152.94000244140625,,EUR
Amundi MSCI World Information Technology UCITS ETF,TNOW,2016-07-22,153.07000732421875,,EUR
Amundi MSCI World Information Technology UCITS ETF,TNOW,2016-07-25,153.14999389648438,,EUR
Amundi MSCI World Information Technology UCITS ETF,TNOW,2016-07-26,153.3699951171875,,EUR
Amundi MSCI World Information Technology UCITS ETF,TNOW,2016-07-27,154.58999633789062,,EUR
Amundi MSCI World Information Technology UCITS ETF,TNOW,2016-07-28,153.1999969482422,,EUR
Amundi MSCI World Information Technology UCITS ETF,TNOW,2016-07-29,153.32000732421875,,EUR
Amundi MSCI World Information Technology UCITS ETF,TNOW,2016-08-01,153.50999450683594,,EUR
Amundi MSCI World Information Technology UCITS ETF,TNOW,2016-08-02,150.85000610351562,,EUR
Amundi MSCI World Information Technology UCITS ETF,TNOW,2016-08-03,152.11000061035156,,EUR
Amundi MSCI World Information Technology UCITS ETF,TNOW,2016-08-04,153.83999633789062,,EUR
Amundi MSCI World Information Technology UCITS ETF,TNOW,2016-08-05,156.38999938964844,,EUR
Amundi MSCI World Information Technology UCITS ETF,TNOW,2016-08-08,156.22000122070312,,EUR
Amundi MSCI World Information Technology UCITS ETF,TNOW,2016-08-09,156.86000061035156,,EUR
Amundi MSCI World Information Technology UCITS ETF,TNOW,2016-08-10,155.22000122070312,,EUR
Amundi MSCI World Information Technology UCITS ETF,TNOW,2016-08-11,156.11000061035156,,EUR
Amundi MSCI World Information Technology UCITS ETF,TNOW,2016-08-12,155.75,,EUR
Amundi MSCI World Information Technology UCITS ETF,TNOW,2016-08-15,156.52000427246094,,EUR
Amundi MSCI World Information Technology UCITS ETF,TNOW,2016-08-16,154.5,,EUR
Amundi MSCI World Information Technology UCITS ETF,TNOW,2016-08-17,153.67999267578125,,EUR
Amundi MSCI World Information Technology UCITS ETF,TNOW,2016-08-18,153.74000549316406,,EUR
Amundi MSCI World Information Technology UCITS ETF,TNOW,2016-08-19,154.02999877929688,,EUR
Amundi MSCI World Information Technology UCITS ETF,TNOW,2016-08-22,153.6199951171875,,EUR
Amundi MSCI World Information Technology UCITS ETF,TNOW,2016-08-23,154.77000427246094,,EUR
Amundi MSCI World Information Technology UCITS ETF,TNOW,2016-08-24,155.0500030517578,,EUR
Amundi MSCI World Information Technology UCITS ETF,TNOW,2016-08-25,154.61000061035156,,EUR
Amundi MSCI World Information Technology UCITS ETF,TNOW,2016-08-26,155.72000122070312,,EUR
Amundi MSCI World Information Technology UCITS ETF,TNOW,2016-08-29,156.47999572753906,,EUR
Amundi MSCI World Information Technology UCITS ETF,TNOW,2016-08-30,156.47000122070312,,EUR
Amundi MSCI World Information Technology UCITS ETF,TNOW,2016-08-31,156.35000610351562,,EUR
Amundi MSCI World Information Technology UCITS ETF,TNOW,2016-09-01,155.66000366210938,,EUR
Amundi MSCI World Information Technology UCITS ETF,TNOW,2016-09-02,157.50999450683594,,EUR
Amundi MSCI World Information Technology UCITS ETF,TNOW,2016-09-05,157.61000061035156,,EUR
Amundi MSCI World Information Technology UCITS ETF,TNOW,2016-09-06,156.6999969482422,,EUR
Amundi MSCI World Information Technology UCITS ETF,TNOW,2016-09-07,157.16000366210938,,EUR
Amundi MSCI World Information Technology UCITS ETF,TNOW,2016-09-08,156.0,,EUR
Amundi MSCI World Information Technology UCITS ETF,TNOW,2016-09-09,155.07000732421875,,EUR
Amundi MSCI World Information Technology UCITS ETF,TNOW,2016-09-12,153.77999877929688,,EUR
Amundi MSCI World Information Technology UCITS ETF,TNOW,2016-09-13,153.4499969482422,,EUR
Amundi MSCI World Information Technology UCITS ETF,TNOW,2016-09-14,154.47999572753906,,EUR
Amundi MSCI World Information Technology UCITS ETF,TNOW,2016-09-15,156.6300048828125,,EUR
Amundi MSCI World Information Technology UCITS ETF,TNOW,2016-09-16,157.14999389648438,,EUR
Amundi MSCI World Information Technology UCITS ETF,TNOW,2016-09-19,157.88999938964844,,EUR
Amundi MSCI World Information Technology UCITS ETF,TNOW,2016-09-20,157.50999450683594,,EUR
Amundi MSCI World Information Technology UCITS ETF,TNOW,2016-09-21,158.47999572753906,,EUR
Amundi MSCI World Information Technology UCITS ETF,TNOW,2016-09-22,159.3699951171875,,EUR
Amundi MSCI World Information Technology UCITS ETF,TNOW,2016-09-23,158.72000122070312,,EUR
Amundi MSCI World Information Technology UCITS ETF,TNOW,2016-09-26,156.2100067138672,,EUR
Amundi MSCI World Information Technology UCITS ETF,TNOW,2016-09-27,158.4499969482422,,EUR
Amundi MSCI World Information Technology UCITS ETF,TNOW,2016-09-28,158.67999267578125,,EUR
Amundi MSCI World Information Technology UCITS ETF,TNOW,2016-09-29,158.52000427246094,,EUR
Amundi MSCI World Information Technology UCITS ETF,TNOW,2016-09-30,159.10000610351562,,EUR
Amundi MSCI World Information Technology UCITS ETF,TNOW,2016-10-03,158.97999572753906,,EUR
Amundi MSCI World Information Technology UCITS ETF,TNOW,2016-10-04,159.89999389648438,,EUR
Amundi MSCI World Information Technology UCITS ETF,TNOW,2016-10-05,159.6300048828125,,EUR
Amundi MSCI World Information Technology UCITS ETF,TNOW,2016-10-06,159.52000427246094,,EUR
Amundi MSCI World Information Technology UCITS ETF,TNOW,2016-10-07,159.8000030517578,,EUR
Amundi MSCI World Information Technology UCITS ETF,TNOW,2016-10-10,161.0399932861328,,EUR
Amundi MSCI World Information Technology UCITS ETF,TNOW,2016-10-11,160.57000732421875,,EUR
Amundi MSCI World Information Technology UCITS ETF,TNOW,2016-10-12,160.63999938964844,,EUR
Amundi MSCI World Information Technology UCITS ETF,TNOW,2016-10-13,158.92999267578125,,EUR
Amundi MSCI World Information Technology UCITS ETF,TNOW,2016-10-14,160.82000732421875,,EUR
Amundi MSCI World Information Technology UCITS ETF,TNOW,2016-10-17,160.41000366210938,,EUR
Amundi MSCI World Information Technology UCITS ETF,TNOW,2016-10-18,161.6199951171875,,EUR
Amundi MSCI World Information Technology UCITS ETF,TNOW,2016-10-19,161.86000061035156,,EUR
Amundi MSCI World Information Technology UCITS ETF,TNOW,2016-10-20,161.77000427246094,,EUR
Amundi MSCI World Information Technology UCITS ETF,TNOW,2016-10-21,163.5,,EUR
Amundi MSCI World Information Technology UCITS ETF,TNOW,2016-10-24,164.8699951171875,,EUR
Amundi MSCI World Information Technology UCITS ETF,TNOW,2016-10-25,164.3300018310547,,EUR
Amundi MSCI World Information Technology UCITS ETF,TNOW,2016-10-26,163.8000030517578,,EUR
Amundi MSCI World Information Technology UCITS ETF,TNOW,2016-10-27,163.4199981689453,,EUR
Amundi MSCI World Information Technology UCITS ETF,TNOW,2016-10-28,163.64999389648438,,EUR
Amundi MSCI World Information Technology UCITS ETF,TNOW,2016-10-31,162.36000061035156,,EUR
Amundi MSCI World Information Technology UCITS ETF,TNOW,2016-11-01,159.72999572753906,,EUR
Amundi MSCI World Information Technology UCITS ETF,TNOW,2016-11-02,158.22000122070312,,EUR
Amundi MSCI World Information Technology UCITS ETF,TNOW,2016-11-03,156.75,,EUR
Amundi MSCI World Information Technology UCITS ETF,TNOW,2016-11-04,156.97000122070312,,EUR
Amundi MSCI World Information Technology UCITS ETF,TNOW,2016-11-07,159.69000244140625,,EUR
Amundi MSCI World Information Technology UCITS ETF,TNOW,2016-11-08,160.25999450683594,,EUR
Amundi MSCI World Information Technology UCITS ETF,TNOW,2016-11-09,161.2100067138672,,EUR
Amundi MSCI World Information Technology UCITS ETF,TNOW,2016-11-10,159.63999938964844,,EUR
Amundi MSCI World Information Technology UCITS ETF,TNOW,2016-11-11,160.4499969482422,,EUR
Amundi MSCI World Information Technology UCITS ETF,TNOW,2016-11-14,160.27999877929688,,EUR
Amundi MSCI World Information Technology UCITS ETF,TNOW,2016-11-15,162.3300018310547,,EUR
Amundi MSCI World Information Technology UCITS ETF,TNOW,2016-11-16,163.72999572753906,,EUR
Amundi MSCI World Information Technology UCITS ETF,TNOW,2016-11-17,165.47999572753906,,EUR
Amundi MSCI World Information Technology UCITS ETF,TNOW,2016-11-18,166.83999633789062,,EUR
Amundi MSCI World Information Technology UCITS ETF,TNOW,2016-11-21,167.66000366210938,,EUR
Amundi MSCI World Information Technology UCITS ETF,TNOW,2016-11-22,168.16000366210938,,EUR
Amundi MSCI World Information Technology UCITS ETF,TNOW,2016-11-23,168.11000061035156,,EUR
Amundi MSCI World Information Technology UCITS ETF,TNOW,2016-11-24,168.67999267578125,,EUR
Amundi MSCI World Information Technology UCITS ETF,TNOW,2016-11-25,168.1300048828125,,EUR
Amundi MSCI World Information Technology UCITS ETF,TNOW,2016-11-28,168.74000549316406,,EUR
Amundi MSCI World Information Technology UCITS ETF,TNOW,2016-11-29,168.5800018310547,,EUR
Amundi MSCI World Information Technology UCITS ETF,TNOW,2016-11-30,167.94000244140625,,EUR
Amundi MSCI World Information Technology UCITS ETF,TNOW,2016-12-01,162.86000061035156,,EUR
Amundi MSCI World Information Technology UCITS ETF,TNOW,2016-12-02,162.4600067138672,,EUR
Amundi MSCI World Information Technology UCITS ETF,TNOW,2016-12-05,163.16000366210938,,EUR
Amundi MSCI World Information Technology UCITS ETF,TNOW,2016-12-06,162.8800048828125,,EUR
Amundi MSCI World Information Technology UCITS ETF,TNOW,2016-12-07,163.69000244140625,,EUR
Amundi MSCI World Information Technology UCITS ETF,TNOW,2016-12-08,168.82000732421875,,EUR
Amundi MSCI World Information Technology UCITS ETF,TNOW,2016-12-09,170.49000549316406,,EUR
Amundi MSCI World Information Technology UCITS ETF,TNOW,2016-12-12,169.3300018310547,,EUR
Amundi MSCI World Information Technology UCITS ETF,TNOW,2016-12-13,170.6699981689453,,EUR
Amundi MSCI World Information Technology UCITS ETF,TNOW,2016-12-14,170.39999389648438,,EUR
Amundi MSCI World Information Technology UCITS ETF,TNOW,2016-12-15,175.1199951171875,,EUR
Amundi MSCI World Information Technology UCITS ETF,TNOW,2016-12-16,172.85000610351562,,EUR
Amundi MSCI World Information Technology UCITS ETF,TNOW,2016-12-19,173.91000366210938,,EUR
Amundi MSCI World Information Technology UCITS ETF,TNOW,2016-12-20,175.27000427246094,,EUR
Amundi MSCI World Information Technology UCITS ETF,TNOW,2016-12-21,173.7899932861328,,EUR
Amundi MSCI World Information Technology UCITS ETF,TNOW,2016-12-22,173.19000244140625,,EUR
Amundi MSCI World Information Technology UCITS ETF,TNOW,2016-12-23,172.77999877929688,,EUR
Amundi MSCI World Information Technology UCITS ETF,TNOW,2016-12-27,174.19000244140625,,EUR
Amundi MSCI World Information Technology UCITS ETF,TNOW,2016-12-28,174.4499969482422,,EUR
Amundi MSCI World Information Technology UCITS ETF,TNOW,2016-12-29,171.7899932861328,,EUR
Amundi MSCI World Information Technology UCITS ETF,TNOW,2016-12-30,170.1300048828125,,EUR
Amundi MSCI World Information Technology UCITS ETF,TNOW,2017-01-02,172.22999572753906,,EUR
Amundi MSCI World Information Technology UCITS ETF,TNOW,2017-01-03,172.77999877929688,,EUR
Amundi MSCI World Information Technology UCITS ETF,TNOW,2017-01-04,172.85000610351562,,EUR
Amundi MSCI World Information Technology UCITS ETF,TNOW,2017-01-05,171.0800018310547,,EUR
Amundi MSCI World Information Technology UCITS ETF,TNOW,2017-01-06,173.02999877929688,,EUR
Amundi MSCI World Information Technology UCITS ETF,TNOW,2017-01-09,174.27999877929688,,EUR
Amundi MSCI World Information Technology UCITS ETF,TNOW,2017-01-10,173.92999267578125,,EUR
Amundi MSCI World Information Technology UCITS ETF,TNOW,2017-01-11,174.72999572753906,,EUR
Amundi MSCI World Information Technology UCITS ETF,TNOW,2017-01-12,171.6300048828125,,EUR
Amundi MSCI World Information Technology UCITS ETF,TNOW,2017-01-13,174.16000366210938,,EUR
Amundi MSCI World Information Technology UCITS ETF,TNOW,2017-01-16,174.3000030517578,,EUR
Amundi MSCI World Information Technology UCITS ETF,TNOW,2017-01-17,171.94000244140625,,EUR
Amundi MSCI World Information Technology UCITS ETF,TNOW,2017-01-18,172.66000366210938,,EUR
Amundi MSCI World Information Technology UCITS ETF,TNOW,2017-01-19,173.61000061035156,,EUR
Amundi MSCI World Information Technology UCITS ETF,TNOW,2017-01-20,173.4600067138672,,EUR
Amundi MSCI World Information Technology UCITS ETF,TNOW,2017-01-23,172.0500030517578,,EUR
Amundi MSCI World Information Technology UCITS ETF,TNOW,2017-01-24,173.17999267578125,,EUR
Amundi MSCI World Information Technology UCITS ETF,TNOW,2017-01-25,175.38999938964844,,EUR
Amundi MSCI World Information Technology UCITS ETF,TNOW,2017-01-26,176.97999572753906,,EUR
Amundi MSCI World Information Technology UCITS ETF,TNOW,2017-01-27,177.08999633789062,,EUR
Amundi MSCI World Information Technology UCITS ETF,TNOW,2017-01-30,175.08999633789062,,EUR
Amundi MSCI World Information Technology UCITS ETF,TNOW,2017-01-31,172.75,,EUR
Amundi MSCI World Information Technology UCITS ETF,TNOW,2017-02-01,174.30999755859375,,EUR
Amundi MSCI World Information Technology UCITS ETF,TNOW,2017-02-02,174.5399932861328,,EUR
Amundi MSCI World Information Technology UCITS ETF,TNOW,2017-02-03,175.99000549316406,,EUR
Amundi MSCI World Information Technology UCITS ETF,TNOW,2017-02-06,176.7899932861328,,EUR
Amundi MSCI World Information Technology UCITS ETF,TNOW,2017-02-07,178.4199981689453,,EUR
Amundi MSCI World Information Technology UCITS ETF,TNOW,2017-02-08,178.60000610351562,,EUR
Amundi MSCI World Information Technology UCITS ETF,TNOW,2017-02-09,179.85000610351562,,EUR
Amundi MSCI World Information Technology UCITS ETF,TNOW,2017-02-10,180.10000610351562,,EUR
Amundi MSCI World Information Technology UCITS ETF,TNOW,2017-02-13,181.99000549316406,,EUR
Amundi MSCI World Information Technology UCITS ETF,TNOW,2017-02-14,182.55999755859375,,EUR
Amundi MSCI World Information Technology UCITS ETF,TNOW,2017-02-15,183.19000244140625,,EUR
Amundi MSCI World Information Technology UCITS ETF,TNOW,2017-02-16,182.4600067138672,,EUR
Amundi MSCI World Information Technology UCITS ETF,TNOW,2017-02-17,183.3000030517578,,EUR
Amundi MSCI World Information Technology UCITS ETF,TNOW,2017-02-20,184.33999633789062,,EUR
Amundi MSCI World Information Technology UCITS ETF,TNOW,2017-02-21,185.94000244140625,,EUR
Amundi MSCI World Information Technology UCITS ETF,TNOW,2017-02-22,186.30999755859375,,EUR
Amundi MSCI World Information Technology UCITS ETF,TNOW,2017-02-23,185.19000244140625,,EUR
Amundi MSCI World Information Technology UCITS ETF,TNOW,2017-02-24,185.0399932861328,,EUR
Amundi MSCI World Information Technology UCITS ETF,TNOW,2017-02-27,184.91000366210938,,EUR
Amundi MSCI World Information Technology UCITS ETF,TNOW,2017-02-28,184.6999969482422,,EUR
Amundi MSCI World Information Technology UCITS ETF,TNOW,2017-03-01,187.24000549316406,,EUR
Amundi MSCI World Information Technology UCITS ETF,TNOW,2017-03-02,186.64999389648438,,EUR
Amundi MSCI World Information Technology UCITS ETF,TNOW,2017-03-03,187.10000610351562,,EUR
Amundi MSCI World Information Technology UCITS ETF,TNOW,2017-03-06,185.60000610351562,,EUR
Amundi MSCI World Information Technology UCITS ETF,TNOW,2017-03-07,186.52000427246094,,EUR
Amundi MSCI World Information Technology UCITS ETF,TNOW,2017-03-08,187.88999938964844,,EUR
Amundi MSCI World Information Technology UCITS ETF,TNOW,2017-03-09,186.60000610351562,,EUR
Amundi MSCI World Information Technology UCITS ETF,TNOW,2017-03-10,186.19000244140625,,EUR
Amundi MSCI World Information Technology UCITS ETF,TNOW,2017-03-13,186.25999450683594,,EUR
Amundi MSCI World Information Technology UCITS ETF,TNOW,2017-03-14,186.02999877929688,,EUR
Amundi MSCI World Information Technology UCITS ETF,TNOW,2017-03-15,187.24000549316406,,EUR
Amundi MSCI World Information Technology UCITS ETF,TNOW,2017-03-16,186.5500030517578,,EUR
Amundi MSCI World Information Technology UCITS ETF,TNOW,2017-03-17,186.72000122070312,,EUR
Amundi MSCI World Information Technology UCITS ETF,TNOW,2017-03-20,186.63999938964844,,EUR
Amundi MSCI World Information Technology UCITS ETF,TNOW,2017-03-21,183.89999389648438,,EUR
Amundi MSCI World Information Technology UCITS ETF,TNOW,2017-03-22,184.00999450683594,,EUR
Amundi MSCI World Information Technology UCITS ETF,TNOW,2017-03-23,184.75,,EUR
Amundi MSCI World Information Technology UCITS ETF,TNOW,2017-03-24,184.89999389648438,,EUR
Amundi MSCI World Information Technology UCITS ETF,TNOW,2017-03-27,182.5,,EUR
Amundi MSCI World Information Technology UCITS ETF,TNOW,2017-03-28,183.9199981689453,,EUR
Amundi MSCI World Information Technology UCITS ETF,TNOW,2017-03-29,186.11000061035156,,EUR
Amundi MSCI World Information Technology UCITS ETF,TNOW,2017-03-30,187.5500030517578,,EUR
Amundi MSCI World Information Technology UCITS ETF,TNOW,2017-03-31,188.08999633789062,,EUR
Amundi MSCI World Information Technology UCITS ETF,TNOW,2017-04-03,187.8800048828125,,EUR
Amundi MSCI World Information Technology UCITS ETF,TNOW,2017-04-04,187.77000427246094,,EUR
Amundi MSCI World Information Technology UCITS ETF,TNOW,2017-04-05,188.11000061035156,,EUR
Amundi MSCI World Information Technology UCITS ETF,TNOW,2017-04-06,187.1300048828125,,EUR
Amundi MSCI World Information Technology UCITS ETF,TNOW,2017-04-07,187.8800048828125,,EUR
Amundi MSCI World Information Technology UCITS ETF,TNOW,2017-04-10,188.1999969482422,,EUR
Amundi MSCI World Information Technology UCITS ETF,TNOW,2017-04-11,185.3300018310547,,EUR
Amundi MSCI World Information Technology UCITS ETF,TNOW,2017-04-12,186.44000244140625,,EUR
Amundi MSCI World Information Technology UCITS ETF,TNOW,2017-04-13,186.63999938964844,,EUR
Amundi MSCI World Information Technology UCITS ETF,TNOW,2017-04-18,185.36000061035156,,EUR
Amundi MSCI World Information Technology UCITS ETF,TNOW,2017-04-19,186.17999267578125,,EUR
Amundi MSCI World Information Technology UCITS ETF,TNOW,2017-04-20,185.22000122070312,,EUR
Amundi MSCI World Information Technology UCITS ETF,TNOW,2017-04-21,187.3300018310547,,EUR
Amundi MSCI World Information Technology UCITS ETF,TNOW,2017-04-24,186.42999267578125,,EUR
Amundi MSCI World Information Technology UCITS ETF,TNOW,2017-04-25,186.75999450683594,,EUR
Amundi MSCI World Information Technology UCITS ETF,TNOW,2017-04-26,187.91000366210938,,EUR
Amundi MSCI World Information Technology UCITS ETF,TNOW,2017-04-27,188.3300018310547,,EUR
Amundi MSCI World Information Technology UCITS ETF,TNOW,2017-04-28,188.3000030517578,,EUR
Amundi MSCI World Information Technology UCITS ETF,TNOW,2017-05-02,190.25999450683594,,EUR
Amundi MSCI World Information Technology UCITS ETF,TNOW,2017-05-03,190.57000732421875,,EUR
Amundi MSCI World Information Technology UCITS ETF,TNOW,2017-05-04,190.3699951171875,,EUR
Amundi MSCI World Information Technology UCITS ETF,TNOW,2017-05-05,189.7899932861328,,EUR
Amundi MSCI World Information Technology UCITS ETF,TNOW,2017-05-08,191.58999633789062,,EUR
Amundi MSCI World Information Technology UCITS ETF,TNOW,2017-05-09,193.25,,EUR
Amundi MSCI World Information Technology UCITS ETF,TNOW,2017-05-10,193.74000549316406,,EUR
Amundi MSCI World Information Technology UCITS ETF,TNOW,2017-05-11,193.02000427246094,,EUR
Amundi MSCI World Information Technology UCITS ETF,TNOW,2017-05-12,193.13999938964844,,EUR
Amundi MSCI World Information Technology UCITS ETF,TNOW,2017-05-15,193.22999572753906,,EUR
Amundi MSCI World Information Technology UCITS ETF,TNOW,2017-05-16,192.3699951171875,,EUR
Amundi MSCI World Information Technology UCITS ETF,TNOW,2017-05-17,188.85000610351562,,EUR
Amundi MSCI World Information Technology UCITS ETF,TNOW,2017-05-18,188.2899932861328,,EUR
Amundi MSCI World Information Technology UCITS ETF,TNOW,2017-05-19,188.41000366210938,,EUR
Amundi MSCI World Information Technology UCITS ETF,TNOW,2017-05-22,188.6999969482422,,EUR
Amundi MSCI World Information Technology UCITS ETF,TNOW,2017-05-23,189.47000122070312,,EUR
Amundi MSCI World Information Technology UCITS ETF,TNOW,2017-05-24,190.67999267578125,,EUR
Amundi MSCI World Information Technology UCITS ETF,TNOW,2017-05-25,191.57000732421875,,EUR
Amundi MSCI World Information Technology UCITS ETF,TNOW,2017-05-26,192.3800048828125,,EUR
Amundi MSCI World Information Technology UCITS ETF,TNOW,2017-05-29,192.5800018310547,,EUR
Amundi MSCI World Information Technology UCITS ETF,TNOW,2017-05-30,192.75,,EUR
Amundi MSCI World Information Technology UCITS ETF,TNOW,2017-05-31,191.55999755859375,,EUR
Amundi MSCI World Information Technology UCITS ETF,TNOW,2017-06-01,192.22999572753906,,EUR
Amundi MSCI World Information Technology UCITS ETF,TNOW,2017-06-02,192.7899932861328,,EUR
Amundi MSCI World Information Technology UCITS ETF,TNOW,2017-06-05,194.36000061035156,,EUR
Amundi MSCI World Information Technology UCITS ETF,TNOW,2017-06-06,194.17999267578125,,EUR
Amundi MSCI World Information Technology UCITS ETF,TNOW,2017-06-07,193.77000427246094,,EUR
Amundi MSCI World Information Technology UCITS ETF,TNOW,2017-06-08,195.63999938964844,,EUR
Amundi MSCI World Information Technology UCITS ETF,TNOW,2017-06-09,195.4499969482422,,EUR
Amundi MSCI World Information Technology UCITS ETF,TNOW,2017-06-12,189.75999450683594,,EUR
Amundi MSCI World Information Technology UCITS ETF,TNOW,2017-06-13,190.02000427246094,,EUR
Amundi MSCI World Information Technology UCITS ETF,TNOW,2017-06-14,189.85000610351562,,EUR
Amundi MSCI World Information Technology UCITS ETF,TNOW,2017-06-15,189.0399932861328,,EUR
Amundi MSCI World Information Technology UCITS ETF,TNOW,2017-06-16,188.77999877929688,,EUR
Amundi MSCI World Information Technology UCITS ETF,TNOW,2017-06-19,191.89999389648438,,EUR
Amundi MSCI World Information Technology UCITS ETF,TNOW,2017-06-20,192.3000030517578,,EUR
Amundi MSCI World Information Technology UCITS ETF,TNOW,2017-06-21,192.1999969482422,,EUR
Amundi MSCI World Information Technology UCITS ETF,TNOW,2017-06-22,192.60000610351562,,EUR
Amundi MSCI World Information Technology UCITS ETF,TNOW,2017-06-23,192.97999572753906,,EUR
Amundi MSCI World Information Technology UCITS ETF,TNOW,2017-06-26,192.42999267578125,,EUR
Amundi MSCI World Information Technology UCITS ETF,TNOW,2017-06-27,190.3000030517578,,EUR
Amundi MSCI World Information Technology UCITS ETF,TNOW,2017-06-28,187.3000030517578,,EUR
Amundi MSCI World Information Technology UCITS ETF,TNOW,2017-06-29,184.22999572753906,,EUR
Amundi MSCI World Information Technology UCITS ETF,TNOW,2017-06-30,184.52999877929688,,EUR
Amundi MSCI World Information Technology UCITS ETF,TNOW,2017-07-03,183.92999267578125,,EUR
Amundi MSCI World Information Technology UCITS ETF,TNOW,2017-07-04,183.27999877929688,,EUR
Amundi MSCI World Information Technology UCITS ETF,TNOW,2017-07-05,185.82000732421875,,EUR
Amundi MSCI World Information Technology UCITS ETF,TNOW,2017-07-06,183.63999938964844,,EUR
Amundi MSCI World Information Technology UCITS ETF,TNOW,2017-07-07,185.2899932861328,,EUR
Amundi MSCI World Information Technology UCITS ETF,TNOW,2017-07-10,186.41000366210938,,EUR
Amundi MSCI World Information Technology UCITS ETF,TNOW,2017-07-11,186.6999969482422,,EUR
Amundi MSCI World Information Technology UCITS ETF,TNOW,2017-07-12,188.99000549316406,,EUR
Amundi MSCI World Information Technology UCITS ETF,TNOW,2017-07-13,190.49000549316406,,EUR
Amundi MSCI World Information Technology UCITS ETF,TNOW,2017-07-14,190.1300048828125,,EUR
Amundi MSCI World Information Technology UCITS ETF,TNOW,2017-07-17,190.1999969482422,,EUR
Amundi MSCI World Information Technology UCITS ETF,TNOW,2017-07-18,189.2899932861328,,EUR
Amundi MSCI World Information Technology UCITS ETF,TNOW,2017-07-19,190.6199951171875,,EUR
Amundi MSCI World Information Technology UCITS ETF,TNOW,2017-07-20,190.39999389648438,,EUR
Amundi MSCI World Information Technology UCITS ETF,TNOW,2017-07-21,190.52999877929688,,EUR
Amundi MSCI World Information Technology UCITS ETF,TNOW,2017-07-24,189.58999633789062,,EUR
Amundi MSCI World Information Technology UCITS ETF,TNOW,2017-07-25,190.0399932861328,,EUR
Amundi MSCI World Information Technology UCITS ETF,TNOW,2017-07-26,190.25999450683594,,EUR
Amundi MSCI World Information Technology UCITS ETF,TNOW,2017-07-27,191.42999267578125,,EUR
Amundi MSCI World Information Technology UCITS ETF,TNOW,2017-07-28,186.2899932861328,,EUR
Amundi MSCI World Information Technology UCITS ETF,TNOW,2017-07-31,186.08999633789062,,EUR
Amundi MSCI World Information Technology UCITS ETF,TNOW,2017-08-01,186.1999969482422,,EUR
Amundi MSCI World Information Technology UCITS ETF,TNOW,2017-08-02,184.77999877929688,,EUR
Amundi MSCI World Information Technology UCITS ETF,TNOW,2017-08-03,185.4199981689453,,EUR
Amundi MSCI World Information Technology UCITS ETF,TNOW,2017-08-04,188.22000122070312,,EUR
Amundi MSCI World Information Technology UCITS ETF,TNOW,2017-08-07,187.89999389648438,,EUR
Amundi MSCI World Information Technology UCITS ETF,TNOW,2017-08-08,189.55999755859375,,EUR
Amundi MSCI World Information Technology UCITS ETF,TNOW,2017-08-09,187.8699951171875,,EUR
Amundi MSCI World Information Technology UCITS ETF,TNOW,2017-08-10,186.32000732421875,,EUR
Amundi MSCI World Information Technology UCITS ETF,TNOW,2017-08-11,184.8000030517578,,EUR
Amundi MSCI World Information Technology UCITS ETF,TNOW,2017-08-14,187.63999938964844,,EUR
Amundi MSCI World Information Technology UCITS ETF,TNOW,2017-08-15,189.39999389648438,,EUR
Amundi MSCI World Information Technology UCITS ETF,TNOW,2017-08-16,190.52000427246094,,EUR
Amundi MSCI World Information Technology UCITS ETF,TNOW,2017-08-17,188.3699951171875,,EUR
Amundi MSCI World Information Technology UCITS ETF,TNOW,2017-08-18,186.55999755859375,,EUR
Amundi MSCI World Information Technology UCITS ETF,TNOW,2017-08-21,184.9600067138672,,EUR
Amundi MSCI World Information Technology UCITS ETF,TNOW,2017-08-22,187.9199981689453,,EUR
Amundi MSCI World Information Technology UCITS ETF,TNOW,2017-08-23,187.75999450683594,,EUR
Amundi MSCI World Information Technology UCITS ETF,TNOW,2017-08-24,186.5500030517578,,EUR
Amundi MSCI World Information Technology UCITS ETF,TNOW,2017-08-25,185.88999938964844,,EUR
Amundi MSCI World Information Technology UCITS ETF,TNOW,2017-08-28,185.2899932861328,,EUR
Amundi MSCI World Information Technology UCITS ETF,TNOW,2017-08-29,183.60000610351562,,EUR
Amundi MSCI World Information Technology UCITS ETF,TNOW,2017-08-30,187.07000732421875,,EUR
Amundi MSCI World Information Technology UCITS ETF,TNOW,2017-08-31,189.3800048828125,,EUR
Amundi MSCI World Information Technology UCITS ETF,TNOW,2017-09-01,189.94000244140625,,EUR
Amundi MSCI World Information Technology UCITS ETF,TNOW,2017-09-04,188.74000549316406,,EUR
Amundi MSCI World Information Technology UCITS ETF,TNOW,2017-09-05,188.64999389648438,,EUR
Amundi MSCI World Information Technology UCITS ETF,TNOW,2017-09-06,187.72999572753906,,EUR
Amundi MSCI World Information Technology UCITS ETF,TNOW,2017-09-07,187.44000244140625,,EUR
Amundi MSCI World Information Technology UCITS ETF,TNOW,2017-09-08,186.8300018310547,,EUR
Amundi MSCI World Information Technology UCITS ETF,TNOW,2017-09-11,188.97000122070312,,EUR
Amundi MSCI World Information Technology UCITS ETF,TNOW,2017-09-12,189.97999572753906,,EUR
Amundi MSCI World Information Technology UCITS ETF,TNOW,2017-09-13,190.57000732421875,,EUR
Amundi MSCI World Information Technology UCITS ETF,TNOW,2017-09-14,190.97999572753906,,EUR
Amundi MSCI World Information Technology UCITS ETF,TNOW,2017-09-15,190.05999755859375,,EUR
Amundi MSCI World Information Technology UCITS ETF,TNOW,2017-09-18,190.91000366210938,,EUR
Amundi MSCI World Information Technology UCITS ETF,TNOW,2017-09-19,190.74000549316406,,EUR
Amundi MSCI World Information Technology UCITS ETF,TNOW,2017-09-20,189.27000427246094,,EUR
Amundi MSCI World Information Technology UCITS ETF,TNOW,2017-09-21,189.52999877929688,,EUR
Amundi MSCI World Information Technology UCITS ETF,TNOW,2017-09-22,188.7100067138672,,EUR
Amundi MSCI World Information Technology UCITS ETF,TNOW,2017-09-25,187.60000610351562,,EUR
Amundi MSCI World Information Technology UCITS ETF,TNOW,2017-09-26,190.3800048828125,,EUR
Amundi MSCI World Information Technology UCITS ETF,TNOW,2017-09-27,192.10000610351562,,EUR
Amundi MSCI World Information Technology UCITS ETF,TNOW,2017-09-28,192.36000061035156,,EUR
Amundi MSCI World Information Technology UCITS ETF,TNOW,2017-09-29,192.64999389648438,,EUR
Amundi MSCI World Information Technology UCITS ETF,TNOW,2017-10-02,194.60000610351562,,EUR
Amundi MSCI World Information Technology UCITS ETF,TNOW,2017-10-03,195.14999389648438,,EUR
Amundi MSCI World Information Technology UCITS ETF,TNOW,2017-10-04,194.94000244140625,,EUR
Amundi MSCI World Information Technology UCITS ETF,TNOW,2017-10-05,195.75999450683594,,EUR
Amundi MSCI World Information Technology UCITS ETF,TNOW,2017-10-06,197.11000061035156,,EUR
Amundi MSCI World Information Technology UCITS ETF,TNOW,2017-10-09,197.8300018310547,,EUR
Amundi MSCI World Information Technology UCITS ETF,TNOW,2017-10-10,196.42999267578125,,EUR
Amundi MSCI World Information Technology UCITS ETF,TNOW,2017-10-11,196.92999267578125,,EUR
Amundi MSCI World Information Technology UCITS ETF,TNOW,2017-10-12,197.36000061035156,,EUR
Amundi MSCI World Information Technology UCITS ETF,TNOW,2017-10-13,198.0,,EUR
Amundi MSCI World Information Technology UCITS ETF,TNOW,2017-10-16,198.77000427246094,,EUR
Amundi MSCI World Information Technology UCITS ETF,TNOW,2017-10-17,200.3300018310547,,EUR
Amundi MSCI World Information Technology UCITS ETF,TNOW,2017-10-18,199.77999877929688,,EUR
Amundi MSCI World Information Technology UCITS ETF,TNOW,2017-10-19,198.39999389648438,,EUR
Amundi MSCI World Information Technology UCITS ETF,TNOW,2017-10-20,200.99000549316406,,EUR
Amundi MSCI World Information Technology UCITS ETF,TNOW,2017-10-23,201.61000061035156,,EUR
Amundi MSCI World Information Technology UCITS ETF,TNOW,2017-10-24,201.22000122070312,,EUR
Amundi MSCI World Information Technology UCITS ETF,TNOW,2017-10-25,200.30999755859375,,EUR
Amundi MSCI World Information Technology UCITS ETF,TNOW,2017-10-26,202.0500030517578,,EUR
Amundi MSCI World Information Technology UCITS ETF,TNOW,2017-10-27,208.75999450683594,,EUR
Amundi MSCI World Information Technology UCITS ETF,TNOW,2017-10-30,209.27999877929688,,EUR
Amundi MSCI World Information Technology UCITS ETF,TNOW,2017-10-31,209.67999267578125,,EUR
Amundi MSCI World Information Technology UCITS ETF,TNOW,2017-11-01,210.47999572753906,,EUR
Amundi MSCI World Information Technology UCITS ETF,TNOW,2017-11-02,210.0800018310547,,EUR
Amundi MSCI World Information Technology UCITS ETF,TNOW,2017-11-03,211.85000610351562,,EUR
Amundi MSCI World Information Technology UCITS ETF,TNOW,2017-11-06,213.07000732421875,,EUR
Amundi MSCI World Information Technology UCITS ETF,TNOW,2017-11-07,214.39999389648438,,EUR
Amundi MSCI World Information Technology UCITS ETF,TNOW,2017-11-08,214.2899932861328,,EUR
Amundi MSCI World Information Technology UCITS ETF,TNOW,2017-11-09,212.27999877929688,,EUR
Amundi MSCI World Information Technology UCITS ETF,TNOW,2017-11-10,211.7899932861328,,EUR
Amundi MSCI World Information Technology UCITS ETF,TNOW,2017-11-13,211.42999267578125,,EUR
Amundi MSCI World Information Technology UCITS ETF,TNOW,2017-11-14,209.27999877929688,,EUR
Amundi MSCI World Information Technology UCITS ETF,TNOW,2017-11-15,207.19000244140625,,EUR
Amundi MSCI World Information Technology UCITS ETF,TNOW,2017-11-16,210.0,,EUR
Amundi MSCI World Information Technology UCITS ETF,TNOW,2017-11-17,210.22999572753906,,EUR
Amundi MSCI World Information Technology UCITS ETF,TNOW,2017-11-20,214.5,,EUR
Amundi MSCI World Information Technology UCITS ETF,TNOW,2017-11-21,213.8000030517578,,EUR
Amundi MSCI World Information Technology UCITS ETF,TNOW,2017-11-22,212.2899932861328,,EUR
Amundi MSCI World Information Technology UCITS ETF,TNOW,2017-11-23,211.6199951171875,,EUR
Amundi MSCI World Information Technology UCITS ETF,TNOW,2017-11-24,211.07000732421875,,EUR
Amundi MSCI World Information Technology UCITS ETF,TNOW,2017-11-27,211.02999877929688,,EUR
Amundi MSCI World Information Technology UCITS ETF,TNOW,2017-11-28,212.33999633789062,,EUR
Amundi MSCI World Information Technology UCITS ETF,TNOW,2017-11-29,207.41000366210938,,EUR
Amundi MSCI World Information Technology UCITS ETF,TNOW,2017-11-30,206.14999389648438,,EUR
Amundi MSCI World Information Technology UCITS ETF,TNOW,2017-12-01,204.77999877929688,,EUR
Amundi MSCI World Information Technology UCITS ETF,TNOW,2017-12-04,205.02999877929688,,EUR
Amundi MSCI World Information Technology UCITS ETF,TNOW,2017-12-05,206.5500030517578,,EUR
Amundi MSCI World Information Technology UCITS ETF,TNOW,2017-12-06,206.0800018310547,,EUR
Amundi MSCI World Information Technology UCITS ETF,TNOW,2017-12-07,207.86000061035156,,EUR
Amundi MSCI World Information Technology UCITS ETF,TNOW,2017-12-08,209.38999938964844,,EUR
Amundi MSCI World Information Technology UCITS ETF,TNOW,2017-12-11,209.47000122070312,,EUR
Amundi MSCI World Information Technology UCITS ETF,TNOW,2017-12-12,211.89999389648438,,EUR
Amundi MSCI World Information Technology UCITS ETF,TNOW,2017-12-13,209.74000549316406,,EUR
Amundi MSCI World Information Technology UCITS ETF,TNOW,2017-12-14,210.99000549316406,,EUR
Amundi MSCI World Information Technology UCITS ETF,TNOW,2017-12-15,211.6999969482422,,EUR
Amundi MSCI World Information Technology UCITS ETF,TNOW,2017-12-18,213.4499969482422,,EUR
Amundi MSCI World Information Technology UCITS ETF,TNOW,2017-12-19,212.44000244140625,,EUR
Amundi MSCI World Information Technology UCITS ETF,TNOW,2017-12-20,210.02000427246094,,EUR
Amundi MSCI World Information Technology UCITS ETF,TNOW,2017-12-21,211.69000244140625,,EUR
Amundi MSCI World Information Technology UCITS ETF,TNOW,2017-12-22,210.8699951171875,,EUR
Amundi MSCI World Information Technology UCITS ETF,TNOW,2017-12-27,209.35000610351562,,EUR
Amundi MSCI World Information Technology UCITS ETF,TNOW,2017-12-28,207.35000610351562,,EUR
Amundi MSCI World Information Technology UCITS ETF,TNOW,2017-12-29,205.33999633789062,,EUR
Amundi MSCI World Information Technology UCITS ETF,TNOW,2018-01-02,206.2100067138672,,EUR
Amundi MSCI World Information Technology UCITS ETF,TNOW,2018-01-03,210.63999938964844,,EUR
Amundi MSCI World Information Technology UCITS ETF,TNOW,2018-01-04,210.66000366210938,,EUR
Amundi MSCI World Information Technology UCITS ETF,TNOW,2018-01-05,214.10000610351562,,EUR
Amundi MSCI World Information Technology UCITS ETF,TNOW,2018-01-08,216.4199981689453,,EUR
Amundi MSCI World Information Technology UCITS ETF,TNOW,2018-01-09,217.19000244140625,,EUR
Amundi MSCI World Information Technology UCITS ETF,TNOW,2018-01-10,214.75999450683594,,EUR
Amundi MSCI World Information Technology UCITS ETF,TNOW,2018-01-11,214.3699951171875,,EUR
Amundi MSCI World Information Technology UCITS ETF,TNOW,2018-01-12,214.47000122070312,,EUR
Amundi MSCI World Information Technology UCITS ETF,TNOW,2018-01-15,213.10000610351562,,EUR
Amundi MSCI World Information Technology UCITS ETF,TNOW,2018-01-16,214.58999633789062,,EUR
Amundi MSCI World Information Technology UCITS ETF,TNOW,2018-01-17,214.33999633789062,,EUR
Amundi MSCI World Information Technology UCITS ETF,TNOW,2018-01-18,215.97000122070312,,EUR
Amundi MSCI World Information Technology UCITS ETF,TNOW,2018-01-19,216.47000122070312,,EUR
Amundi MSCI World Information Technology UCITS ETF,TNOW,2018-01-22,215.7100067138672,,EUR
Amundi MSCI World Information Technology UCITS ETF,TNOW,2018-01-23,219.10000610351562,,EUR
Amundi MSCI World Information Technology UCITS ETF,TNOW,2018-01-24,215.5,,EUR
Amundi MSCI World Information Technology UCITS ETF,TNOW,2018-01-25,213.75,,EUR
Amundi MSCI World Information Technology UCITS ETF,TNOW,2018-01-26,215.8000030517578,,EUR
Amundi MSCI World Information Technology UCITS ETF,TNOW,2018-01-29,217.1699981689453,,EUR
Amundi MSCI World Information Technology UCITS ETF,TNOW,2018-01-30,214.02999877929688,,EUR
Amundi MSCI World Information Technology UCITS ETF,TNOW,2018-01-31,214.07000732421875,,EUR
Amundi MSCI World Information Technology UCITS ETF,TNOW,2018-02-01,214.4499969482422,,EUR
Amundi MSCI World Information Technology UCITS ETF,TNOW,2018-02-02,210.22999572753906,,EUR
Amundi MSCI World Information Technology UCITS ETF,TNOW,2018-02-05,208.3000030517578,,EUR
Amundi MSCI World Information Technology UCITS ETF,TNOW,2018-02-06,197.17999267578125,,EUR
Amundi MSCI World Information Technology UCITS ETF,TNOW,2018-02-07,208.11000061035156,,EUR
Amundi MSCI World Information Technology UCITS ETF,TNOW,2018-02-08,201.4499969482422,,EUR
Amundi MSCI World Information Technology UCITS ETF,TNOW,2018-02-09,198.74000549316406,,EUR
Amundi MSCI World Information Technology UCITS ETF,TNOW,2018-02-12,203.97000122070312,,EUR
Amundi MSCI World Information Technology UCITS ETF,TNOW,2018-02-13,202.6300048828125,,EUR
Amundi MSCI World Information Technology UCITS ETF,TNOW,2018-02-14,203.5399932861328,,EUR
Amundi MSCI World Information Technology UCITS ETF,TNOW,2018-02-15,207.0800018310547,,EUR
Amundi MSCI World Information Technology UCITS ETF,TNOW,2018-02-16,211.47000122070312,,EUR
Amundi MSCI World Information Technology UCITS ETF,TNOW,2018-02-19,210.67999267578125,,EUR
Amundi MSCI World Information Technology UCITS ETF,TNOW,2018-02-20,213.19000244140625,,EUR
Amundi MSCI World Information Technology UCITS ETF,TNOW,2018-02-21,214.69000244140625,,EUR
Amundi MSCI World Information Technology UCITS ETF,TNOW,2018-02-22,212.44000244140625,,EUR
Amundi MSCI World Information Technology UCITS ETF,TNOW,2018-02-23,214.25,,EUR
Amundi MSCI World Information Technology UCITS ETF,TNOW,2018-02-26,217.63999938964844,,EUR
Amundi MSCI World Information Technology UCITS ETF,TNOW,2018-02-27,218.13999938964844,,EUR
Amundi MSCI World Information Technology UCITS ETF,TNOW,2018-02-28,218.77999877929688,,EUR
Amundi MSCI World Information Technology UCITS ETF,TNOW,2018-03-01,216.72000122070312,,EUR
Amundi MSCI World Information Technology UCITS ETF,TNOW,2018-03-02,210.19000244140625,,EUR
Amundi MSCI World Information Technology UCITS ETF,TNOW,2018-03-05,214.57000732421875,,EUR
Amundi MSCI World Information Technology UCITS ETF,TNOW,2018-03-06,214.58999633789062,,EUR
Amundi MSCI World Information Technology UCITS ETF,TNOW,2018-03-07,215.02000427246094,,EUR
Amundi MSCI World Information Technology UCITS ETF,TNOW,2018-03-08,218.47000122070312,,EUR
Amundi MSCI World Information Technology UCITS ETF,TNOW,2018-03-09,221.47000122070312,,EUR
Amundi MSCI World Information Technology UCITS ETF,TNOW,2018-03-12,223.8300018310547,,EUR
Amundi MSCI World Information Technology UCITS ETF,TNOW,2018-03-13,221.1999969482422,,EUR
Amundi MSCI World Information Technology UCITS ETF,TNOW,2018-03-14,220.1199951171875,,EUR
Amundi MSCI World Information Technology UCITS ETF,TNOW,2018-03-15,221.85000610351562,,EUR
Amundi MSCI World Information Technology UCITS ETF,TNOW,2018-03-16,221.6199951171875,,EUR
Amundi MSCI World Information Technology UCITS ETF,TNOW,2018-03-19,216.0399932861328,,EUR
Amundi MSCI World Information Technology UCITS ETF,TNOW,2018-03-20,217.50999450683594,,EUR
Amundi MSCI World Information Technology UCITS ETF,TNOW,2018-03-21,218.05999755859375,,EUR
Amundi MSCI World Information Technology UCITS ETF,TNOW,2018-03-22,212.6999969482422,,EUR
Amundi MSCI World Information Technology UCITS ETF,TNOW,2018-03-23,207.3699951171875,,EUR
Amundi MSCI World Information Technology UCITS ETF,TNOW,2018-03-26,205.1300048828125,,EUR
Amundi MSCI World Information Technology UCITS ETF,TNOW,2018-03-27,210.5,,EUR
Amundi MSCI World Information Technology UCITS ETF,TNOW,2018-03-28,202.8699951171875,,EUR
Amundi MSCI World Information Technology UCITS ETF,TNOW,2018-03-29,206.2100067138672,,EUR
Amundi MSCI World Information Technology UCITS ETF,TNOW,2018-04-03,203.50999450683594,,EUR
Amundi MSCI World Information Technology UCITS ETF,TNOW,2018-04-04,203.00999450683594,,EUR
Amundi MSCI World Information Technology UCITS ETF,TNOW,2018-04-05,210.27999877929688,,EUR
Amundi MSCI World Information Technology UCITS ETF,TNOW,2018-04-06,205.8000030517578,,EUR
Amundi MSCI World Information Technology UCITS ETF,TNOW,2018-04-09,206.85000610351562,,EUR
Amundi MSCI World Information Technology UCITS ETF,TNOW,2018-04-10,207.72000122070312,,EUR
Amundi MSCI World Information Technology UCITS ETF,TNOW,2018-04-11,207.14999389648438,,EUR
Amundi MSCI World Information Technology UCITS ETF,TNOW,2018-04-12,210.44000244140625,,EUR
Amundi MSCI World Information Technology UCITS ETF,TNOW,2018-04-13,209.5399932861328,,EUR
Amundi MSCI World Information Technology UCITS ETF,TNOW,2018-04-16,208.5800018310547,,EUR
Amundi MSCI World Information Technology UCITS ETF,TNOW,2018-04-17,213.9199981689453,,EUR
Amundi MSCI World Information Technology UCITS ETF,TNOW,2018-04-18,213.52000427246094,,EUR
Amundi MSCI World Information Technology UCITS ETF,TNOW,2018-04-19,212.0500030517578,,EUR
Amundi MSCI World Information Technology UCITS ETF,TNOW,2018-04-20,210.67999267578125,,EUR
Amundi MSCI World Information Technology UCITS ETF,TNOW,2018-04-23,212.3800048828125,,EUR
Amundi MSCI World Information Technology UCITS ETF,TNOW,2018-04-24,209.02999877929688,,EUR
Amundi MSCI World Information Technology UCITS ETF,TNOW,2018-04-25,206.49000549316406,,EUR
Amundi MSCI World Information Technology UCITS ETF,TNOW,2018-04-26,211.82000732421875,,EUR
Amundi MSCI World Information Technology UCITS ETF,TNOW,2018-04-27,212.0500030517578,,EUR
Amundi MSCI World Information Technology UCITS ETF,TNOW,2018-04-30,213.30999755859375,,EUR
Amundi MSCI World Information Technology UCITS ETF,TNOW,2018-05-02,217.0800018310547,,EUR
Amundi MSCI World Information Technology UCITS ETF,TNOW,2018-05-03,214.27000427246094,,EUR
Amundi MSCI World Information Technology UCITS ETF,TNOW,2018-05-04,220.41000366210938,,EUR
Amundi MSCI World Information Technology UCITS ETF,TNOW,2018-05-07,223.82000732421875,,EUR
Amundi MSCI World Information Technology UCITS ETF,TNOW,2018-05-08,223.85000610351562,,EUR
Amundi MSCI World Information Technology UCITS ETF,TNOW,2018-05-09,225.4499969482422,,EUR
Amundi MSCI World Information Technology UCITS ETF,TNOW,2018-05-10,227.6999969482422,,EUR
Amundi MSCI World Information Technology UCITS ETF,TNOW,2018-05-11,228.07000732421875,,EUR
Amundi MSCI World Information Technology UCITS ETF,TNOW,2018-05-14,228.92999267578125,,EUR
Amundi MSCI World Information Technology UCITS ETF,TNOW,2018-05-15,226.6999969482422,,EUR
Amundi MSCI World Information Technology UCITS ETF,TNOW,2018-05-16,229.2899932861328,,EUR
Amundi MSCI World Information Technology UCITS ETF,TNOW,2018-05-17,229.67999267578125,,EUR
Amundi MSCI World Information Technology UCITS ETF,TNOW,2018-05-18,228.94000244140625,,EUR
Amundi MSCI World Information Technology UCITS ETF,TNOW,2018-05-21,229.0,,EUR
Amundi MSCI World Information Technology UCITS ETF,TNOW,2018-05-22,229.6999969482422,,EUR
Amundi MSCI World Information Technology UCITS ETF,TNOW,2018-05-23,229.17999267578125,,EUR
Amundi MSCI World Information Technology UCITS ETF,TNOW,2018-05-24,230.8300018310547,,EUR
Amundi MSCI World Information Technology UCITS ETF,TNOW,2018-05-25,233.08999633789062,,EUR
Amundi MSCI World Information Technology UCITS ETF,TNOW,2018-05-28,233.77000427246094,,EUR
Amundi MSCI World Information Technology UCITS ETF,TNOW,2018-05-29,233.85000610351562,,EUR
Amundi MSCI World Information Technology UCITS ETF,TNOW,2018-05-30,233.11000061035156,,EUR
Amundi MSCI World Information Technology UCITS ETF,TNOW,2018-05-31,233.30999755859375,,EUR
Amundi MSCI World Information Technology UCITS ETF,TNOW,2018-06-01,235.72999572753906,,EUR
Amundi MSCI World Information Technology UCITS ETF,TNOW,2018-06-04,237.6699981689453,,EUR
Amundi MSCI World Information Technology UCITS ETF,TNOW,2018-06-05,239.2899932861328,,EUR
Amundi MSCI World Information Technology UCITS ETF,TNOW,2018-06-06,238.5500030517578,,EUR
Amundi MSCI World Information Technology UCITS ETF,TNOW,2018-06-07,236.64999389648438,,EUR
Amundi MSCI World Information Technology UCITS ETF,TNOW,2018-06-08,236.39999389648438,,EUR
Amundi MSCI World Information Technology UCITS ETF,TNOW,2018-06-11,236.50999450683594,,EUR
Amundi MSCI World Information Technology UCITS ETF,TNOW,2018-06-12,237.92999267578125,,EUR
Amundi MSCI World Information Technology UCITS ETF,TNOW,2018-06-13,239.67999267578125,,EUR
Amundi MSCI World Information Technology UCITS ETF,TNOW,2018-06-14,242.94000244140625,,EUR
Amundi MSCI World Information Technology UCITS ETF,TNOW,2018-06-15,241.24000549316406,,EUR
Amundi MSCI World Information Technology UCITS ETF,TNOW,2018-06-18,241.3000030517578,,EUR
Amundi MSCI World Information Technology UCITS ETF,TNOW,2018-06-19,239.94000244140625,,EUR
Amundi MSCI World Information Technology UCITS ETF,TNOW,2018-06-20,241.7899932861328,,EUR
Amundi MSCI World Information Technology UCITS ETF,TNOW,2018-06-21,239.10000610351562,,EUR
Amundi MSCI World Information Technology UCITS ETF,TNOW,2018-06-22,237.55999755859375,,EUR
Amundi MSCI World Information Technology UCITS ETF,TNOW,2018-06-25,231.1199951171875,,EUR
Amundi MSCI World Information Technology UCITS ETF,TNOW,2018-06-26,232.55999755859375,,EUR
Amundi MSCI World Information Technology UCITS ETF,TNOW,2018-06-27,234.8000030517578,,EUR
Amundi MSCI World Information Technology UCITS ETF,TNOW,2018-06-28,232.10000610351562,,EUR
Amundi MSCI World Information Technology UCITS ETF,TNOW,2018-06-29,232.42999267578125,,EUR
Amundi MSCI World Information Technology UCITS ETF,TNOW,2018-07-02,232.75,,EUR
Amundi MSCI World Information Technology UCITS ETF,TNOW,2018-07-03,232.4199981689453,,EUR
Amundi MSCI World Information Technology UCITS ETF,TNOW,2018-07-04,231.55999755859375,,EUR
Amundi MSCI World Information Technology UCITS ETF,TNOW,2018-07-05,232.3000030517578,,EUR
Amundi MSCI World Information Technology UCITS ETF,TNOW,2018-07-06,233.80999755859375,,EUR
Amundi MSCI World Information Technology UCITS ETF,TNOW,2018-07-09,236.10000610351562,,EUR
Amundi MSCI World Information Technology UCITS ETF,TNOW,2018-07-10,238.07000732421875,,EUR
Amundi MSCI World Information Technology UCITS ETF,TNOW,2018-07-11,236.00999450683594,,EUR
Amundi MSCI World Information Technology UCITS ETF,TNOW,2018-07-12,239.97000122070312,,EUR
Amundi MSCI World Information Technology UCITS ETF,TNOW,2018-07-13,242.6199951171875,,EUR
Amundi MSCI World Information Technology UCITS ETF,TNOW,2018-07-16,240.8000030517578,,EUR
Amundi MSCI World Information Technology UCITS ETF,TNOW,2018-07-17,241.4600067138672,,EUR
Amundi MSCI World Information Technology UCITS ETF,TNOW,2018-07-18,243.11000061035156,,EUR
Amundi MSCI World Information Technology UCITS ETF,TNOW,2018-07-19,244.55999755859375,,EUR
Amundi MSCI World Information Technology UCITS ETF,TNOW,2018-07-20,243.2100067138672,,EUR
Amundi MSCI World Information Technology UCITS ETF,TNOW,2018-07-23,240.77000427246094,,EUR
Amundi MSCI World Information Technology UCITS ETF,TNOW,2018-07-24,244.97000122070312,,EUR
Amundi MSCI World Information Technology UCITS ETF,TNOW,2018-07-25,244.83999633789062,,EUR
Amundi MSCI World Information Technology UCITS ETF,TNOW,2018-07-26,244.3000030517578,,EUR
Amundi MSCI World Information Technology UCITS ETF,TNOW,2018-07-27,243.07000732421875,,EUR
Amundi MSCI World Information Technology UCITS ETF,TNOW,2018-07-30,235.74000549316406,,EUR
Amundi MSCI World Information Technology UCITS ETF,TNOW,2018-07-31,236.10000610351562,,EUR
Amundi MSCI World Information Technology UCITS ETF,TNOW,2018-08-01,237.91000366210938,,EUR
Amundi MSCI World Information Technology UCITS ETF,TNOW,2018-08-02,241.25,,EUR
Amundi MSCI World Information Technology UCITS ETF,TNOW,2018-08-03,241.64999389648438,,EUR
Amundi MSCI World Information Technology UCITS ETF,TNOW,2018-08-06,244.2899932861328,,EUR
Amundi MSCI World Information Technology UCITS ETF,TNOW,2018-08-07,245.49000549316406,,EUR
Amundi MSCI World Information Technology UCITS ETF,TNOW,2018-08-08,246.57000732421875,,EUR
Amundi MSCI World Information Technology UCITS ETF,TNOW,2018-08-09,247.7899932861328,,EUR
Amundi MSCI World Information Technology UCITS ETF,TNOW,2018-08-10,248.9199981689453,,EUR
Amundi MSCI World Information Technology UCITS ETF,TNOW,2018-08-13,248.8800048828125,,EUR
Amundi MSCI World Information Technology UCITS ETF,TNOW,2018-08-14,249.91000366210938,,EUR
Amundi MSCI World Information Technology UCITS ETF,TNOW,2018-08-15,246.63999938964844,,EUR
Amundi MSCI World Information Technology UCITS ETF,TNOW,2018-08-16,248.6199951171875,,EUR
Amundi MSCI World Information Technology UCITS ETF,TNOW,2018-08-17,246.1199951171875,,EUR
Amundi MSCI World Information Technology UCITS ETF,TNOW,2018-08-20,246.5399932861328,,EUR
Amundi MSCI World Information Technology UCITS ETF,TNOW,2018-08-21,245.89999389648438,,EUR
Amundi MSCI World Information Technology UCITS ETF,TNOW,2018-08-22,245.52999877929688,,EUR
Amundi MSCI World Information Technology UCITS ETF,TNOW,2018-08-23,246.24000549316406,,EUR
Amundi MSCI World Information Technology UCITS ETF,TNOW,2018-08-24,246.6199951171875,,EUR
Amundi MSCI World Information Technology UCITS ETF,TNOW,2018-08-27,249.2100067138672,,EUR
Amundi MSCI World Information Technology UCITS ETF,TNOW,2018-08-28,248.75999450683594,,EUR
Amundi MSCI World Information Technology UCITS ETF,TNOW,2018-08-29,251.75,,EUR
Amundi MSCI World Information Technology UCITS ETF,TNOW,2018-08-30,250.74000549316406,,EUR
Amundi MSCI World Information Technology UCITS ETF,TNOW,2018-08-31,252.9499969482422,,EUR
Amundi MSCI World Information Technology UCITS ETF,TNOW,2018-09-03,253.52999877929688,,EUR
Amundi MSCI World Information Technology UCITS ETF,TNOW,2018-09-04,253.02999877929688,,EUR
Amundi MSCI World Information Technology UCITS ETF,TNOW,2018-09-05,247.27000427246094,,EUR
Amundi MSCI World Information Technology UCITS ETF,TNOW,2018-09-06,243.91000366210938,,EUR
Amundi MSCI World Information Technology UCITS ETF,TNOW,2018-09-07,247.27999877929688,,EUR
Amundi MSCI World Information Technology UCITS ETF,TNOW,2018-09-10,246.1999969482422,,EUR
Amundi MSCI World Information Technology UCITS ETF,TNOW,2018-09-11,247.47999572753906,,EUR
Amundi MSCI World Information Technology UCITS ETF,TNOW,2018-09-12,246.25,,EUR
Amundi MSCI World Information Technology UCITS ETF,TNOW,2018-09-13,247.64999389648438,,EUR
Amundi MSCI World Information Technology UCITS ETF,TNOW,2018-09-14,249.0,,EUR
Amundi MSCI World Information Technology UCITS ETF,TNOW,2018-09-17,244.57000732421875,,EUR
Amundi MSCI World Information Technology UCITS ETF,TNOW,2018-09-18,247.4600067138672,,EUR
Amundi MSCI World Information Technology UCITS ETF,TNOW,2018-09-19,244.47000122070312,,EUR
Amundi MSCI World Information Technology UCITS ETF,TNOW,2018-09-20,245.77000427246094,,EUR
Amundi MSCI World Information Technology UCITS ETF,TNOW,2018-09-21,248.00999450683594,,EUR
Amundi MSCI World Information Technology UCITS ETF,TNOW,2018-09-24,246.8000030517578,,EUR
Amundi MSCI World Information Technology UCITS ETF,TNOW,2018-09-25,247.8300018310547,,EUR
Amundi MSCI World Information Technology UCITS ETF,TNOW,2018-09-26,249.10000610351562,,EUR
Amundi MSCI World Information Technology UCITS ETF,TNOW,2018-09-27,251.1300048828125,,EUR
Amundi MSCI World Information Technology UCITS ETF,TNOW,2018-09-28,251.9199981689453,,EUR
Amundi MSCI World Information Technology UCITS ETF,TNOW,2018-10-01,254.77000427246094,,EUR
Amundi MSCI World Information Technology UCITS ETF,TNOW,2018-10-02,254.8000030517578,,EUR
Amundi MSCI World Information Technology UCITS ETF,TNOW,2018-10-03,255.64999389648438,,EUR
Amundi MSCI World Information Technology UCITS ETF,TNOW,2018-10-04,251.35000610351562,,EUR
Amundi MSCI World Information Technology UCITS ETF,TNOW,2018-10-05,247.85000610351562,,EUR
Amundi MSCI World Information Technology UCITS ETF,TNOW,2018-10-08,244.72999572753906,,EUR
Amundi MSCI World Information Technology UCITS ETF,TNOW,2018-10-09,246.57000732421875,,EUR
Amundi MSCI World Information Technology UCITS ETF,TNOW,2018-10-10,237.8699951171875,,EUR
Amundi MSCI World Information Technology UCITS ETF,TNOW,2018-10-11,230.69000244140625,,EUR
Amundi MSCI World Information Technology UCITS ETF,TNOW,2018-10-12,234.0399932861328,,EUR
Amundi MSCI World Information Technology UCITS ETF,TNOW,2018-10-15,235.2100067138672,,EUR
Amundi MSCI World Information Technology UCITS ETF,TNOW,2018-10-16,237.38999938964844,,EUR
Amundi MSCI World Information Technology UCITS ETF,TNOW,2018-10-17,238.25,,EUR
Amundi MSCI World Information Technology UCITS ETF,TNOW,2018-10-18,236.4499969482422,,EUR
Amundi MSCI World Information Technology UCITS ETF,TNOW,2018-10-19,235.85000610351562,,EUR
Amundi MSCI World Information Technology UCITS ETF,TNOW,2018-10-22,237.97999572753906,,EUR
Amundi MSCI World Information Technology UCITS ETF,TNOW,2018-10-23,230.58999633789062,,EUR
Amundi MSCI World Information Technology UCITS ETF,TNOW,2018-10-24,231.30999755859375,,EUR
Amundi MSCI World Information Technology UCITS ETF,TNOW,2018-10-25,233.47000122070312,,EUR
Amundi MSCI World Information Technology UCITS ETF,TNOW,2018-10-26,229.2899932861328,,EUR
Amundi MSCI World Information Technology UCITS ETF,TNOW,2018-10-29,228.72000122070312,,EUR
Amundi MSCI World Information Technology UCITS ETF,TNOW,2018-10-30,225.5500030517578,,EUR
Amundi MSCI World Information Technology UCITS ETF,TNOW,2018-10-31,236.00999450683594,,EUR
Amundi MSCI World Information Technology UCITS ETF,TNOW,2018-11-01,234.94000244140625,,EUR
Amundi MSCI World Information Technology UCITS ETF,TNOW,2018-11-02,233.47000122070312,,EUR
Amundi MSCI World Information Technology UCITS ETF,TNOW,2018-11-05,230.41000366210938,,EUR
Amundi MSCI World Information Technology UCITS ETF,TNOW,2018-11-06,231.75999450683594,,EUR
Amundi MSCI World Information Technology UCITS ETF,TNOW,2018-11-07,237.02999877929688,,EUR
Amundi MSCI World Information Technology UCITS ETF,TNOW,2018-11-08,238.02000427246094,,EUR
Amundi MSCI World Information Technology UCITS ETF,TNOW,2018-11-09,234.2100067138672,,EUR
Amundi MSCI World Information Technology UCITS ETF,TNOW,2018-11-12,229.6300048828125,,EUR
Amundi MSCI World Information Technology UCITS ETF,TNOW,2018-11-13,232.2100067138672,,EUR
Amundi MSCI World Information Technology UCITS ETF,TNOW,2018-11-14,227.30999755859375,,EUR
Amundi MSCI World Information Technology UCITS ETF,TNOW,2018-11-15,228.9499969482422,,EUR
Amundi MSCI World Information Technology UCITS ETF,TNOW,2018-11-16,226.58999633789062,,EUR
Amundi MSCI World Information Technology UCITS ETF,TNOW,2018-11-19,220.42999267578125,,EUR
Amundi MSCI World Information Technology UCITS ETF,TNOW,2018-11-20,217.47000122070312,,EUR
Amundi MSCI World Information Technology UCITS ETF,TNOW,2018-11-21,219.22999572753906,,EUR
Amundi MSCI World Information Technology UCITS ETF,TNOW,2018-11-22,216.11000061035156,,EUR
Amundi MSCI World Information Technology UCITS ETF,TNOW,2018-11-23,219.17999267578125,,EUR
Amundi MSCI World Information Technology UCITS ETF,TNOW,2018-11-26,221.4499969482422,,EUR
Amundi MSCI World Information Technology UCITS ETF,TNOW,2018-11-27,223.25999450683594,,EUR
Amundi MSCI World Information Technology UCITS ETF,TNOW,2018-11-28,225.2899932861328,,EUR
Amundi MSCI World Information Technology UCITS ETF,TNOW,2018-11-29,227.9499969482422,,EUR
Amundi MSCI World Information Technology UCITS ETF,TNOW,2018-11-30,227.85000610351562,,EUR
Amundi MSCI World Information Technology UCITS ETF,TNOW,2018-12-03,234.1999969482422,,EUR
Amundi MSCI World Information Technology UCITS ETF,TNOW,2018-12-04,232.5399932861328,,EUR
Amundi MSCI World Information Technology UCITS ETF,TNOW,2018-12-05,227.55999755859375,,EUR
Amundi MSCI World Information Technology UCITS ETF,TNOW,2018-12-06,219.61000061035156,,EUR
Amundi MSCI World Information Technology UCITS ETF,TNOW,2018-12-07,220.0500030517578,,EUR
Amundi MSCI World Information Technology UCITS ETF,TNOW,2018-12-10,217.49000549316406,,EUR
Amundi MSCI World Information Technology UCITS ETF,TNOW,2018-12-11,222.88999938964844,,EUR
Amundi MSCI World Information Technology UCITS ETF,TNOW,2018-12-12,225.55999755859375,,EUR
Amundi MSCI World Information Technology UCITS ETF,TNOW,2018-12-13,223.88999938964844,,EUR
Amundi MSCI World Information Technology UCITS ETF,TNOW,2018-12-14,222.97999572753906,,EUR
Amundi MSCI World Information Technology UCITS ETF,TNOW,2018-12-17,217.67999267578125,,EUR
Amundi MSCI World Information Technology UCITS ETF,TNOW,2018-12-18,215.02000427246094,,EUR
Amundi MSCI World Information Technology UCITS ETF,TNOW,2018-12-19,214.92999267578125,,EUR
Amundi MSCI World Information Technology UCITS ETF,TNOW,2018-12-20,207.00999450683594,,EUR
Amundi MSCI World Information Technology UCITS ETF,TNOW,2018-12-21,205.4199981689453,,EUR
Amundi MSCI World Information Technology UCITS ETF,TNOW,2018-12-24,197.97999572753906,,EUR
Amundi MSCI World Information Technology UCITS ETF,TNOW,2018-12-27,203.1699981689453,,EUR
Amundi MSCI World Information Technology UCITS ETF,TNOW,2018-12-28,207.08999633789062,,EUR
Amundi MSCI World Information Technology UCITS ETF,TNOW,2018-12-31,209.72999572753906,,EUR
Amundi MSCI World Information Technology UCITS ETF,TNOW,2019-01-02,211.44000244140625,,EUR
Amundi MSCI World Information Technology UCITS ETF,TNOW,2019-01-03,202.6699981689453,,EUR
Amundi MSCI World Information Technology UCITS ETF,TNOW,2019-01-04,208.25,,EUR
Amundi MSCI World Information Technology UCITS ETF,TNOW,2019-01-07,208.6199951171875,,EUR
Amundi MSCI World Information Technology UCITS ETF,TNOW,2019-01-08,210.02000427246094,,EUR
Amundi MSCI World Information Technology UCITS ETF,TNOW,2019-01-09,213.7899932861328,,EUR
Amundi MSCI World Information Technology UCITS ETF,TNOW,2019-01-10,213.25999450683594,,EUR
Amundi MSCI World Information Technology UCITS ETF,TNOW,2019-01-11,213.8699951171875,,EUR
Amundi MSCI World Information Technology UCITS ETF,TNOW,2019-01-14,213.0500030517578,,EUR
Amundi MSCI World Information Technology UCITS ETF,TNOW,2019-01-15,216.52000427246094,,EUR
Amundi MSCI World Information Technology UCITS ETF,TNOW,2019-01-16,218.25,,EUR
Amundi MSCI World Information Technology UCITS ETF,TNOW,2019-01-17,218.42999267578125,,EUR
Amundi MSCI World Information Technology UCITS ETF,TNOW,2019-01-18,223.1199951171875,,EUR
Amundi MSCI World Information Technology UCITS ETF,TNOW,2019-01-21,221.0800018310547,,EUR
Amundi MSCI World Information Technology UCITS ETF,TNOW,2019-01-22,220.0,,EUR
Amundi MSCI World Information Technology UCITS ETF,TNOW,2019-01-23,219.3300018310547,,EUR
Amundi MSCI World Information Technology UCITS ETF,TNOW,2019-01-24,222.92999267578125,,EUR
Amundi MSCI World Information Technology UCITS ETF,TNOW,2019-01-25,223.89999389648438,,EUR
Amundi MSCI World Information Technology UCITS ETF,TNOW,2019-01-28,220.57000732421875,,EUR
Amundi MSCI World Information Technology UCITS ETF,TNOW,2019-01-29,220.42999267578125,,EUR
Amundi MSCI World Information Technology UCITS ETF,TNOW,2019-01-30,222.67999267578125,,EUR
Amundi MSCI World Information Technology UCITS ETF,TNOW,2019-01-31,224.83999633789062,,EUR
Amundi MSCI World Information Technology UCITS ETF,TNOW,2019-02-01,226.66000366210938,,EUR
Amundi MSCI World Information Technology UCITS ETF,TNOW,2019-02-04,229.0,,EUR
Amundi MSCI World Information Technology UCITS ETF,TNOW,2019-02-05,233.36000061035156,,EUR
Amundi MSCI World Information Technology UCITS ETF,TNOW,2019-02-06,234.44000244140625,,EUR
Amundi MSCI World Information Technology UCITS ETF,TNOW,2019-02-07,231.2899932861328,,EUR
Amundi MSCI World Information Technology UCITS ETF,TNOW,2019-02-08,230.75999450683594,,EUR
Amundi MSCI World Information Technology UCITS ETF,TNOW,2019-02-11,234.30999755859375,,EUR
Amundi MSCI World Information Technology UCITS ETF,TNOW,2019-02-12,236.91000366210938,,EUR
Amundi MSCI World Information Technology UCITS ETF,TNOW,2019-02-13,237.44000244140625,,EUR
Amundi MSCI World Information Technology UCITS ETF,TNOW,2019-02-14,238.27999877929688,,EUR
Amundi MSCI World Information Technology UCITS ETF,TNOW,2019-02-15,238.6999969482422,,EUR
Amundi MSCI World Information Technology UCITS ETF,TNOW,2019-02-18,240.5,,EUR
Amundi MSCI World Information Technology UCITS ETF,TNOW,2019-02-19,239.39999389648438,,EUR
Amundi MSCI World Information Technology UCITS ETF,TNOW,2019-02-20,239.88999938964844,,EUR
Amundi MSCI World Information Technology UCITS ETF,TNOW,2019-02-21,238.2899932861328,,EUR
Amundi MSCI World Information Technology UCITS ETF,TNOW,2019-02-22,242.0,,EUR
Amundi MSCI World Information Technology UCITS ETF,TNOW,2019-02-25,243.88999938964844,,EUR
Amundi MSCI World Information Technology UCITS ETF,TNOW,2019-02-26,244.19000244140625,,EUR
Amundi MSCI World Information Technology UCITS ETF,TNOW,2019-02-27,241.05999755859375,,EUR
Amundi MSCI World Information Technology UCITS ETF,TNOW,2019-02-28,240.9600067138672,,EUR
Amundi MSCI World Information Technology UCITS ETF,TNOW,2019-03-01,242.61000061035156,,EUR
Amundi MSCI World Information Technology UCITS ETF,TNOW,2019-03-04,243.60000610351562,,EUR
Amundi MSCI World Information Technology UCITS ETF,TNOW,2019-03-05,243.6999969482422,,EUR
Amundi MSCI World Information Technology UCITS ETF,TNOW,2019-03-06,241.0500030517578,,EUR
Amundi MSCI World Information Technology UCITS ETF,TNOW,2019-03-07,242.83999633789062,,EUR
Amundi MSCI World Information Technology UCITS ETF,TNOW,2019-03-08,240.58999633789062,,EUR
Amundi MSCI World Information Technology UCITS ETF,TNOW,2019-03-11,245.2100067138672,,EUR
Amundi MSCI World Information Technology UCITS ETF,TNOW,2019-03-12,246.47000122070312,,EUR
Amundi MSCI World Information Technology UCITS ETF,TNOW,2019-03-13,247.0800018310547,,EUR
Amundi MSCI World Information Technology UCITS ETF,TNOW,2019-03-14,247.5,,EUR
Amundi MSCI World Information Technology UCITS ETF,TNOW,2019-03-15,250.67999267578125,,EUR
Amundi MSCI World Information Technology UCITS ETF,TNOW,2019-03-18,249.17999267578125,,EUR
Amundi MSCI World Information Technology UCITS ETF,TNOW,2019-03-19,250.69000244140625,,EUR
Amundi MSCI World Information Technology UCITS ETF,TNOW,2019-03-20,249.6999969482422,,EUR
Amundi MSCI World Information Technology UCITS ETF,TNOW,2019-03-21,254.5,,EUR
Amundi MSCI World Information Technology UCITS ETF,TNOW,2019-03-22,253.44000244140625,,EUR
Amundi MSCI World Information Technology UCITS ETF,TNOW,2019-03-25,250.4499969482422,,EUR
Amundi MSCI World Information Technology UCITS ETF,TNOW,2019-03-26,251.50999450683594,,EUR
Amundi MSCI World Information Technology UCITS ETF,TNOW,2019-03-27,249.83999633789062,,EUR
Amundi MSCI World Information Technology UCITS ETF,TNOW,2019-03-28,252.82000732421875,,EUR
Amundi MSCI World Information Technology UCITS ETF,TNOW,2019-03-29,255.3300018310547,,EUR
Amundi MSCI World Information Technology UCITS ETF,TNOW,2019-04-01,258.6600036621094,,EUR
Amundi MSCI World Information Technology UCITS ETF,TNOW,2019-04-02,260.29998779296875,,EUR
Amundi MSCI World Information Technology UCITS ETF,TNOW,2019-04-03,262.9700012207031,,EUR
Amundi MSCI World Information Technology UCITS ETF,TNOW,2019-04-04,260.2900085449219,,EUR
Amundi MSCI World Information Technology UCITS ETF,TNOW,2019-04-05,261.8299865722656,,EUR
Amundi MSCI World Information Technology UCITS ETF,TNOW,2019-04-08,262.0899963378906,,EUR
Amundi MSCI World Information Technology UCITS ETF,TNOW,2019-04-09,261.7300109863281,,EUR
Amundi MSCI World Information Technology UCITS ETF,TNOW,2019-04-10,261.489990234375,,EUR
Amundi MSCI World Information Technology UCITS ETF,TNOW,2019-04-11,263.1499938964844,,EUR
Amundi MSCI World Information Technology UCITS ETF,TNOW,2019-04-12,262.57000732421875,,EUR
Amundi MSCI World Information Technology UCITS ETF,TNOW,2019-04-15,263.1700134277344,,EUR
Amundi MSCI World Information Technology UCITS ETF,TNOW,2019-04-16,265.29998779296875,,EUR
Amundi MSCI World Information Technology UCITS ETF,TNOW,2019-04-17,265.45001220703125,,EUR
Amundi MSCI World Information Technology UCITS ETF,TNOW,2019-04-18,267.1199951171875,,EUR
Amundi MSCI World Information Technology UCITS ETF,TNOW,2019-04-23,271.44000244140625,,EUR
Amundi MSCI World Information Technology UCITS ETF,TNOW,2019-04-24,274.0199890136719,,EUR
Amundi MSCI World Information Technology UCITS ETF,TNOW,2019-04-25,273.9100036621094,,EUR
Amundi MSCI World Information Technology UCITS ETF,TNOW,2019-04-26,278.0,,EUR
Amundi MSCI World Information Technology UCITS ETF,TNOW,2019-04-29,273.2200012207031,,EUR
Amundi MSCI World Information Technology UCITS ETF,TNOW,2019-04-30,271.3699951171875,,EUR
Amundi MSCI World Information Technology UCITS ETF,TNOW,2019-05-02,270.9100036621094,,EUR
Amundi MSCI World Information Technology UCITS ETF,TNOW,2019-05-03,272.5400085449219,,EUR
Amundi MSCI World Information Technology UCITS ETF,TNOW,2019-05-06,268.260009765625,,EUR
Amundi MSCI World Information Technology UCITS ETF,TNOW,2019-05-07,264.69000244140625,,EUR
Amundi MSCI World Information Technology UCITS ETF,TNOW,2019-05-08,265.4700012207031,,EUR
Amundi MSCI World Information Technology UCITS ETF,TNOW,2019-05-09,258.67999267578125,,EUR
Amundi MSCI World Information Technology UCITS ETF,TNOW,2019-05-10,257.42999267578125,,EUR
Amundi MSCI World Information Technology UCITS ETF,TNOW,2019-05-13,254.52000427246094,,EUR
Amundi MSCI World Information Technology UCITS ETF,TNOW,2019-05-14,257.82000732421875,,EUR
Amundi MSCI World Information Technology UCITS ETF,TNOW,2019-05-15,261.0400085449219,,EUR
Amundi MSCI World Information Technology UCITS ETF,TNOW,2019-05-16,263.6099853515625,,EUR
Amundi MSCI World Information Technology UCITS ETF,TNOW,2019-05-17,264.3599853515625,,EUR
Amundi MSCI World Information Technology UCITS ETF,TNOW,2019-05-20,258.55999755859375,,EUR
Amundi MSCI World Information Technology UCITS ETF,TNOW,2019-05-21,260.9200134277344,,EUR
Amundi MSCI World Information Technology UCITS ETF,TNOW,2019-05-22,260.4800109863281,,EUR
Amundi MSCI World Information Technology UCITS ETF,TNOW,2019-05-23,253.42999267578125,,EUR
Amundi MSCI World Information Technology UCITS ETF,TNOW,2019-05-24,254.8800048828125,,EUR
Amundi MSCI World Information Technology UCITS ETF,TNOW,2019-05-27,254.8000030517578,,EUR
Amundi MSCI World Information Technology UCITS ETF,TNOW,2019-05-28,254.5,,EUR
Amundi MSCI World Information Technology UCITS ETF,TNOW,2019-05-29,252.97999572753906,,EUR
Amundi MSCI World Information Technology UCITS ETF,TNOW,2019-05-30,254.30999755859375,,EUR
Amundi MSCI World Information Technology UCITS ETF,TNOW,2019-05-31,252.49000549316406,,EUR
Amundi MSCI World Information Technology UCITS ETF,TNOW,2019-06-03,249.3000030517578,,EUR
Amundi MSCI World Information Technology UCITS ETF,TNOW,2019-06-04,250.36000061035156,,EUR
Amundi MSCI World Information Technology UCITS ETF,TNOW,2019-06-05,252.55999755859375,,EUR
Amundi MSCI World Information Technology UCITS ETF,TNOW,2019-06-06,254.86000061035156,,EUR
Amundi MSCI World Information Technology UCITS ETF,TNOW,2019-06-07,260.29998779296875,,EUR
Amundi MSCI World Information Technology UCITS ETF,TNOW,2019-06-10,265.20001220703125,,EUR
Amundi MSCI World Information Technology UCITS ETF,TNOW,2019-06-11,263.0299987792969,,EUR
Amundi MSCI World Information Technology UCITS ETF,TNOW,2019-06-12,261.9800109863281,,EUR
Amundi MSCI World Information Technology UCITS ETF,TNOW,2019-06-13,262.69000244140625,,EUR
Amundi MSCI World Information Technology UCITS ETF,TNOW,2019-06-14,262.5,,EUR
Amundi MSCI World Information Technology UCITS ETF,TNOW,2019-06-17,261.57000732421875,,EUR
Amundi MSCI World Information Technology UCITS ETF,TNOW,2019-06-18,268.04998779296875,,EUR
Amundi MSCI World Information Technology UCITS ETF,TNOW,2019-06-19,267.489990234375,,EUR
Amundi MSCI World Information Technology UCITS ETF,TNOW,2019-06-20,270.1400146484375,,EUR
Amundi MSCI World Information Technology UCITS ETF,TNOW,2019-06-21,270.1600036621094,,EUR
Amundi MSCI World Information Technology UCITS ETF,TNOW,2019-06-24,267.7699890136719,,EUR
Amundi MSCI World Information Technology UCITS ETF,TNOW,2019-06-25,265.4100036621094,,EUR
Amundi MSCI World Information Technology UCITS ETF,TNOW,2019-06-26,264.7300109863281,,EUR
Amundi MSCI World Information Technology UCITS ETF,TNOW,2019-06-27,265.8999938964844,,EUR
Amundi MSCI World Information Technology UCITS ETF,TNOW,2019-06-28,264.92999267578125,,EUR
Amundi MSCI World Information Technology UCITS ETF,TNOW,2019-07-01,272.30999755859375,,EUR
Amundi MSCI World Information Technology UCITS ETF,TNOW,2019-07-02,273.0199890136719,,EUR
Amundi MSCI World Information Technology UCITS ETF,TNOW,2019-07-03,274.9200134277344,,EUR
Amundi MSCI World Information Technology UCITS ETF,TNOW,2019-07-04,276.6300048828125,,EUR
Amundi MSCI World Information Technology UCITS ETF,TNOW,2019-07-05,274.9200134277344,,EUR
Amundi MSCI World Information Technology UCITS ETF,TNOW,2019-07-08,274.6499938964844,,EUR
Amundi MSCI World Information Technology UCITS ETF,TNOW,2019-07-09,273.4800109863281,,EUR
Amundi MSCI World Information Technology UCITS ETF,TNOW,2019-07-10,275.9200134277344,,EUR
Amundi MSCI World Information Technology UCITS ETF,TNOW,2019-07-11,277.1400146484375,,EUR
Amundi MSCI World Information Technology UCITS ETF,TNOW,2019-07-12,278.1600036621094,,EUR
Amundi MSCI World Information Technology UCITS ETF,TNOW,2019-07-15,279.3500061035156,,EUR
Amundi MSCI World Information Technology UCITS ETF,TNOW,2019-07-16,279.70001220703125,,EUR
Amundi MSCI World Information Technology UCITS ETF,TNOW,2019-07-17,278.07000732421875,,EUR
Amundi MSCI World Information Technology UCITS ETF,TNOW,2019-07-18,276.2799987792969,,EUR
Amundi MSCI World Information Technology UCITS ETF,TNOW,2019-07-19,279.8999938964844,,EUR
Amundi MSCI World Information Technology UCITS ETF,TNOW,2019-07-22,280.1000061035156,,EUR
Amundi MSCI World Information Technology UCITS ETF,TNOW,2019-07-23,283.0799865722656,,EUR
Amundi MSCI World Information Technology UCITS ETF,TNOW,2019-07-24,284.25,,EUR
Amundi MSCI World Information Technology UCITS ETF,TNOW,2019-07-25,284.92999267578125,,EUR
Amundi MSCI World Information Technology UCITS ETF,TNOW,2019-07-26,287.1600036621094,,EUR
Amundi MSCI World Information Technology UCITS ETF,TNOW,2019-07-29,285.3999938964844,,EUR
Amundi MSCI World Information Technology UCITS ETF,TNOW,2019-07-30,284.3599853515625,,EUR
Amundi MSCI World Information Technology UCITS ETF,TNOW,2019-07-31,284.57000732421875,,EUR
Amundi MSCI World Information Technology UCITS ETF,TNOW,2019-08-01,287.989990234375,,EUR
Amundi MSCI World Information Technology UCITS ETF,TNOW,2019-08-02,273.80999755859375,,EUR
Amundi MSCI World Information Technology UCITS ETF,TNOW,2019-08-05,262.9100036621094,,EUR
Amundi MSCI World Information Technology UCITS ETF,TNOW,2019-08-06,263.0899963378906,,EUR
Amundi MSCI World Information Technology UCITS ETF,TNOW,2019-08-07,263.1499938964844,,EUR
Amundi MSCI World Information Technology UCITS ETF,TNOW,2019-08-08,272.0,,EUR
Amundi MSCI World Information Technology UCITS ETF,TNOW,2019-08-09,268.8299865722656,,EUR
Amundi MSCI World Information Technology UCITS ETF,TNOW,2019-08-12,267.0299987792969,,EUR
Amundi MSCI World Information Technology UCITS ETF,TNOW,2019-08-13,271.0,,EUR
Amundi MSCI World Information Technology UCITS ETF,TNOW,2019-08-14,267.3699951171875,,EUR
Amundi MSCI World Information Technology UCITS ETF,TNOW,2019-08-15,264.9200134277344,,EUR
Amundi MSCI World Information Technology UCITS ETF,TNOW,2019-08-16,270.8800048828125,,EUR
Amundi MSCI World Information Technology UCITS ETF,TNOW,2019-08-19,274.1400146484375,,EUR
Amundi MSCI World Information Technology UCITS ETF,TNOW,2019-08-20,275.69000244140625,,EUR
Amundi MSCI World Information Technology UCITS ETF,TNOW,2019-08-21,277.7200012207031,,EUR
Amundi MSCI World Information Technology UCITS ETF,TNOW,2019-08-22,275.67999267578125,,EUR
Amundi MSCI World Information Technology UCITS ETF,TNOW,2019-08-23,270.1700134277344,,EUR
Amundi MSCI World Information Technology UCITS ETF,TNOW,2019-08-26,270.3299865722656,,EUR
Amundi MSCI World Information Technology UCITS ETF,TNOW,2019-08-27,271.3999938964844,,EUR
Amundi MSCI World Information Technology UCITS ETF,TNOW,2019-08-28,270.0299987792969,,EUR
Amundi MSCI World Information Technology UCITS ETF,TNOW,2019-08-29,274.6300048828125,,EUR
Amundi MSCI World Information Technology UCITS ETF,TNOW,2019-08-30,275.45001220703125,,EUR
Amundi MSCI World Information Technology UCITS ETF,TNOW,2019-09-02,277.32000732421875,,EUR
Amundi MSCI World Information Technology UCITS ETF,TNOW,2019-09-03,275.3599853515625,,EUR
Amundi MSCI World Information Technology UCITS ETF,TNOW,2019-09-04,277.239990234375,,EUR
Amundi MSCI World Information Technology UCITS ETF,TNOW,2019-09-05,283.260009765625,,EUR
Amundi MSCI World Information Technology UCITS ETF,TNOW,2019-09-06,283.6600036621094,,EUR
Amundi MSCI World Information Technology UCITS ETF,TNOW,2019-09-09,282.5899963378906,,EUR
Amundi MSCI World Information Technology UCITS ETF,TNOW,2019-09-10,278.04998779296875,,EUR
Amundi MSCI World Information Technology UCITS ETF,TNOW,2019-09-11,283.1700134277344,,EUR
Amundi MSCI World Information Technology UCITS ETF,TNOW,2019-09-12,283.9599914550781,,EUR
Amundi MSCI World Information Technology UCITS ETF,TNOW,2019-09-13,282.75,,EUR
Amundi MSCI World Information Technology UCITS ETF,TNOW,2019-09-16,282.6499938964844,,EUR
Amundi MSCI World Information Technology UCITS ETF,TNOW,2019-09-17,281.9800109863281,,EUR
Amundi MSCI World Information Technology UCITS ETF,TNOW,2019-09-18,282.1099853515625,,EUR
Amundi MSCI World Information Technology UCITS ETF,TNOW,2019-09-19,284.8599853515625,,EUR
Amundi MSCI World Information Technology UCITS ETF,TNOW,2019-09-20,284.260009765625,,EUR
Amundi MSCI World Information Technology UCITS ETF,TNOW,2019-09-23,282.6199951171875,,EUR
Amundi MSCI World Information Technology UCITS ETF,TNOW,2019-09-24,281.0400085449219,,EUR
Amundi MSCI World Information Technology UCITS ETF,TNOW,2019-09-25,280.6099853515625,,EUR
Amundi MSCI World Information Technology UCITS ETF,TNOW,2019-09-26,282.6600036621094,,EUR
Amundi MSCI World Information Technology UCITS ETF,TNOW,2019-09-27,283.67999267578125,,EUR
Amundi MSCI World Information Technology UCITS ETF,TNOW,2019-09-30,284.0299987792969,,EUR
Amundi MSCI World Information Technology UCITS ETF,TNOW,2019-10-01,282.3800048828125,,EUR
Amundi MSCI World Information Technology UCITS ETF,TNOW,2019-10-02,274.6400146484375,,EUR
Amundi MSCI World Information Technology UCITS ETF,TNOW,2019-10-03,275.4200134277344,,EUR
Amundi MSCI World Information Technology UCITS ETF,TNOW,2019-10-04,280.2799987792969,,EUR
Amundi MSCI World Information Technology UCITS ETF,TNOW,2019-10-07,282.75,,EUR
Amundi MSCI World Information Technology UCITS ETF,TNOW,2019-10-08,278.55999755859375,,EUR
Amundi MSCI World Information Technology UCITS ETF,TNOW,2019-10-09,278.6099853515625,,EUR
Amundi MSCI World Information Technology UCITS ETF,TNOW,2019-10-10,282.80999755859375,,EUR
Amundi MSCI World Information Technology UCITS ETF,TNOW,2019-10-11,285.8500061035156,,EUR
Amundi MSCI World Information Technology UCITS ETF,TNOW,2019-10-14,285.8599853515625,,EUR
Amundi MSCI World Information Technology UCITS ETF,TNOW,2019-10-15,288.6499938964844,,EUR
Amundi MSCI World Information Technology UCITS ETF,TNOW,2019-10-16,285.3500061035156,,EUR
Amundi MSCI World Information Technology UCITS ETF,TNOW,2019-10-17,283.3500061035156,,EUR
Amundi MSCI World Information Technology UCITS ETF,TNOW,2019-10-18,281.2099914550781,,EUR
Amundi MSCI World Information Technology UCITS ETF,TNOW,2019-10-21,282.9599914550781,,EUR
Amundi MSCI World Information Technology UCITS ETF,TNOW,2019-10-22,282.6499938964844,,EUR
Amundi MSCI World Information Technology UCITS ETF,TNOW,2019-10-23,280.3999938964844,,EUR
Amundi MSCI World Information Technology UCITS ETF,TNOW,2019-10-24,284.8299865722656,,EUR
Amundi MSCI World Information Technology UCITS ETF,TNOW,2019-10-25,287.5,,EUR
Amundi MSCI World Information Technology UCITS ETF,TNOW,2019-10-28,291.0199890136719,,EUR
Amundi MSCI World Information Technology UCITS ETF,TNOW,2019-10-29,290.29998779296875,,EUR
Amundi MSCI World Information Technology UCITS ETF,TNOW,2019-10-30,288.7699890136719,,EUR
Amundi MSCI World Information Technology UCITS ETF,TNOW,2019-10-31,288.4200134277344,,EUR
Amundi MSCI World Information Technology UCITS ETF,TNOW,2019-11-01,290.30999755859375,,EUR
Amundi MSCI World Information Technology UCITS ETF,TNOW,2019-11-04,294.5299987792969,,EUR
Amundi MSCI World Information Technology UCITS ETF,TNOW,2019-11-05,296.2200012207031,,EUR
Amundi MSCI World Information Technology UCITS ETF,TNOW,2019-11-06,295.7799987792969,,EUR
Amundi MSCI World Information Technology UCITS ETF,TNOW,2019-11-07,300.04998779296875,,EUR
Amundi MSCI World Information Technology UCITS ETF,TNOW,2019-11-08,299.0299987792969,,EUR
Amundi MSCI World Information Technology UCITS ETF,TNOW,2019-11-11,300.0,,EUR
Amundi MSCI World Information Technology UCITS ETF,TNOW,2019-11-12,303.0199890136719,,EUR
Amundi MSCI World Information Technology UCITS ETF,TNOW,2019-11-13,302.80999755859375,,EUR
Amundi MSCI World Information Technology UCITS ETF,TNOW,2019-11-14,301.30999755859375,,EUR
Amundi MSCI World Information Technology UCITS ETF,TNOW,2019-11-15,303.8500061035156,,EUR
Amundi MSCI World Information Technology UCITS ETF,TNOW,2019-11-18,303.42999267578125,,EUR
Amundi MSCI World Information Technology UCITS ETF,TNOW,2019-11-19,304.54998779296875,,EUR
Amundi MSCI World Information Technology UCITS ETF,TNOW,2019-11-20,304.44000244140625,,EUR
Amundi MSCI World Information Technology UCITS ETF,TNOW,2019-11-21,301.6600036621094,,EUR
Amundi MSCI World Information Technology UCITS ETF,TNOW,2019-11-22,300.7300109863281,,EUR
Amundi MSCI World Information Technology UCITS ETF,TNOW,2019-11-25,306.7799987792969,,EUR
Amundi MSCI World Information Technology UCITS ETF,TNOW,2019-11-26,307.79998779296875,,EUR
Amundi MSCI World Information Technology UCITS ETF,TNOW,2019-11-27,309.0400085449219,,EUR
Amundi MSCI World Information Technology UCITS ETF,TNOW,2019-11-28,308.739990234375,,EUR
Amundi MSCI World Information Technology UCITS ETF,TNOW,2019-11-29,308.6099853515625,,EUR
Amundi MSCI World Information Technology UCITS ETF,TNOW,2019-12-02,300.92999267578125,,EUR
Amundi MSCI World Information Technology UCITS ETF,TNOW,2019-12-03,296.0400085449219,,EUR
Amundi MSCI World Information Technology UCITS ETF,TNOW,2019-12-04,300.30999755859375,,EUR
Amundi MSCI World Information Technology UCITS ETF,TNOW,2019-12-05,301.3900146484375,,EUR
Amundi MSCI World Information Technology UCITS ETF,TNOW,2019-12-06,306.6700134277344,,EUR
Amundi MSCI World Information Technology UCITS ETF,TNOW,2019-12-09,305.30999755859375,,EUR
Amundi MSCI World Information Technology UCITS ETF,TNOW,2019-12-10,304.82000732421875,,EUR
Amundi MSCI World Information Technology UCITS ETF,TNOW,2019-12-11,303.1400146484375,,EUR
Amundi MSCI World Information Technology UCITS ETF,TNOW,2019-12-12,306.7799987792969,,EUR
Amundi MSCI World Information Technology UCITS ETF,TNOW,2019-12-13,309.04998779296875,,EUR
Amundi MSCI World Information Technology UCITS ETF,TNOW,2019-12-16,313.0899963378906,,EUR
Amundi MSCI World Information Technology UCITS ETF,TNOW,2019-12-17,311.3500061035156,,EUR
Amundi MSCI World Information Technology UCITS ETF,TNOW,2019-12-18,312.54998779296875,,EUR
Amundi MSCI World Information Technology UCITS ETF,TNOW,2019-12-19,312.8900146484375,,EUR
Amundi MSCI World Information Technology UCITS ETF,TNOW,2019-12-20,317.0299987792969,,EUR
Amundi MSCI World Information Technology UCITS ETF,TNOW,2019-12-23,315.67999267578125,,EUR
Amundi MSCI World Information Technology UCITS ETF,TNOW,2019-12-24,317.8299865722656,,EUR
Amundi MSCI World Information Technology UCITS ETF,TNOW,2019-12-25,317.8299865722656,,EUR
Amundi MSCI World Information Technology UCITS ETF,TNOW,2019-12-27,317.55999755859375,,EUR
Amundi MSCI World Information Technology UCITS ETF,TNOW,2019-12-30,313.55999755859375,,EUR
Amundi MSCI World Information Technology UCITS ETF,TNOW,2019-12-31,312.8999938964844,,EUR
Amundi MSCI World Information Technology UCITS ETF,TNOW,2020-01-02,318.8299865722656,,EUR
Amundi MSCI World Information Technology UCITS ETF,TNOW,2020-01-03,318.95001220703125,,EUR
Amundi MSCI World Information Technology UCITS ETF,TNOW,2020-01-06,317.94000244140625,,EUR
Amundi MSCI World Information Technology UCITS ETF,TNOW,2020-01-07,321.1199951171875,,EUR
Amundi MSCI World Information Technology UCITS ETF,TNOW,2020-01-08,323.010009765625,,EUR
Amundi MSCI World Information Technology UCITS ETF,TNOW,2020-01-09,326.1600036621094,,EUR
Amundi MSCI World Information Technology UCITS ETF,TNOW,2020-01-10,327.2900085449219,,EUR
Amundi MSCI World Information Technology UCITS ETF,TNOW,2020-01-13,326.9599914550781,,EUR
Amundi MSCI World Information Technology UCITS ETF,TNOW,2020-01-14,329.8699951171875,,EUR
Amundi MSCI World Information Technology UCITS ETF,TNOW,2020-01-15,329.6000061035156,,EUR
Amundi MSCI World Information Technology UCITS ETF,TNOW,2020-01-16,329.3699951171875,,EUR
Amundi MSCI World Information Technology UCITS ETF,TNOW,2020-01-17,334.760009765625,,EUR
Amundi MSCI World Information Technology UCITS ETF,TNOW,2020-01-20,336.760009765625,,EUR
Amundi MSCI World Information Technology UCITS ETF,TNOW,2020-01-21,337.5799865722656,,EUR
Amundi MSCI World Information Technology UCITS ETF,TNOW,2020-01-22,339.1099853515625,,EUR
Amundi MSCI World Information Technology UCITS ETF,TNOW,2020-01-23,338.5400085449219,,EUR
Amundi MSCI World Information Technology UCITS ETF,TNOW,2020-01-24,342.9200134277344,,EUR
Amundi MSCI World Information Technology UCITS ETF,TNOW,2020-01-27,330.0799865722656,,EUR
Amundi MSCI World Information Technology UCITS ETF,TNOW,2020-01-28,337.2699890136719,,EUR
Amundi MSCI World Information Technology UCITS ETF,TNOW,2020-01-29,339.0199890136719,,EUR
Amundi MSCI World Information Technology UCITS ETF,TNOW,2020-01-30,336.3599853515625,,EUR
Amundi MSCI World Information Technology UCITS ETF,TNOW,2020-01-31,330.9200134277344,,EUR
Amundi MSCI World Information Technology UCITS ETF,TNOW,2020-02-03,334.1199951171875,,EUR
Amundi MSCI World Information Technology UCITS ETF,TNOW,2020-02-04,341.44000244140625,,EUR
Amundi MSCI World Information Technology UCITS ETF,TNOW,2020-02-05,344.95001220703125,,EUR
Amundi MSCI World Information Technology UCITS ETF,TNOW,2020-02-06,347.739990234375,,EUR
Amundi MSCI World Information Technology UCITS ETF,TNOW,2020-02-07,349.7200012207031,,EUR
Amundi MSCI World Information Technology UCITS ETF,TNOW,2020-02-10,350.32000732421875,,EUR
Amundi MSCI World Information Technology UCITS ETF,TNOW,2020-02-11,354.3900146484375,,EUR
Amundi MSCI World Information Technology UCITS ETF,TNOW,2020-02-12,355.6600036621094,,EUR
Amundi MSCI World Information Technology UCITS ETF,TNOW,2020-02-13,358.69000244140625,,EUR
Amundi MSCI World Information Technology UCITS ETF,TNOW,2020-02-14,357.92999267578125,,EUR
Amundi MSCI World Information Technology UCITS ETF,TNOW,2020-02-17,360.20001220703125,,EUR
Amundi MSCI World Information Technology UCITS ETF,TNOW,2020-02-18,356.57000732421875,,EUR
Amundi MSCI World Information Technology UCITS ETF,TNOW,2020-02-19,362.3900146484375,,EUR
Amundi MSCI World Information Technology UCITS ETF,TNOW,2020-02-20,354.9800109863281,,EUR
Amundi MSCI World Information Technology UCITS ETF,TNOW,2020-02-21,349.8999938964844,,EUR
Amundi MSCI World Information Technology UCITS ETF,TNOW,2020-02-24,333.94000244140625,,EUR
Amundi MSCI World Information Technology UCITS ETF,TNOW,2020-02-25,327.6000061035156,,EUR
Amundi MSCI World Information Technology UCITS ETF,TNOW,2020-02-26,328.2699890136719,,EUR
Amundi MSCI World Information Technology UCITS ETF,TNOW,2020-02-27,313.9700012207031,,EUR
Amundi MSCI World Information Technology UCITS ETF,TNOW,2020-02-28,300.260009765625,,EUR
Amundi MSCI World Information Technology UCITS ETF,TNOW,2020-03-02,307.5799865722656,,EUR
Amundi MSCI World Information Technology UCITS ETF,TNOW,2020-03-03,312.1000061035156,,EUR
Amundi MSCI World Information Technology UCITS ETF,TNOW,2020-03-04,313.1700134277344,,EUR
Amundi MSCI World Information Technology UCITS ETF,TNOW,2020-03-05,313.6099853515625,,EUR
Amundi MSCI World Information Technology UCITS ETF,TNOW,2020-03-06,296.79998779296875,,EUR
Amundi MSCI World Information Technology UCITS ETF,TNOW,2020-03-09,278.70001220703125,,EUR
Amundi MSCI World Information Technology UCITS ETF,TNOW,2020-03-10,280.010009765625,,EUR
Amundi MSCI World Information Technology UCITS ETF,TNOW,2020-03-11,285.32000732421875,,EUR
Amundi MSCI World Information Technology UCITS ETF,TNOW,2020-03-12,257.760009765625,,EUR
Amundi MSCI World Information Technology UCITS ETF,TNOW,2020-03-13,259.5899963378906,,EUR
Amundi MSCI World Information Technology UCITS ETF,TNOW,2020-03-16,262.32000732421875,,EUR
Amundi MSCI World Information Technology UCITS ETF,TNOW,2020-03-17,259.9200134277344,,EUR
Amundi MSCI World Information Technology UCITS ETF,TNOW,2020-03-18,255.33999633789062,,EUR
Amundi MSCI World Information Technology UCITS ETF,TNOW,2020-03-19,258.6099853515625,,EUR
Amundi MSCI World Information Technology UCITS ETF,TNOW,2020-03-20,264.9100036621094,,EUR
Amundi MSCI World Information Technology UCITS ETF,TNOW,2020-03-23,248.88999938964844,,EUR
Amundi MSCI World Information Technology UCITS ETF,TNOW,2020-03-24,273.3800048828125,,EUR
Amundi MSCI World Information Technology UCITS ETF,TNOW,2020-03-25,281.9700012207031,,EUR
Amundi MSCI World Information Technology UCITS ETF,TNOW,2020-03-26,282.739990234375,,EUR
Amundi MSCI World Information Technology UCITS ETF,TNOW,2020-03-27,270.92999267578125,,EUR
Amundi MSCI World Information Technology UCITS ETF,TNOW,2020-03-30,281.32000732421875,,EUR
Amundi MSCI World Information Technology UCITS ETF,TNOW,2020-03-31,285.1000061035156,,EUR
Amundi MSCI World Information Technology UCITS ETF,TNOW,2020-04-01,272.1499938964844,,EUR
Amundi MSCI World Information Technology UCITS ETF,TNOW,2020-04-02,271.17999267578125,,EUR
Amundi MSCI World Information Technology UCITS ETF,TNOW,2020-04-03,270.6600036621094,,EUR
Amundi MSCI World Information Technology UCITS ETF,TNOW,2020-04-06,285.44000244140625,,EUR
Amundi MSCI World Information Technology UCITS ETF,TNOW,2020-04-07,295.54998779296875,,EUR
Amundi MSCI World Information Technology UCITS ETF,TNOW,2020-04-08,296.1400146484375,,EUR
Amundi MSCI World Information Technology UCITS ETF,TNOW,2020-04-09,297.6099853515625,,EUR
Amundi MSCI World Information Technology UCITS ETF,TNOW,2020-04-14,304.79998779296875,,EUR
Amundi MSCI World Information Technology UCITS ETF,TNOW,2020-04-15,302.79998779296875,,EUR
Amundi MSCI World Information Technology UCITS ETF,TNOW,2020-04-16,306.8500061035156,,EUR
Amundi MSCI World Information Technology UCITS ETF,TNOW,2020-04-17,308.7099914550781,,EUR
Amundi MSCI World Information Technology UCITS ETF,TNOW,2020-04-20,311.6099853515625,,EUR
Amundi MSCI World Information Technology UCITS ETF,TNOW,2020-04-21,295.6600036621094,,EUR
Amundi MSCI World Information Technology UCITS ETF,TNOW,2020-04-22,304.3800048828125,,EUR
Amundi MSCI World Information Technology UCITS ETF,TNOW,2020-04-23,310.05999755859375,,EUR
Amundi MSCI World Information Technology UCITS ETF,TNOW,2020-04-24,305.8999938964844,,EUR
Amundi MSCI World Information Technology UCITS ETF,TNOW,2020-04-27,314.0,,EUR
Amundi MSCI World Information Technology UCITS ETF,TNOW,2020-04-28,313.7900085449219,,EUR
Amundi MSCI World Information Technology UCITS ETF,TNOW,2020-04-29,321.19000244140625,,EUR
Amundi MSCI World Information Technology UCITS ETF,TNOW,2020-04-30,318.1099853515625,,EUR
Amundi MSCI World Information Technology UCITS ETF,TNOW,2020-05-04,309.6600036621094,,EUR
Amundi MSCI World Information Technology UCITS ETF,TNOW,2020-05-05,321.739990234375,,EUR
Amundi MSCI World Information Technology UCITS ETF,TNOW,2020-05-06,324.760009765625,,EUR
Amundi MSCI World Information Technology UCITS ETF,TNOW,2020-05-07,329.8599853515625,,EUR
Amundi MSCI World Information Technology UCITS ETF,TNOW,2020-05-08,329.6600036621094,,EUR
Amundi MSCI World Information Technology UCITS ETF,TNOW,2020-05-11,334.45001220703125,,EUR
Amundi MSCI World Information Technology UCITS ETF,TNOW,2020-05-12,333.92999267578125,,EUR
Amundi MSCI World Information Technology UCITS ETF,TNOW,2020-05-13,326.2200012207031,,EUR
Amundi MSCI World Information Technology UCITS ETF,TNOW,2020-05-14,321.5400085449219,,EUR
Amundi MSCI World Information Technology UCITS ETF,TNOW,2020-05-15,322.4599914550781,,EUR
Amundi MSCI World Information Technology UCITS ETF,TNOW,2020-05-18,335.2200012207031,,EUR
Amundi MSCI World Information Technology UCITS ETF,TNOW,2020-05-19,335.70001220703125,,EUR
Amundi MSCI World Information Technology UCITS ETF,TNOW,2020-05-20,337.3900146484375,,EUR
Amundi MSCI World Information Technology UCITS ETF,TNOW,2020-05-21,334.1199951171875,,EUR
Amundi MSCI World Information Technology UCITS ETF,TNOW,2020-05-22,335.5799865722656,,EUR
Amundi MSCI World Information Technology UCITS ETF,TNOW,2020-05-25,342.6199951171875,,EUR
Amundi MSCI World Information Technology UCITS ETF,TNOW,2020-05-26,338.17999267578125,,EUR
Amundi MSCI World Information Technology UCITS ETF,TNOW,2020-05-27,331.1400146484375,,EUR
Amundi MSCI World Information Technology UCITS ETF,TNOW,2020-05-28,337.2200012207031,,EUR
Amundi MSCI World Information Technology UCITS ETF,TNOW,2020-05-29,332.2900085449219,,EUR
Amundi MSCI World Information Technology UCITS ETF,TNOW,2020-06-01,336.3699951171875,,EUR
Amundi MSCI World Information Technology UCITS ETF,TNOW,2020-06-02,335.3900146484375,,EUR
Amundi MSCI World Information Technology UCITS ETF,TNOW,2020-06-03,339.8800048828125,,EUR
Amundi MSCI World Information Technology UCITS ETF,TNOW,2020-06-04,336.75,,EUR
Amundi MSCI World Information Technology UCITS ETF,TNOW,2020-06-05,343.2900085449219,,EUR
Amundi MSCI World Information Technology UCITS ETF,TNOW,2020-06-08,342.2900085449219,,EUR
Amundi MSCI World Information Technology UCITS ETF,TNOW,2020-06-09,344.3299865722656,,EUR
Amundi MSCI World Information Technology UCITS ETF,TNOW,2020-06-10,346.6400146484375,,EUR
Amundi MSCI World Information Technology UCITS ETF,TNOW,2020-06-11,339.5400085449219,,EUR
Amundi MSCI World Information Technology UCITS ETF,TNOW,2020-06-12,337.2300109863281,,EUR
Amundi MSCI World Information Technology UCITS ETF,TNOW,2020-06-15,334.6700134277344,,EUR
Amundi MSCI World Information Technology UCITS ETF,TNOW,2020-06-16,347.79998779296875,,EUR
Amundi MSCI World Information Technology UCITS ETF,TNOW,2020-06-17,350.9100036621094,,EUR
Amundi MSCI World Information Technology UCITS ETF,TNOW,2020-06-18,350.760009765625,,EUR
Amundi MSCI World Information Technology UCITS ETF,TNOW,2020-06-19,354.4200134277344,,EUR
Amundi MSCI World Information Technology UCITS ETF,TNOW,2020-06-22,351.57000732421875,,EUR
Amundi MSCI World Information Technology UCITS ETF,TNOW,2020-06-23,357.4599914550781,,EUR
Amundi MSCI World Information Technology UCITS ETF,TNOW,2020-06-24,349.2900085449219,,EUR
Amundi MSCI World Information Technology UCITS ETF,TNOW,2020-06-25,351.2699890136719,,EUR
Amundi MSCI World Information Technology UCITS ETF,TNOW,2020-06-26,350.2099914550781,,EUR
Amundi MSCI World Information Technology UCITS ETF,TNOW,2020-06-29,349.1499938964844,,EUR
Amundi MSCI World Information Technology UCITS ETF,TNOW,2020-06-30,354.5199890136719,,EUR
Amundi MSCI World Information Technology UCITS ETF,TNOW,2020-07-01,357.1499938964844,,EUR
Amundi MSCI World Information Technology UCITS ETF,TNOW,2020-07-02,361.20001220703125,,EUR
Amundi MSCI World Information Technology UCITS ETF,TNOW,2020-07-03,360.30999755859375,,EUR
Amundi MSCI World Information Technology UCITS ETF,TNOW,2020-07-06,365.7900085449219,,EUR
Amundi MSCI World Information Technology UCITS ETF,TNOW,2020-07-07,366.989990234375,,EUR
Amundi MSCI World Information Technology UCITS ETF,TNOW,2020-07-08,362.7799987792969,,EUR
Amundi MSCI World Information Technology UCITS ETF,TNOW,2020-07-09,364.4599914550781,,EUR
Amundi MSCI World Information Technology UCITS ETF,TNOW,2020-07-10,366.32000732421875,,EUR
Amundi MSCI World Information Technology UCITS ETF,TNOW,2020-07-13,371.8900146484375,,EUR
Amundi MSCI World Information Technology UCITS ETF,TNOW,2020-07-14,356.6700134277344,,EUR
Amundi MSCI World Information Technology UCITS ETF,TNOW,2020-07-15,362.30999755859375,,EUR
Amundi MSCI World Information Technology UCITS ETF,TNOW,2020-07-16,356.2900085449219,,EUR
Amundi MSCI World Information Technology UCITS ETF,TNOW,2020-07-17,359.2900085449219,,EUR
Amundi MSCI World Information Technology UCITS ETF,TNOW,2020-07-20,365.6499938964844,,EUR
Amundi MSCI World Information Technology UCITS ETF,TNOW,2020-07-21,366.7699890136719,,EUR
Amundi MSCI World Information Technology UCITS ETF,TNOW,2020-07-22,363.2900085449219,,EUR
Amundi MSCI World Information Technology UCITS ETF,TNOW,2020-07-23,362.45001220703125,,EUR
Amundi MSCI World Information Technology UCITS ETF,TNOW,2020-07-24,351.25,,EUR
Amundi MSCI World Information Technology UCITS ETF,TNOW,2020-07-27,348.0400085449219,,EUR
Amundi MSCI World Information Technology UCITS ETF,TNOW,2020-07-28,351.0899963378906,,EUR
Amundi MSCI World Information Technology UCITS ETF,TNOW,2020-07-29,349.9700012207031,,EUR
Amundi MSCI World Information Technology UCITS ETF,TNOW,2020-07-30,349.5299987792969,,EUR
Amundi MSCI World Information Technology UCITS ETF,TNOW,2020-07-31,355.7699890136719,,EUR
Amundi MSCI World Information Technology UCITS ETF,TNOW,2020-08-03,369.0299987792969,,EUR
Amundi MSCI World Information Technology UCITS ETF,TNOW,2020-08-04,368.0899963378906,,EUR
Amundi MSCI World Information Technology UCITS ETF,TNOW,2020-08-05,367.4200134277344,,EUR
Amundi MSCI World Information Technology UCITS ETF,TNOW,2020-08-06,369.8299865722656,,EUR
Amundi MSCI World Information Technology UCITS ETF,TNOW,2020-08-07,372.5400085449219,,EUR
Amundi MSCI World Information Technology UCITS ETF,TNOW,2020-08-10,366.75,,EUR
Amundi MSCI World Information Technology UCITS ETF,TNOW,2020-08-11,368.8699951171875,,EUR
Amundi MSCI World Information Technology UCITS ETF,TNOW,2020-08-12,368.7200012207031,,EUR
Amundi MSCI World Information Technology UCITS ETF,TNOW,2020-08-13,370.4599914550781,,EUR
Amundi MSCI World Information Technology UCITS ETF,TNOW,2020-08-14,368.010009765625,,EUR
Amundi MSCI World Information Technology UCITS ETF,TNOW,2020-08-17,369.8399963378906,,EUR
Amundi MSCI World Information Technology UCITS ETF,TNOW,2020-08-18,369.1099853515625,,EUR
Amundi MSCI World Information Technology UCITS ETF,TNOW,2020-08-19,372.0899963378906,,EUR
Amundi MSCI World Information Technology UCITS ETF,TNOW,2020-08-20,372.8399963378906,,EUR
Amundi MSCI World Information Technology UCITS ETF,TNOW,2020-08-21,379.6400146484375,,EUR
Amundi MSCI World Information Technology UCITS ETF,TNOW,2020-08-24,382.1700134277344,,EUR
Amundi MSCI World Information Technology UCITS ETF,TNOW,2020-08-25,383.4700012207031,,EUR
Amundi MSCI World Information Technology UCITS ETF,TNOW,2020-08-26,391.32000732421875,,EUR
Amundi MSCI World Information Technology UCITS ETF,TNOW,2020-08-27,394.8399963378906,,EUR
Amundi MSCI World Information Technology UCITS ETF,TNOW,2020-08-28,392.1000061035156,,EUR
Amundi MSCI World Information Technology UCITS ETF,TNOW,2020-08-31,391.1000061035156,,EUR
Amundi MSCI World Information Technology UCITS ETF,TNOW,2020-09-01,397.6400146484375,,EUR
Amundi MSCI World Information Technology UCITS ETF,TNOW,2020-09-02,404.25,,EUR
Amundi MSCI World Information Technology UCITS ETF,TNOW,2020-09-03,388.3900146484375,,EUR
Amundi MSCI World Information Technology UCITS ETF,TNOW,2020-09-04,371.8399963378906,,EUR
Amundi MSCI World Information Technology UCITS ETF,TNOW,2020-09-07,378.239990234375,,EUR
Amundi MSCI World Information Technology UCITS ETF,TNOW,2020-09-08,370.0400085449219,,EUR
Amundi MSCI World Information Technology UCITS ETF,TNOW,2020-09-09,374.1099853515625,,EUR
Amundi MSCI World Information Technology UCITS ETF,TNOW,2020-09-10,373.739990234375,,EUR
Amundi MSCI World Information Technology UCITS ETF,TNOW,2020-09-11,366.80999755859375,,EUR
Amundi MSCI World Information Technology UCITS ETF,TNOW,2020-09-14,371.1499938964844,,EUR
Amundi MSCI World Information Technology UCITS ETF,TNOW,2020-09-15,376.8999938964844,,EUR
Amundi MSCI World Information Technology UCITS ETF,TNOW,2020-09-16,375.6400146484375,,EUR
Amundi MSCI World Information Technology UCITS ETF,TNOW,2020-09-17,368.1000061035156,,EUR
Amundi MSCI World Information Technology UCITS ETF,TNOW,2020-09-18,363.0,,EUR
Amundi MSCI World Information Technology UCITS ETF,TNOW,2020-09-21,359.739990234375,,EUR
Amundi MSCI World Information Technology UCITS ETF,TNOW,2020-09-22,368.0,,EUR
Amundi MSCI World Information Technology UCITS ETF,TNOW,2020-09-23,372.260009765625,,EUR
Amundi MSCI World Information Technology UCITS ETF,TNOW,2020-09-24,369.4700012207031,,EUR
Amundi MSCI World Information Technology UCITS ETF,TNOW,2020-09-25,373.2799987792969,,EUR
Amundi MSCI World Information Technology UCITS ETF,TNOW,2020-09-28,380.9700012207031,,EUR
Amundi MSCI World Information Technology UCITS ETF,TNOW,2020-09-29,380.17999267578125,,EUR
Amundi MSCI World Information Technology UCITS ETF,TNOW,2020-09-30,383.2699890136719,,EUR
Amundi MSCI World Information Technology UCITS ETF,TNOW,2020-10-01,385.6199951171875,,EUR
Amundi MSCI World Information Technology UCITS ETF,TNOW,2020-10-02,380.7900085449219,,EUR
Amundi MSCI World Information Technology UCITS ETF,TNOW,2020-10-05,381.3900146484375,,EUR
Amundi MSCI World Information Technology UCITS ETF,TNOW,2020-10-06,382.54998779296875,,EUR
Amundi MSCI World Information Technology UCITS ETF,TNOW,2020-10-07,384.1099853515625,,EUR
Amundi MSCI World Information Technology UCITS ETF,TNOW,2020-10-08,387.3299865722656,,EUR
Amundi MSCI World Information Technology UCITS ETF,TNOW,2020-10-09,390.3599853515625,,EUR
Amundi MSCI World Information Technology UCITS ETF,TNOW,2020-10-12,399.42999267578125,,EUR
Amundi MSCI World Information Technology UCITS ETF,TNOW,2020-10-13,405.7799987792969,,EUR
Amundi MSCI World Information Technology UCITS ETF,TNOW,2020-10-14,400.989990234375,,EUR
Amundi MSCI World Information Technology UCITS ETF,TNOW,2020-10-15,396.54998779296875,,EUR
Amundi MSCI World Information Technology UCITS ETF,TNOW,2020-10-16,399.04998779296875,,EUR
Amundi MSCI World Information Technology UCITS ETF,TNOW,2020-10-19,395.5799865722656,,EUR
Amundi MSCI World Information Technology UCITS ETF,TNOW,2020-10-20,388.2799987792969,,EUR
Amundi MSCI World Information Technology UCITS ETF,TNOW,2020-10-21,386.7799987792969,,EUR
Amundi MSCI World Information Technology UCITS ETF,TNOW,2020-10-22,383.45001220703125,,EUR
Amundi MSCI World Information Technology UCITS ETF,TNOW,2020-10-23,382.760009765625,,EUR
Amundi MSCI World Information Technology UCITS ETF,TNOW,2020-10-26,375.2799987792969,,EUR
Amundi MSCI World Information Technology UCITS ETF,TNOW,2020-10-27,377.7300109863281,,EUR
Amundi MSCI World Information Technology UCITS ETF,TNOW,2020-10-28,368.4700012207031,,EUR
Amundi MSCI World Information Technology UCITS ETF,TNOW,2020-10-29,373.1600036621094,,EUR
Amundi MSCI World Information Technology UCITS ETF,TNOW,2020-10-30,364.1499938964844,,EUR
Amundi MSCI World Information Technology UCITS ETF,TNOW,2020-11-02,365.8699951171875,,EUR
Amundi MSCI World Information Technology UCITS ETF,TNOW,2020-11-03,371.760009765625,,EUR
Amundi MSCI World Information Technology UCITS ETF,TNOW,2020-11-04,384.3500061035156,,EUR
Amundi MSCI World Information Technology UCITS ETF,TNOW,2020-11-05,392.3800048828125,,EUR
Amundi MSCI World Information Technology UCITS ETF,TNOW,2020-11-06,391.2900085449219,,EUR
Amundi MSCI World Information Technology UCITS ETF,TNOW,2020-11-09,403.3900146484375,,EUR
Amundi MSCI World Information Technology UCITS ETF,TNOW,2020-11-10,385.7300109863281,,EUR
Amundi MSCI World Information Technology UCITS ETF,TNOW,2020-11-11,393.0899963378906,,EUR
Amundi MSCI World Information Technology UCITS ETF,TNOW,2020-11-12,392.1300048828125,,EUR
Amundi MSCI World Information Technology UCITS ETF,TNOW,2020-11-13,390.05999755859375,,EUR
Amundi MSCI World Information Technology UCITS ETF,TNOW,2020-11-16,396.0,,EUR
Amundi MSCI World Information Technology UCITS ETF,TNOW,2020-11-17,392.92999267578125,,EUR
Amundi MSCI World Information Technology UCITS ETF,TNOW,2020-11-18,393.2300109863281,,EUR
Amundi MSCI World Information Technology UCITS ETF,TNOW,2020-11-19,392.54998779296875,,EUR
Amundi MSCI World Information Technology UCITS ETF,TNOW,2020-11-20,394.6199951171875,,EUR
Amundi MSCI World Information Technology UCITS ETF,TNOW,2020-11-23,389.6600036621094,,EUR
Amundi MSCI World Information Technology UCITS ETF,TNOW,2020-11-24,394.6600036621094,,EUR
Amundi MSCI World Information Technology UCITS ETF,TNOW,2020-11-25,395.5199890136719,,EUR
Amundi MSCI World Information Technology UCITS ETF,TNOW,2020-11-26,397.0,,EUR
Amundi MSCI World Information Technology UCITS ETF,TNOW,2020-11-27,398.42999267578125,,EUR
Amundi MSCI World Information Technology UCITS ETF,TNOW,2020-11-30,394.4599914550781,,EUR
Amundi MSCI World Information Technology UCITS ETF,TNOW,2020-12-01,401.20001220703125,,EUR
Amundi MSCI World Information Technology UCITS ETF,TNOW,2020-12-02,397.489990234375,,EUR
Amundi MSCI World Information Technology UCITS ETF,TNOW,2020-12-03,397.9200134277344,,EUR
Amundi MSCI World Information Technology UCITS ETF,TNOW,2020-12-04,400.6300048828125,,EUR
Amundi MSCI World Information Technology UCITS ETF,TNOW,2020-12-07,402.6499938964844,,EUR
Amundi MSCI World Information Technology UCITS ETF,TNOW,2020-12-08,405.0,,EUR
Amundi MSCI World Information Technology UCITS ETF,TNOW,2020-12-09,404.3699951171875,,EUR
Amundi MSCI World Information Technology UCITS ETF,TNOW,2020-12-10,399.19000244140625,,EUR
Amundi MSCI World Information Technology UCITS ETF,TNOW,2020-12-11,394.6300048828125,,EUR
Amundi MSCI World Information Technology UCITS ETF,TNOW,2020-12-14,399.6300048828125,,EUR
Amundi MSCI World Information Technology UCITS ETF,TNOW,2020-12-15,400.4200134277344,,EUR
Amundi MSCI World Information Technology UCITS ETF,TNOW,2020-12-16,405.739990234375,,EUR
Amundi MSCI World Information Technology UCITS ETF,TNOW,2020-12-17,407.8999938964844,,EUR
Amundi MSCI World Information Technology UCITS ETF,TNOW,2020-12-18,407.29998779296875,,EUR
Amundi MSCI World Information Technology UCITS ETF,TNOW,2020-12-21,402.9100036621094,,EUR
Amundi MSCI World Information Technology UCITS ETF,TNOW,2020-12-22,412.1300048828125,,EUR
Amundi MSCI World Information Technology UCITS ETF,TNOW,2020-12-23,411.8399963378906,,EUR
Amundi MSCI World Information Technology UCITS ETF,TNOW,2020-12-24,410.8900146484375,,EUR
Amundi MSCI World Information Technology UCITS ETF,TNOW,2020-12-28,415.3800048828125,,EUR
Amundi MSCI World Information Technology UCITS ETF,TNOW,2020-12-29,414.19000244140625,,EUR
Amundi MSCI World Information Technology UCITS ETF,TNOW,2020-12-30,412.2099914550781,,EUR
Amundi MSCI World Information Technology UCITS ETF,TNOW,2020-12-31,413.3599853515625,,EUR
Amundi MSCI World Information Technology UCITS ETF,TNOW,2021-01-04,407.8399963378906,,EUR
Amundi MSCI World Information Technology UCITS ETF,TNOW,2021-01-05,408.1600036621094,,EUR
Amundi MSCI World Information Technology UCITS ETF,TNOW,2021-01-06,409.0,,EUR
Amundi MSCI World Information Technology UCITS ETF,TNOW,2021-01-07,412.30999755859375,,EUR
Amundi MSCI World Information Technology UCITS ETF,TNOW,2021-01-08,416.05999755859375,,EUR
Amundi MSCI World Information Technology UCITS ETF,TNOW,2021-01-11,419.1400146484375,,EUR
Amundi MSCI World Information Technology UCITS ETF,TNOW,2021-01-12,415.2900085449219,,EUR
Amundi MSCI World Information Technology UCITS ETF,TNOW,2021-01-13,418.0199890136719,,EUR
Amundi MSCI World Information Technology UCITS ETF,TNOW,2021-01-14,419.3599853515625,,EUR
Amundi MSCI World Information Technology UCITS ETF,TNOW,2021-01-15,415.7300109863281,,EUR
Amundi MSCI World Information Technology UCITS ETF,TNOW,2021-01-18,414.2799987792969,,EUR
Amundi MSCI World Information Technology UCITS ETF,TNOW,2021-01-19,414.0,,EUR
Amundi MSCI World Information Technology UCITS ETF,TNOW,2021-01-20,425.0299987792969,,EUR
Amundi MSCI World Information Technology UCITS ETF,TNOW,2021-01-21,427.0799865722656,,EUR
Amundi MSCI World Information Technology UCITS ETF,TNOW,2021-01-22,426.1300048828125,,EUR
Amundi MSCI World Information Technology UCITS ETF,TNOW,2021-01-25,427.6199951171875,,EUR
Amundi MSCI World Information Technology UCITS ETF,TNOW,2021-01-26,429.6300048828125,,EUR
Amundi MSCI World Information Technology UCITS ETF,TNOW,2021-01-27,425.510009765625,,EUR
Amundi MSCI World Information Technology UCITS ETF,TNOW,2021-01-28,425.30999755859375,,EUR
Amundi MSCI World Information Technology UCITS ETF,TNOW,2021-01-29,415.5199890136719,,EUR
Amundi MSCI World Information Technology UCITS ETF,TNOW,2021-02-01,424.25,,EUR
Amundi MSCI World Information Technology UCITS ETF,TNOW,2021-02-02,432.44000244140625,,EUR
Amundi MSCI World Information Technology UCITS ETF,TNOW,2021-02-03,432.9599914550781,,EUR
Amundi MSCI World Information Technology UCITS ETF,TNOW,2021-02-04,437.05999755859375,,EUR
Amundi MSCI World Information Technology UCITS ETF,TNOW,2021-02-05,437.3299865722656,,EUR
Amundi MSCI World Information Technology UCITS ETF,TNOW,2021-02-08,440.70001220703125,,EUR
Amundi MSCI World Information Technology UCITS ETF,TNOW,2021-02-09,441.9800109863281,,EUR
Amundi MSCI World Information Technology UCITS ETF,TNOW,2021-02-10,438.4800109863281,,EUR
Amundi MSCI World Information Technology UCITS ETF,TNOW,2021-02-11,444.57000732421875,,EUR
Amundi MSCI World Information Technology UCITS ETF,TNOW,2021-02-12,446.4800109863281,,EUR
Amundi MSCI World Information Technology UCITS ETF,TNOW,2021-02-15,449.8900146484375,,EUR
Amundi MSCI World Information Technology UCITS ETF,TNOW,2021-02-16,447.3900146484375,,EUR
Amundi MSCI World Information Technology UCITS ETF,TNOW,2021-02-17,440.3699951171875,,EUR
Amundi MSCI World Information Technology UCITS ETF,TNOW,2021-02-18,438.239990234375,,EUR
Amundi MSCI World Information Technology UCITS ETF,TNOW,2021-02-19,442.3800048828125,,EUR
Amundi MSCI World Information Technology UCITS ETF,TNOW,2021-02-22,431.6099853515625,,EUR
Amundi MSCI World Information Technology UCITS ETF,TNOW,2021-02-23,423.1199951171875,,EUR
Amundi MSCI World Information Technology UCITS ETF,TNOW,2021-02-24,426.42999267578125,,EUR
Amundi MSCI World Information Technology UCITS ETF,TNOW,2021-02-25,422.17999267578125,,EUR
Amundi MSCI World Information Technology UCITS ETF,TNOW,2021-02-26,422.8999938964844,,EUR
Amundi MSCI World Information Technology UCITS ETF,TNOW,2021-03-01,432.2099914550781,,EUR
Amundi MSCI World Information Technology UCITS ETF,TNOW,2021-03-02,428.6199951171875,,EUR
Amundi MSCI World Information Technology UCITS ETF,TNOW,2021-03-03,422.9200134277344,,EUR
Amundi MSCI World Information Technology UCITS ETF,TNOW,2021-03-04,413.489990234375,,EUR
Amundi MSCI World Information Technology UCITS ETF,TNOW,2021-03-05,404.69000244140625,,EUR
Amundi MSCI World Information Technology UCITS ETF,TNOW,2021-03-08,417.05999755859375,,EUR
Amundi MSCI World Information Technology UCITS ETF,TNOW,2021-03-09,420.5799865722656,,EUR
Amundi MSCI World Information Technology UCITS ETF,TNOW,2021-03-10,422.2799987792969,,EUR
Amundi MSCI World Information Technology UCITS ETF,TNOW,2021-03-11,427.5899963378906,,EUR
Amundi MSCI World Information Technology UCITS ETF,TNOW,2021-03-12,421.45001220703125,,EUR
Amundi MSCI World Information Technology UCITS ETF,TNOW,2021-03-15,426.7200012207031,,EUR
Amundi MSCI World Information Technology UCITS ETF,TNOW,2021-03-16,434.760009765625,,EUR
Amundi MSCI World Information Technology UCITS ETF,TNOW,2021-03-17,428.0299987792969,,EUR
Amundi MSCI World Information Technology UCITS ETF,TNOW,2021-03-18,426.54998779296875,,EUR
Amundi MSCI World Information Technology UCITS ETF,TNOW,2021-03-19,422.70001220703125,,EUR
Amundi MSCI World Information Technology UCITS ETF,TNOW,2021-03-22,428.4100036621094,,EUR
Amundi MSCI World Information Technology UCITS ETF,TNOW,2021-03-23,428.4599914550781,,EUR
Amundi MSCI World Information Technology UCITS ETF,TNOW,2021-03-24,427.1700134277344,,EUR
Amundi MSCI World Information Technology UCITS ETF,TNOW,2021-03-25,424.4800109863281,,EUR
Amundi MSCI World Information Technology UCITS ETF,TNOW,2021-03-26,428.3699951171875,,EUR
Amundi MSCI World Information Technology UCITS ETF,TNOW,2021-03-29,430.1300048828125,,EUR
Amundi MSCI World Information Technology UCITS ETF,TNOW,2021-03-30,430.3500061035156,,EUR
Amundi MSCI World Information Technology UCITS ETF,TNOW,2021-03-31,436.8999938964844,,EUR
Amundi MSCI World Information Technology UCITS ETF,TNOW,2021-04-01,442.8699951171875,,EUR
Amundi MSCI World Information Technology UCITS ETF,TNOW,2021-04-06,449.8999938964844,,EUR
Amundi MSCI World Information Technology UCITS ETF,TNOW,2021-04-07,447.7900085449219,,EUR
Amundi MSCI World Information Technology UCITS ETF,TNOW,2021-04-08,453.4800109863281,,EUR
Amundi MSCI World Information Technology UCITS ETF,TNOW,2021-04-09,455.760009765625,,EUR
Amundi MSCI World Information Technology UCITS ETF,TNOW,2021-04-12,455.3900146484375,,EUR
Amundi MSCI World Information Technology UCITS ETF,TNOW,2021-04-13,458.07000732421875,,EUR
Amundi MSCI World Information Technology UCITS ETF,TNOW,2021-04-14,456.2900085449219,,EUR
Amundi MSCI World Information Technology UCITS ETF,TNOW,2021-04-15,460.510009765625,,EUR
Amundi MSCI World Information Technology UCITS ETF,TNOW,2021-04-16,460.0799865722656,,EUR
Amundi MSCI World Information Technology UCITS ETF,TNOW,2021-04-19,454.6300048828125,,EUR
Amundi MSCI World Information Technology UCITS ETF,TNOW,2021-04-20,448.5,,EUR
Amundi MSCI World Information Technology UCITS ETF,TNOW,2021-04-21,453.3299865722656,,EUR
Amundi MSCI World Information Technology UCITS ETF,TNOW,2021-04-22,457.239990234375,,EUR
Amundi MSCI World Information Technology UCITS ETF,TNOW,2021-04-23,455.7300109863281,,EUR
Amundi MSCI World Information Technology UCITS ETF,TNOW,2021-04-26,458.2900085449219,,EUR
Amundi MSCI World Information Technology UCITS ETF,TNOW,2021-04-27,457.0400085449219,,EUR
Amundi MSCI World Information Technology UCITS ETF,TNOW,2021-04-28,453.8399963378906,,EUR
Amundi MSCI World Information Technology UCITS ETF,TNOW,2021-04-29,449.8599853515625,,EUR
Amundi MSCI World Information Technology UCITS ETF,TNOW,2021-04-30,449.80999755859375,,EUR
Amundi MSCI World Information Technology UCITS ETF,TNOW,2021-05-03,446.6199951171875,,EUR
Amundi MSCI World Information Technology UCITS ETF,TNOW,2021-05-04,435.25,,EUR
Amundi MSCI World Information Technology UCITS ETF,TNOW,2021-05-05,442.8599853515625,,EUR
Amundi MSCI World Information Technology UCITS ETF,TNOW,2021-05-06,436.20001220703125,,EUR
Amundi MSCI World Information Technology UCITS ETF,TNOW,2021-05-07,441.80999755859375,,EUR
Amundi MSCI World Information Technology UCITS ETF,TNOW,2021-05-10,432.92999267578125,,EUR
Amundi MSCI World Information Technology UCITS ETF,TNOW,2021-05-11,425.45001220703125,,EUR
Amundi MSCI World Information Technology UCITS ETF,TNOW,2021-05-12,420.0,,EUR
Amundi MSCI World Information Technology UCITS ETF,TNOW,2021-05-13,422.1499938964844,,EUR
Amundi MSCI World Information Technology UCITS ETF,TNOW,2021-05-14,427.8599853515625,,EUR
Amundi MSCI World Information Technology UCITS ETF,TNOW,2021-05-17,424.3800048828125,,EUR
Amundi MSCI World Information Technology UCITS ETF,TNOW,2021-05-18,424.260009765625,,EUR
Amundi MSCI World Information Technology UCITS ETF,TNOW,2021-05-19,418.45001220703125,,EUR
Amundi MSCI World Information Technology UCITS ETF,TNOW,2021-05-20,431.260009765625,,EUR
Amundi MSCI World Information Technology UCITS ETF,TNOW,2021-05-21,431.3299865722656,,EUR
Amundi MSCI World Information Technology UCITS ETF,TNOW,2021-05-24,436.3299865722656,,EUR
Amundi MSCI World Information Technology UCITS ETF,TNOW,2021-05-25,436.0199890136719,,EUR
Amundi MSCI World Information Technology UCITS ETF,TNOW,2021-05-26,436.760009765625,,EUR
Amundi MSCI World Information Technology UCITS ETF,TNOW,2021-05-27,437.8900146484375,,EUR
Amundi MSCI World Information Technology UCITS ETF,TNOW,2021-05-28,439.1400146484375,,EUR
Amundi MSCI World Information Technology UCITS ETF,TNOW,2021-05-31,435.7699890136719,,EUR
Amundi MSCI World Information Technology UCITS ETF,TNOW,2021-06-01,434.9800109863281,,EUR
Amundi MSCI World Information Technology UCITS ETF,TNOW,2021-06-02,438.4700012207031,,EUR
Amundi MSCI World Information Technology UCITS ETF,TNOW,2021-06-03,437.4100036621094,,EUR
Amundi MSCI World Information Technology UCITS ETF,TNOW,2021-06-04,442.1199951171875,,EUR
Amundi MSCI World Information Technology UCITS ETF,TNOW,2021-06-07,440.55999755859375,,EUR
Amundi MSCI World Information Technology UCITS ETF,TNOW,2021-06-08,442.8999938964844,,EUR
Amundi MSCI World Information Technology UCITS ETF,TNOW,2021-06-09,443.6400146484375,,EUR
Amundi MSCI World Information Technology UCITS ETF,TNOW,2021-06-10,445.94000244140625,,EUR
Amundi MSCI World Information Technology UCITS ETF,TNOW,2021-06-11,451.82000732421875,,EUR
Amundi MSCI World Information Technology UCITS ETF,TNOW,2021-06-14,453.9200134277344,,EUR
Amundi MSCI World Information Technology UCITS ETF,TNOW,2021-06-15,454.9700012207031,,EUR
Amundi MSCI World Information Technology UCITS ETF,TNOW,2021-06-16,455.4200134277344,,EUR
Amundi MSCI World Information Technology UCITS ETF,TNOW,2021-06-17,466.4700012207031,,EUR
Amundi MSCI World Information Technology UCITS ETF,TNOW,2021-06-18,463.8599853515625,,EUR
Amundi MSCI World Information Technology UCITS ETF,TNOW,2021-06-21,464.7699890136719,,EUR
Amundi MSCI World Information Technology UCITS ETF,TNOW,2021-06-22,468.45001220703125,,EUR
Amundi MSCI World Information Technology UCITS ETF,TNOW,2021-06-23,467.760009765625,,EUR
Amundi MSCI World Information Technology UCITS ETF,TNOW,2021-06-24,473.0,,EUR
Amundi MSCI World Information Technology UCITS ETF,TNOW,2021-06-25,471.9700012207031,,EUR
Amundi MSCI World Information Technology UCITS ETF,TNOW,2021-06-28,476.6600036621094,,EUR
Amundi MSCI World Information Technology UCITS ETF,TNOW,2021-06-29,479.3999938964844,,EUR
Amundi MSCI World Information Technology UCITS ETF,TNOW,2021-06-30,481.3599853515625,,EUR
Amundi MSCI World Information Technology UCITS ETF,TNOW,2021-07-01,478.6300048828125,,EUR
Amundi MSCI World Information Technology UCITS ETF,TNOW,2021-07-02,484.8999938964844,,EUR
Amundi MSCI World Information Technology UCITS ETF,TNOW,2021-07-05,485.94000244140625,,EUR
Amundi MSCI World Information Technology UCITS ETF,TNOW,2021-07-06,490.010009765625,,EUR
Amundi MSCI World Information Technology UCITS ETF,TNOW,2021-07-07,491.8900146484375,,EUR
Amundi MSCI World Information Technology UCITS ETF,TNOW,2021-07-08,485.5,,EUR
Amundi MSCI World Information Technology UCITS ETF,TNOW,2021-07-09,490.0,,EUR
Amundi MSCI World Information Technology UCITS ETF,TNOW,2021-07-12,490.95001220703125,,EUR
Amundi MSCI World Information Technology UCITS ETF,TNOW,2021-07-13,498.05999755859375,,EUR
Amundi MSCI World Information Technology UCITS ETF,TNOW,2021-07-14,497.5799865722656,,EUR
Amundi MSCI World Information Technology UCITS ETF,TNOW,2021-07-15,494.70001220703125,,EUR
Amundi MSCI World Information Technology UCITS ETF,TNOW,2021-07-16,491.1000061035156,,EUR
Amundi MSCI World Information Technology UCITS ETF,TNOW,2021-07-19,484.2699890136719,,EUR
Amundi MSCI World Information Technology UCITS ETF,TNOW,2021-07-20,488.69000244140625,,EUR
Amundi MSCI World Information Technology UCITS ETF,TNOW,2021-07-21,493.5,,EUR
Amundi MSCI World Information Technology UCITS ETF,TNOW,2021-07-22,498.82000732421875,,EUR
Amundi MSCI World Information Technology UCITS ETF,TNOW,2021-07-23,505.0,,EUR
Amundi MSCI World Information Technology UCITS ETF,TNOW,2021-07-26,503.1499938964844,,EUR
Amundi MSCI World Information Technology UCITS ETF,TNOW,2021-07-27,493.80999755859375,,EUR
Amundi MSCI World Information Technology UCITS ETF,TNOW,2021-07-28,499.6499938964844,,EUR
Amundi MSCI World Information Technology UCITS ETF,TNOW,2021-07-29,499.0299987792969,,EUR
Amundi MSCI World Information Technology UCITS ETF,TNOW,2021-07-30,496.54998779296875,,EUR
Amundi MSCI World Information Technology UCITS ETF,TNOW,2021-08-02,501.1099853515625,,EUR
Amundi MSCI World Information Technology UCITS ETF,TNOW,2021-08-03,497.2099914550781,,EUR
Amundi MSCI World Information Technology UCITS ETF,TNOW,2021-08-04,501.9200134277344,,EUR
Amundi MSCI World Information Technology UCITS ETF,TNOW,2021-08-05,506.29998779296875,,EUR
Amundi MSCI World Information Technology UCITS ETF,TNOW,2021-08-06,507.07000732421875,,EUR
Amundi MSCI World Information Technology UCITS ETF,TNOW,2021-08-09,507.7799987792969,,EUR
Amundi MSCI World Information Technology UCITS ETF,TNOW,2021-08-10,506.0400085449219,,EUR
Amundi MSCI World Information Technology UCITS ETF,TNOW,2021-08-11,502.45001220703125,,EUR
Amundi MSCI World Information Technology UCITS ETF,TNOW,2021-08-12,506.4200134277344,,EUR
Amundi MSCI World Information Technology UCITS ETF,TNOW,2021-08-13,505.42999267578125,,EUR
Amundi MSCI World Information Technology UCITS ETF,TNOW,2021-08-16,503.2900085449219,,EUR
Amundi MSCI World Information Technology UCITS ETF,TNOW,2021-08-17,506.80999755859375,,EUR
Amundi MSCI World Information Technology UCITS ETF,TNOW,2021-08-18,506.0199890136719,,EUR
Amundi MSCI World Information Technology UCITS ETF,TNOW,2021-08-19,504.6400146484375,,EUR
Amundi MSCI World Information Technology UCITS ETF,TNOW,2021-08-20,510.4200134277344,,EUR
Amundi MSCI World Information Technology UCITS ETF,TNOW,2021-08-23,515.4299926757812,,EUR
Amundi MSCI World Information Technology UCITS ETF,TNOW,2021-08-24,516.5999755859375,,EUR
Amundi MSCI World Information Technology UCITS ETF,TNOW,2021-08-25,516.8300170898438,,EUR
Amundi MSCI World Information Technology UCITS ETF,TNOW,2021-08-26,514.530029296875,,EUR
Amundi MSCI World Information Technology UCITS ETF,TNOW,2021-08-27,516.4600219726562,,EUR
Amundi MSCI World Information Technology UCITS ETF,TNOW,2021-08-30,521.6199951171875,,EUR
Amundi MSCI World Information Technology UCITS ETF,TNOW,2021-08-31,520.4600219726562,,EUR
Amundi MSCI World Information Technology UCITS ETF,TNOW,2021-09-01,521.3900146484375,,EUR
Amundi MSCI World Information Technology UCITS ETF,TNOW,2021-09-02,519.5900268554688,,EUR
Amundi MSCI World Information Technology UCITS ETF,TNOW,2021-09-03,521.3099975585938,,EUR
Amundi MSCI World Information Technology UCITS ETF,TNOW,2021-09-06,524.5,,EUR
Amundi MSCI World Information Technology UCITS ETF,TNOW,2021-09-07,521.9000244140625,,EUR
Amundi MSCI World Information Technology UCITS ETF,TNOW,2021-09-08,518.8699951171875,,EUR
Amundi MSCI World Information Technology UCITS ETF,TNOW,2021-09-09,520.510009765625,,EUR
Amundi MSCI World Information Technology UCITS ETF,TNOW,2021-09-10,517.7899780273438,,EUR
Amundi MSCI World Information Technology UCITS ETF,TNOW,2021-09-13,513.5999755859375,,EUR
Amundi MSCI World Information Technology UCITS ETF,TNOW,2021-09-14,516.280029296875,,EUR
Amundi MSCI World Information Technology UCITS ETF,TNOW,2021-09-15,514.5499877929688,,EUR
Amundi MSCI World Information Technology UCITS ETF,TNOW,2021-09-16,517.75,,EUR
Amundi MSCI World Information Technology UCITS ETF,TNOW,2021-09-17,514.8699951171875,,EUR
Amundi MSCI World Information Technology UCITS ETF,TNOW,2021-09-20,506.1700134277344,,EUR
Amundi MSCI World Information Technology UCITS ETF,TNOW,2021-09-21,510.1400146484375,,EUR
Amundi MSCI World Information Technology UCITS ETF,TNOW,2021-09-22,512.4400024414062,,EUR
Amundi MSCI World Information Technology UCITS ETF,TNOW,2021-09-23,519.3300170898438,,EUR
Amundi MSCI World Information Technology UCITS ETF,TNOW,2021-09-24,517.510009765625,,EUR
Amundi MSCI World Information Technology UCITS ETF,TNOW,2021-09-27,514.6199951171875,,EUR
Amundi MSCI World Information Technology UCITS ETF,TNOW,2021-09-28,501.1300048828125,,EUR
Amundi MSCI World Information Technology UCITS ETF,TNOW,2021-09-29,500.69000244140625,,EUR
Amundi MSCI World Information Technology UCITS ETF,TNOW,2021-09-30,502.29998779296875,,EUR
Amundi MSCI World Information Technology UCITS ETF,TNOW,2021-10-01,498.8500061035156,,EUR
Amundi MSCI World Information Technology UCITS ETF,TNOW,2021-10-04,487.67999267578125,,EUR
Amundi MSCI World Information Technology UCITS ETF,TNOW,2021-10-05,498.29998779296875,,EUR
Amundi MSCI World Information Technology UCITS ETF,TNOW,2021-10-06,495.7300109863281,,EUR
Amundi MSCI World Information Technology UCITS ETF,TNOW,2021-10-07,510.17999267578125,,EUR
Amundi MSCI World Information Technology UCITS ETF,TNOW,2021-10-08,506.5199890136719,,EUR
Amundi MSCI World Information Technology UCITS ETF,TNOW,2021-10-11,508.1099853515625,,EUR
Amundi MSCI World Information Technology UCITS ETF,TNOW,2021-10-12,502.2699890136719,,EUR
Amundi MSCI World Information Technology UCITS ETF,TNOW,2021-10-13,502.1199951171875,,EUR
Amundi MSCI World Information Technology UCITS ETF,TNOW,2021-10-14,513.5399780273438,,EUR
Amundi MSCI World Information Technology UCITS ETF,TNOW,2021-10-15,517.75,,EUR
Amundi MSCI World Information Technology UCITS ETF,TNOW,2021-10-18,521.0700073242188,,EUR
Amundi MSCI World Information Technology UCITS ETF,TNOW,2021-10-19,527.0999755859375,,EUR
Amundi MSCI World Information Technology UCITS ETF,TNOW,2021-10-20,525.3499755859375,,EUR
Amundi MSCI World Information Technology UCITS ETF,TNOW,2021-10-21,524.7000122070312,,EUR
Amundi MSCI World Information Technology UCITS ETF,TNOW,2021-10-22,525.6900024414062,,EUR
Amundi MSCI World Information Technology UCITS ETF,TNOW,2021-10-25,528.9000244140625,,EUR
Amundi MSCI World Information Technology UCITS ETF,TNOW,2021-10-26,533.02001953125,,EUR
Amundi MSCI World Information Technology UCITS ETF,TNOW,2021-10-27,529.989990234375,,EUR
Amundi MSCI World Information Technology UCITS ETF,TNOW,2021-10-28,530.0499877929688,,EUR
Amundi MSCI World Information Technology UCITS ETF,TNOW,2021-10-29,535.5700073242188,,EUR
Amundi MSCI World Information Technology UCITS ETF,TNOW,2021-11-01,535.7000122070312,,EUR
Amundi MSCI World Information Technology UCITS ETF,TNOW,2021-11-02,541.5,,EUR
Amundi MSCI World Information Technology UCITS ETF,TNOW,2021-11-03,540.0399780273438,,EUR
Amundi MSCI World Information Technology UCITS ETF,TNOW,2021-11-04,551.25,,EUR
Amundi MSCI World Information Technology UCITS ETF,TNOW,2021-11-05,555.77001953125,,EUR
Amundi MSCI World Information Technology UCITS ETF,TNOW,2021-11-08,556.719970703125,,EUR
Amundi MSCI World Information Technology UCITS ETF,TNOW,2021-11-09,556.8099975585938,,EUR
Amundi MSCI World Information Technology UCITS ETF,TNOW,2021-11-10,552.8300170898438,,EUR
Amundi MSCI World Information Technology UCITS ETF,TNOW,2021-11-11,554.2899780273438,,EUR
Amundi MSCI World Information Technology UCITS ETF,TNOW,2021-11-12,561.0999755859375,,EUR
Amundi MSCI World Information Technology UCITS ETF,TNOW,2021-11-15,563.25,,EUR
Amundi MSCI World Information Technology UCITS ETF,TNOW,2021-11-16,571.1500244140625,,EUR
Amundi MSCI World Information Technology UCITS ETF,TNOW,2021-11-17,573.530029296875,,EUR
Amundi MSCI World Information Technology UCITS ETF,TNOW,2021-11-18,572.0599975585938,,EUR
Amundi MSCI World Information Technology UCITS ETF,TNOW,2021-11-19,580.5399780273438,,EUR
Amundi MSCI World Information Technology UCITS ETF,TNOW,2021-11-22,580.7899780273438,,EUR
Amundi MSCI World Information Technology UCITS ETF,TNOW,2021-11-23,565.0900268554688,,EUR
Amundi MSCI World Information Technology UCITS ETF,TNOW,2021-11-24,573.0,,EUR
Amundi MSCI World Information Technology UCITS ETF,TNOW,2021-11-25,577.27001953125,,EUR
Amundi MSCI World Information Technology UCITS ETF,TNOW,2021-11-26,557.5900268554688,,EUR
Amundi MSCI World Information Technology UCITS ETF,TNOW,2021-11-29,568.780029296875,,EUR
Amundi MSCI World Information Technology UCITS ETF,TNOW,2021-11-30,563.6099853515625,,EUR
Amundi MSCI World Information Technology UCITS ETF,TNOW,2021-12-01,572.010009765625,,EUR
Amundi MSCI World Information Technology UCITS ETF,TNOW,2021-12-02,555.5399780273438,,EUR
Amundi MSCI World Information Technology UCITS ETF,TNOW,2021-12-03,550.3499755859375,,EUR
Amundi MSCI World Information Technology UCITS ETF,TNOW,2021-12-06,551.6900024414062,,EUR
Amundi MSCI World Information Technology UCITS ETF,TNOW,2021-12-07,577.760009765625,,EUR
Amundi MSCI World Information Technology UCITS ETF,TNOW,2021-12-08,574.75,,EUR
Amundi MSCI World Information Technology UCITS ETF,TNOW,2021-12-09,577.4099731445312,,EUR
Amundi MSCI World Information Technology UCITS ETF,TNOW,2021-12-10,574.0800170898438,,EUR
Amundi MSCI World Information Technology UCITS ETF,TNOW,2021-12-13,575.4099731445312,,EUR
Amundi MSCI World Information Technology UCITS ETF,TNOW,2021-12-14,560.6699829101562,,EUR
Amundi MSCI World Information Technology UCITS ETF,TNOW,2021-12-15,561.52001953125,,EUR
Amundi MSCI World Information Technology UCITS ETF,TNOW,2021-12-16,566.77001953125,,EUR
Amundi MSCI World Information Technology UCITS ETF,TNOW,2021-12-17,561.0800170898438,,EUR
Amundi MSCI World Information Technology UCITS ETF,TNOW,2021-12-20,550.1900024414062,,EUR
Amundi MSCI World Information Technology UCITS ETF,TNOW,2021-12-21,559.3099975585938,,EUR
Amundi MSCI World Information Technology UCITS ETF,TNOW,2021-12-22,569.9000244140625,,EUR
Amundi MSCI World Information Technology UCITS ETF,TNOW,2021-12-23,575.47998046875,,EUR
Amundi MSCI World Information Technology UCITS ETF,TNOW,2021-12-24,575.9299926757812,,EUR
Amundi MSCI World Information Technology UCITS ETF,TNOW,2021-12-27,583.3099975585938,,EUR
Amundi MSCI World Information Technology UCITS ETF,TNOW,2021-12-28,585.02001953125,,EUR
Amundi MSCI World Information Technology UCITS ETF,TNOW,2021-12-29,581.469970703125,,EUR
Amundi MSCI World Information Technology UCITS ETF,TNOW,2021-12-30,584.739990234375,,EUR
Amundi MSCI World Information Technology UCITS ETF,TNOW,2021-12-31,579.9400024414062,,EUR
Amundi MSCI World Information Technology UCITS ETF,TNOW,2022-01-03,580.989990234375,,EUR
Amundi MSCI World Information Technology UCITS ETF,TNOW,2022-01-04,573.8099975585938,,EUR
Amundi MSCI World Information Technology UCITS ETF,TNOW,2022-01-05,568.9299926757812,,EUR
Amundi MSCI World Information Technology UCITS ETF,TNOW,2022-01-06,555.7899780273438,,EUR
Amundi MSCI World Information Technology UCITS ETF,TNOW,2022-01-07,548.97998046875,,EUR
Amundi MSCI World Information Technology UCITS ETF,TNOW,2022-01-10,535.260009765625,,EUR
Amundi MSCI World Information Technology UCITS ETF,TNOW,2022-01-11,548.9500122070312,,EUR
Amundi MSCI World Information Technology UCITS ETF,TNOW,2022-01-12,552.5,,EUR
Amundi MSCI World Information Technology UCITS ETF,TNOW,2022-01-13,547.77001953125,,EUR
Amundi MSCI World Information Technology UCITS ETF,TNOW,2022-01-14,537.52001953125,,EUR
Amundi MSCI World Information Technology UCITS ETF,TNOW,2022-01-17,542.0900268554688,,EUR
Amundi MSCI World Information Technology UCITS ETF,TNOW,2022-01-18,534.9600219726562,,EUR
Amundi MSCI World Information Technology UCITS ETF,TNOW,2022-01-19,527.780029296875,,EUR
Amundi MSCI World Information Technology UCITS ETF,TNOW,2022-01-20,534.2100219726562,,EUR
Amundi MSCI World Information Technology UCITS ETF,TNOW,2022-01-21,519.3099975585938,,EUR
Amundi MSCI World Information Technology UCITS ETF,TNOW,2022-01-24,490.0,,EUR
Amundi MSCI World Information Technology UCITS ETF,TNOW,2022-01-25,495.4100036621094,,EUR
Amundi MSCI World Information Technology UCITS ETF,TNOW,2022-01-26,510.239990234375,,EUR
Amundi MSCI World Information Technology UCITS ETF,TNOW,2022-01-27,512.0800170898438,,EUR
Amundi MSCI World Information Technology UCITS ETF,TNOW,2022-01-28,511.6000061035156,,EUR
Amundi MSCI World Information Technology UCITS ETF,TNOW,2022-01-31,527.8499755859375,,EUR
Amundi MSCI World Information Technology UCITS ETF,TNOW,2022-02-01,532.4199829101562,,EUR
Amundi MSCI World Information Technology UCITS ETF,TNOW,2022-02-02,530.6599731445312,,EUR
Amundi MSCI World Information Technology UCITS ETF,TNOW,2022-02-03,518.0700073242188,,EUR
Amundi MSCI World Information Technology UCITS ETF,TNOW,2022-02-04,511.9800109863281,,EUR
Amundi MSCI World Information Technology UCITS ETF,TNOW,2022-02-07,514.77001953125,,EUR
Amundi MSCI World Information Technology UCITS ETF,TNOW,2022-02-08,518.0900268554688,,EUR
Amundi MSCI World Information Technology UCITS ETF,TNOW,2022-02-09,527.0,,EUR
Amundi MSCI World Information Technology UCITS ETF,TNOW,2022-02-10,523.1099853515625,,EUR
Amundi MSCI World Information Technology UCITS ETF,TNOW,2022-02-11,514.6199951171875,,EUR
Amundi MSCI World Information Technology UCITS ETF,TNOW,2022-02-14,510.2799987792969,,EUR
Amundi MSCI World Information Technology UCITS ETF,TNOW,2022-02-15,515.9199829101562,,EUR
Amundi MSCI World Information Technology UCITS ETF,TNOW,2022-02-16,511.45001220703125,,EUR
Amundi MSCI World Information Technology UCITS ETF,TNOW,2022-02-17,508.5,,EUR
Amundi MSCI World Information Technology UCITS ETF,TNOW,2022-02-18,497.30999755859375,,EUR
Amundi MSCI World Information Technology UCITS ETF,TNOW,2022-02-21,488.1400146484375,,EUR
Amundi MSCI World Information Technology UCITS ETF,TNOW,2022-02-22,492.9100036621094,,EUR
Amundi MSCI World Information Technology UCITS ETF,TNOW,2022-02-23,488.79998779296875,,EUR
Amundi MSCI World Information Technology UCITS ETF,TNOW,2022-02-24,486.739990234375,,EUR
Amundi MSCI World Information Technology UCITS ETF,TNOW,2022-02-25,503.7900085449219,,EUR
Amundi MSCI World Information Technology UCITS ETF,TNOW,2022-02-28,508.1300048828125,,EUR
Amundi MSCI World Information Technology UCITS ETF,TNOW,2022-03-01,506.4700012207031,,EUR
Amundi MSCI World Information Technology UCITS ETF,TNOW,2022-03-02,509.760009765625,,EUR
Amundi MSCI World Information Technology UCITS ETF,TNOW,2022-03-03,508.3800048828125,,EUR
Amundi MSCI World Information Technology UCITS ETF,TNOW,2022-03-04,501.3599853515625,,EUR
Amundi MSCI World Information Technology UCITS ETF,TNOW,2022-03-07,495.3299865722656,,EUR
Amundi MSCI World Information Technology UCITS ETF,TNOW,2022-03-08,476.29998779296875,,EUR
Amundi MSCI World Information Technology UCITS ETF,TNOW,2022-03-09,490.6600036621094,,EUR
Amundi MSCI World Information Technology UCITS ETF,TNOW,2022-03-10,482.8800048828125,,EUR
Amundi MSCI World Information Technology UCITS ETF,TNOW,2022-03-11,487.8599853515625,,EUR
Amundi MSCI World Information Technology UCITS ETF,TNOW,2022-03-14,474.9599914550781,,EUR
Amundi MSCI World Information Technology UCITS ETF,TNOW,2022-03-15,484.3699951171875,,EUR
Amundi MSCI World Information Technology UCITS ETF,TNOW,2022-03-16,498.3699951171875,,EUR
Amundi MSCI World Information Technology UCITS ETF,TNOW,2022-03-17,498.70001220703125,,EUR
Amundi MSCI World Information Technology UCITS ETF,TNOW,2022-03-18,513.5599975585938,,EUR
Amundi MSCI World Information Technology UCITS ETF,TNOW,2022-03-21,517.760009765625,,EUR
Amundi MSCI World Information Technology UCITS ETF,TNOW,2022-03-22,526.1900024414062,,EUR
Amundi MSCI World Information Technology UCITS ETF,TNOW,2022-03-23,525.9500122070312,,EUR
Amundi MSCI World Information Technology UCITS ETF,TNOW,2022-03-24,526.1199951171875,,EUR
Amundi MSCI World Information Technology UCITS ETF,TNOW,2022-03-25,528.47998046875,,EUR
Amundi MSCI World Information Technology UCITS ETF,TNOW,2022-03-28,532.0800170898438,,EUR
Amundi MSCI World Information Technology UCITS ETF,TNOW,2022-03-29,539.3300170898438,,EUR
Amundi MSCI World Information Technology UCITS ETF,TNOW,2022-03-30,537.2100219726562,,EUR
Amundi MSCI World Information Technology UCITS ETF,TNOW,2022-03-31,535.8499755859375,,EUR
Amundi MSCI World Information Technology UCITS ETF,TNOW,2022-04-01,528.7999877929688,,EUR
Amundi MSCI World Information Technology UCITS ETF,TNOW,2022-04-04,540.8400268554688,,EUR
Amundi MSCI World Information Technology UCITS ETF,TNOW,2022-04-05,537.4000244140625,,EUR
Amundi MSCI World Information Technology UCITS ETF,TNOW,2022-04-06,519.239990234375,,EUR
Amundi MSCI World Information Technology UCITS ETF,TNOW,2022-04-07,517.0900268554688,,EUR
Amundi MSCI World Information Technology UCITS ETF,TNOW,2022-04-08,519.0399780273438,,EUR
Amundi MSCI World Information Technology UCITS ETF,TNOW,2022-04-11,504.17999267578125,,EUR
Amundi MSCI World Information Technology UCITS ETF,TNOW,2022-04-12,510.25,,EUR
Amundi MSCI World Information Technology UCITS ETF,TNOW,2022-04-13,509.239990234375,,EUR
Amundi MSCI World Information Technology UCITS ETF,TNOW,2022-04-14,507.9599914550781,,EUR
Amundi MSCI World Information Technology UCITS ETF,TNOW,2022-04-19,509.2900085449219,,EUR
Amundi MSCI World Information Technology UCITS ETF,TNOW,2022-04-20,508.3699951171875,,EUR
Amundi MSCI World Information Technology UCITS ETF,TNOW,2022-04-21,511.1199951171875,,EUR
Amundi MSCI World Information Technology UCITS ETF,TNOW,2022-04-22,495.57000732421875,,EUR
Amundi MSCI World Information Technology UCITS ETF,TNOW,2022-04-25,488.4599914550781,,EUR
Amundi MSCI World Information Technology UCITS ETF,TNOW,2022-04-26,485.3900146484375,,EUR
Amundi MSCI World Information Technology UCITS ETF,TNOW,2022-04-27,496.32000732421875,,EUR
Amundi MSCI World Information Technology UCITS ETF,TNOW,2022-04-28,501.3699951171875,,EUR
Amundi MSCI World Information Technology UCITS ETF,TNOW,2022-04-29,502.67999267578125,,EUR
Amundi MSCI World Information Technology UCITS ETF,TNOW,2022-05-02,491.6300048828125,,EUR
Amundi MSCI World Information Technology UCITS ETF,TNOW,2022-05-03,499.510009765625,,EUR
Amundi MSCI World Information Technology UCITS ETF,TNOW,2022-05-04,491.0,,EUR
Amundi MSCI World Information Technology UCITS ETF,TNOW,2022-05-05,493.8299865722656,,EUR
Amundi MSCI World Information Technology UCITS ETF,TNOW,2022-05-06,485.5400085449219,,EUR
Amundi MSCI World Information Technology UCITS ETF,TNOW,2022-05-09,465.7200012207031,,EUR
Amundi MSCI World Information Technology UCITS ETF,TNOW,2022-05-10,464.44000244140625,,EUR
Amundi MSCI World Information Technology UCITS ETF,TNOW,2022-05-11,467.3999938964844,,EUR
Amundi MSCI World Information Technology UCITS ETF,TNOW,2022-05-12,459.7799987792969,,EUR
Amundi MSCI World Information Technology UCITS ETF,TNOW,2022-05-13,473.6000061035156,,EUR
Amundi MSCI World Information Technology UCITS ETF,TNOW,2022-05-16,468.6099853515625,,EUR
Amundi MSCI World Information Technology UCITS ETF,TNOW,2022-05-17,473.70001220703125,,EUR
Amundi MSCI World Information Technology UCITS ETF,TNOW,2022-05-18,464.3299865722656,,EUR
Amundi MSCI World Information Technology UCITS ETF,TNOW,2022-05-19,453.95001220703125,,EUR
Amundi MSCI World Information Technology UCITS ETF,TNOW,2022-05-20,449.94000244140625,,EUR
Amundi MSCI World Information Technology UCITS ETF,TNOW,2022-05-23,455.2099914550781,,EUR
Amundi MSCI World Information Technology UCITS ETF,TNOW,2022-05-24,441.6400146484375,,EUR
Amundi MSCI World Information Technology UCITS ETF,TNOW,2022-05-25,449.79998779296875,,EUR
Amundi MSCI World Information Technology UCITS ETF,TNOW,2022-05-26,458.2699890136719,,EUR
Amundi MSCI World Information Technology UCITS ETF,TNOW,2022-05-27,474.8800048828125,,EUR
Amundi MSCI World Information Technology UCITS ETF,TNOW,2022-05-30,480.3800048828125,,EUR
Amundi MSCI World Information Technology UCITS ETF,TNOW,2022-05-31,473.7200012207031,,EUR
Amundi MSCI World Information Technology UCITS ETF,TNOW,2022-06-01,476.239990234375,,EUR
Amundi MSCI World Information Technology UCITS ETF,TNOW,2022-06-02,477.29998779296875,,EUR
Amundi MSCI World Information Technology UCITS ETF,TNOW,2022-06-03,472.9599914550781,,EUR
Amundi MSCI World Information Technology UCITS ETF,TNOW,2022-06-06,477.29998779296875,,EUR
Amundi MSCI World Information Technology UCITS ETF,TNOW,2022-06-07,476.4200134277344,,EUR
Amundi MSCI World Information Technology UCITS ETF,TNOW,2022-06-08,477.94000244140625,,EUR
Amundi MSCI World Information Technology UCITS ETF,TNOW,2022-06-09,473.9200134277344,,EUR
Amundi MSCI World Information Technology UCITS ETF,TNOW,2022-06-10,452.1000061035156,,EUR
Amundi MSCI World Information Technology UCITS ETF,TNOW,2022-06-13,438.489990234375,,EUR
Amundi MSCI World Information Technology UCITS ETF,TNOW,2022-06-14,435.3599853515625,,EUR
Amundi MSCI World Information Technology UCITS ETF,TNOW,2022-06-15,442.1600036621094,,EUR
Amundi MSCI World Information Technology UCITS ETF,TNOW,2022-06-16,424.54998779296875,,EUR
Amundi MSCI World Information Technology UCITS ETF,TNOW,2022-06-17,428.6600036621094,,EUR
Amundi MSCI World Information Technology UCITS ETF,TNOW,2022-06-20,430.8800048828125,,EUR
Amundi MSCI World Information Technology UCITS ETF,TNOW,2022-06-21,438.20001220703125,,EUR
Amundi MSCI World Information Technology UCITS ETF,TNOW,2022-06-22,437.8900146484375,,EUR
Amundi MSCI World Information Technology UCITS ETF,TNOW,2022-06-23,440.04998779296875,,EUR
Amundi MSCI World Information Technology UCITS ETF,TNOW,2022-06-24,450.8500061035156,,EUR
Amundi MSCI World Information Technology UCITS ETF,TNOW,2022-06-27,455.0799865722656,,EUR
Amundi MSCI World Information Technology UCITS ETF,TNOW,2022-06-28,449.2300109863281,,EUR
Amundi MSCI World Information Technology UCITS ETF,TNOW,2022-06-29,445.42999267578125,,EUR
Amundi MSCI World Information Technology UCITS ETF,TNOW,2022-06-30,439.3299865722656,,EUR
Amundi MSCI World Information Technology UCITS ETF,TNOW,2022-07-01,437.8699951171875,,EUR
Amundi MSCI World Information Technology UCITS ETF,TNOW,2022-07-04,438.3399963378906,,EUR
Amundi MSCI World Information Technology UCITS ETF,TNOW,2022-07-05,442.5199890136719,,EUR
Amundi MSCI World Information Technology UCITS ETF,TNOW,2022-07-06,456.8999938964844,,EUR
Amundi MSCI World Information Technology UCITS ETF,TNOW,2022-07-07,467.2200012207031,,EUR
Amundi MSCI World Information Technology UCITS ETF,TNOW,2022-07-08,472.6600036621094,,EUR
Amundi MSCI World Information Technology UCITS ETF,TNOW,2022-07-11,468.29998779296875,,EUR
Amundi MSCI World Information Technology UCITS ETF,TNOW,2022-07-12,468.2200012207031,,EUR
Amundi MSCI World Information Technology UCITS ETF,TNOW,2022-07-13,459.17999267578125,,EUR
Amundi MSCI World Information Technology UCITS ETF,TNOW,2022-07-14,459.20001220703125,,EUR
Amundi MSCI World Information Technology UCITS ETF,TNOW,2022-07-15,470.0400085449219,,EUR
Amundi MSCI World Information Technology UCITS ETF,TNOW,2022-07-18,473.0799865722656,,EUR
Amundi MSCI World Information Technology UCITS ETF,TNOW,2022-07-19,472.7799987792969,,EUR
Amundi MSCI World Information Technology UCITS ETF,TNOW,2022-07-20,485.8299865722656,,EUR
Amundi MSCI World Information Technology UCITS ETF,TNOW,2022-07-21,488.75,,EUR
Amundi MSCI World Information Technology UCITS ETF,TNOW,2022-07-22,486.6600036621094,,EUR
Amundi MSCI World Information Technology UCITS ETF,TNOW,2022-07-25,482.07000732421875,,EUR
Amundi MSCI World Information Technology UCITS ETF,TNOW,2022-07-26,478.8399963378906,,EUR
Amundi MSCI World Information Technology UCITS ETF,TNOW,2022-07-27,490.2900085449219,,EUR
Amundi MSCI World Information Technology UCITS ETF,TNOW,2022-07-28,499.6600036621094,,EUR
Amundi MSCI World Information Technology UCITS ETF,TNOW,2022-07-29,502.7900085449219,,EUR
Amundi MSCI World Information Technology UCITS ETF,TNOW,2022-08-01,507.80999755859375,,EUR
Amundi MSCI World Information Technology UCITS ETF,TNOW,2022-08-02,505.6499938964844,,EUR
Amundi MSCI World Information Technology UCITS ETF,TNOW,2022-08-03,518.219970703125,,EUR
Amundi MSCI World Information Technology UCITS ETF,TNOW,2022-08-04,517.2100219726562,,EUR
Amundi MSCI World Information Technology UCITS ETF,TNOW,2022-08-05,517.2899780273438,,EUR
Amundi MSCI World Information Technology UCITS ETF,TNOW,2022-08-08,518.260009765625,,EUR
Amundi MSCI World Information Technology UCITS ETF,TNOW,2022-08-09,510.32000732421875,,EUR
Amundi MSCI World Information Technology UCITS ETF,TNOW,2022-08-10,516.989990234375,,EUR
Amundi MSCI World Information Technology UCITS ETF,TNOW,2022-08-11,520.3599853515625,,EUR
Amundi MSCI World Information Technology UCITS ETF,TNOW,2022-08-12,526.6799926757812,,EUR
Amundi MSCI World Information Technology UCITS ETF,TNOW,2022-08-15,533.4199829101562,,EUR
Amundi MSCI World Information Technology UCITS ETF,TNOW,2022-08-16,534.5999755859375,,EUR
Amundi MSCI World Information Technology UCITS ETF,TNOW,2022-08-17,528.4400024414062,,EUR
Amundi MSCI World Information Technology UCITS ETF,TNOW,2022-08-18,536.2000122070312,,EUR
Amundi MSCI World Information Technology UCITS ETF,TNOW,2022-08-19,528.8900146484375,,EUR
Amundi MSCI World Information Technology UCITS ETF,TNOW,2022-08-22,522.1699829101562,,EUR
Amundi MSCI World Information Technology UCITS ETF,TNOW,2022-08-23,517.0399780273438,,EUR
Amundi MSCI World Information Technology UCITS ETF,TNOW,2022-08-24,518.760009765625,,EUR
Amundi MSCI World Information Technology UCITS ETF,TNOW,2022-08-25,521.2899780273438,,EUR
Amundi MSCI World Information Technology UCITS ETF,TNOW,2022-08-26,512.260009765625,,EUR
Amundi MSCI World Information Technology UCITS ETF,TNOW,2022-08-29,497.2699890136719,,EUR
Amundi MSCI World Information Technology UCITS ETF,TNOW,2022-08-30,490.0899963378906,,EUR
Amundi MSCI World Information Technology UCITS ETF,TNOW,2022-08-31,485.8599853515625,,EUR
Amundi MSCI World Information Technology UCITS ETF,TNOW,2022-09-01,478.6099853515625,,EUR
Amundi MSCI World Information Technology UCITS ETF,TNOW,2022-09-02,487.92999267578125,,EUR
Amundi MSCI World Information Technology UCITS ETF,TNOW,2022-09-05,482.239990234375,,EUR
Amundi MSCI World Information Technology UCITS ETF,TNOW,2022-09-06,482.3500061035156,,EUR
Amundi MSCI World Information Technology UCITS ETF,TNOW,2022-09-07,478.67999267578125,,EUR
Amundi MSCI World Information Technology UCITS ETF,TNOW,2022-09-08,487.239990234375,,EUR
Amundi MSCI World Information Technology UCITS ETF,TNOW,2022-09-09,491.5400085449219,,EUR
Amundi MSCI World Information Technology UCITS ETF,TNOW,2022-09-12,495.2799987792969,,EUR
Amundi MSCI World Information Technology UCITS ETF,TNOW,2022-09-13,482.57000732421875,,EUR
Amundi MSCI World Information Technology UCITS ETF,TNOW,2022-09-14,478.8900146484375,,EUR
Amundi MSCI World Information Technology UCITS ETF,TNOW,2022-09-15,470.42999267578125,,EUR
Amundi MSCI World Information Technology UCITS ETF,TNOW,2022-09-16,459.82000732421875,,EUR
Amundi MSCI World Information Technology UCITS ETF,TNOW,2022-09-19,463.2099914550781,,EUR
Amundi MSCI World Information Technology UCITS ETF,TNOW,2022-09-20,466.54998779296875,,EUR
Amundi MSCI World Information Technology UCITS ETF,TNOW,2022-09-21,473.489990234375,,EUR
Amundi MSCI World Information Technology UCITS ETF,TNOW,2022-09-22,459.45001220703125,,EUR
Amundi MSCI World Information Technology UCITS ETF,TNOW,2022-09-23,458.32000732421875,,EUR
Amundi MSCI World Information Technology UCITS ETF,TNOW,2022-09-26,463.3299865722656,,EUR
Amundi MSCI World Information Technology UCITS ETF,TNOW,2022-09-27,462.9100036621094,,EUR
Amundi MSCI World Information Technology UCITS ETF,TNOW,2022-09-28,459.05999755859375,,EUR
Amundi MSCI World Information Technology UCITS ETF,TNOW,2022-09-29,446.29998779296875,,EUR
Amundi MSCI World Information Technology UCITS ETF,TNOW,2022-09-30,449.54998779296875,,EUR
Amundi MSCI World Information Technology UCITS ETF,TNOW,2022-10-03,446.3500061035156,,EUR
Amundi MSCI World Information Technology UCITS ETF,TNOW,2022-10-04,458.2200012207031,,EUR
Amundi MSCI World Information Technology UCITS ETF,TNOW,2022-10-05,457.92999267578125,,EUR
Amundi MSCI World Information Technology UCITS ETF,TNOW,2022-10-06,467.0899963378906,,EUR
Amundi MSCI World Information Technology UCITS ETF,TNOW,2022-10-07,450.5400085449219,,EUR
Amundi MSCI World Information Technology UCITS ETF,TNOW,2022-10-10,443.6000061035156,,EUR
Amundi MSCI World Information Technology UCITS ETF,TNOW,2022-10-11,437.6000061035156,,EUR
Amundi MSCI World Information Technology UCITS ETF,TNOW,2022-10-12,435.3999938964844,,EUR
Amundi MSCI World Information Technology UCITS ETF,TNOW,2022-10-13,437.0199890136719,,EUR
Amundi MSCI World Information Technology UCITS ETF,TNOW,2022-10-14,437.25,,EUR
Amundi MSCI World Information Technology UCITS ETF,TNOW,2022-10-17,441.45001220703125,,EUR
Amundi MSCI World Information Technology UCITS ETF,TNOW,2022-10-18,442.4200134277344,,EUR
Amundi MSCI World Information Technology UCITS ETF,TNOW,2022-10-19,448.3500061035156,,EUR
Amundi MSCI World Information Technology UCITS ETF,TNOW,2022-10-20,451.9200134277344,,EUR
Amundi MSCI World Information Technology UCITS ETF,TNOW,2022-10-21,449.19000244140625,,EUR
Amundi MSCI World Information Technology UCITS ETF,TNOW,2022-10-24,455.69000244140625,,EUR
Amundi MSCI World Information Technology UCITS ETF,TNOW,2022-10-25,463.760009765625,,EUR
Amundi MSCI World Information Technology UCITS ETF,TNOW,2022-10-26,460.1099853515625,,EUR
Amundi MSCI World Information Technology UCITS ETF,TNOW,2022-10-27,454.45001220703125,,EUR
Amundi MSCI World Information Technology UCITS ETF,TNOW,2022-10-28,466.9599914550781,,EUR
Amundi MSCI World Information Technology UCITS ETF,TNOW,2022-10-31,469.0799865722656,,EUR
Amundi MSCI World Information Technology UCITS ETF,TNOW,2022-11-01,464.0,,EUR
Amundi MSCI World Information Technology UCITS ETF,TNOW,2022-11-02,458.6400146484375,,EUR
Amundi MSCI World Information Technology UCITS ETF,TNOW,2022-11-03,444.8999938964844,,EUR
Amundi MSCI World Information Technology UCITS ETF,TNOW,2022-11-04,435.760009765625,,EUR
Amundi MSCI World Information Technology UCITS ETF,TNOW,2022-11-07,439.3900146484375,,EUR
Amundi MSCI World Information Technology UCITS ETF,TNOW,2022-11-08,449.2900085449219,,EUR
Amundi MSCI World Information Technology UCITS ETF,TNOW,2022-11-09,439.260009765625,,EUR
Amundi MSCI World Information Technology UCITS ETF,TNOW,2022-11-10,458.989990234375,,EUR
Amundi MSCI World Information Technology UCITS ETF,TNOW,2022-11-11,462.2799987792969,,EUR
Amundi MSCI World Information Technology UCITS ETF,TNOW,2022-11-14,465.9200134277344,,EUR
Amundi MSCI World Information Technology UCITS ETF,TNOW,2022-11-15,473.6400146484375,,EUR
Amundi MSCI World Information Technology UCITS ETF,TNOW,2022-11-16,461.7300109863281,,EUR
Amundi MSCI World Information Technology UCITS ETF,TNOW,2022-11-17,461.2200012207031,,EUR
Amundi MSCI World Information Technology UCITS ETF,TNOW,2022-11-18,462.6000061035156,,EUR
Amundi MSCI World Information Technology UCITS ETF,TNOW,2022-11-21,462.989990234375,,EUR
Amundi MSCI World Information Technology UCITS ETF,TNOW,2022-11-22,464.3500061035156,,EUR
Amundi MSCI World Information Technology UCITS ETF,TNOW,2022-11-23,469.79998779296875,,EUR
Amundi MSCI World Information Technology UCITS ETF,TNOW,2022-11-24,469.8999938964844,,EUR
Amundi MSCI World Information Technology UCITS ETF,TNOW,2022-11-25,465.70001220703125,,EUR
Amundi MSCI World Information Technology UCITS ETF,TNOW,2022-11-28,459.57000732421875,,EUR
Amundi MSCI World Information Technology UCITS ETF,TNOW,2022-11-29,453.1300048828125,,EUR
Amundi MSCI World Information Technology UCITS ETF,TNOW,2022-11-30,456.54998779296875,,EUR
Amundi MSCI World Information Technology UCITS ETF,TNOW,2022-12-01,468.55999755859375,,EUR
Amundi MSCI World Information Technology UCITS ETF,TNOW,2022-12-02,464.8299865722656,,EUR
Amundi MSCI World Information Technology UCITS ETF,TNOW,2022-12-05,461.0199890136719,,EUR
Amundi MSCI World Information Technology UCITS ETF,TNOW,2022-12-06,452.0299987792969,,EUR
Amundi MSCI World Information Technology UCITS ETF,TNOW,2022-12-07,446.0899963378906,,EUR
Amundi MSCI World Information Technology UCITS ETF,TNOW,2022-12-08,451.2699890136719,,EUR
Amundi MSCI World Information Technology UCITS ETF,TNOW,2022-12-09,455.239990234375,,EUR
Amundi MSCI World Information Technology UCITS ETF,TNOW,2022-12-12,453.67999267578125,,EUR
Amundi MSCI World Information Technology UCITS ETF,TNOW,2022-12-13,466.5400085449219,,EUR
Amundi MSCI World Information Technology UCITS ETF,TNOW,2022-12-14,463.44000244140625,,EUR
Amundi MSCI World Information Technology UCITS ETF,TNOW,2022-12-15,440.9599914550781,,EUR
Amundi MSCI World Information Technology UCITS ETF,TNOW,2022-12-16,435.44000244140625,,EUR
Amundi MSCI World Information Technology UCITS ETF,TNOW,2022-12-19,429.2799987792969,,EUR
Amundi MSCI World Information Technology UCITS ETF,TNOW,2022-12-20,427.4700012207031,,EUR
Amundi MSCI World Information Technology UCITS ETF,TNOW,2022-12-21,437.4200134277344,,EUR
Amundi MSCI World Information Technology UCITS ETF,TNOW,2022-12-22,423.7300109863281,,EUR
Amundi MSCI World Information Technology UCITS ETF,TNOW,2022-12-23,423.0400085449219,,EUR
Amundi MSCI World Information Technology UCITS ETF,TNOW,2022-12-27,420.5899963378906,,EUR
Amundi MSCI World Information Technology UCITS ETF,TNOW,2022-12-28,416.3399963378906,,EUR
Amundi MSCI World Information Technology UCITS ETF,TNOW,2022-12-29,423.5400085449219,,EUR
Amundi MSCI World Information Technology UCITS ETF,TNOW,2022-12-30,418.6400146484375,,EUR
Amundi MSCI World Information Technology UCITS ETF,TNOW,2023-01-02,431.8900146484375,,EUR
Amundi MSCI World Information Technology UCITS ETF,TNOW,2023-01-03,422.5,,EUR
Amundi MSCI World Information Technology UCITS ETF,TNOW,2023-01-04,424.9800109863281,,EUR
Amundi MSCI World Information Technology UCITS ETF,TNOW,2023-01-05,421.1499938964844,,EUR
Amundi MSCI World Information Technology UCITS ETF,TNOW,2023-01-06,423.0799865722656,,EUR
Amundi MSCI World Information Technology UCITS ETF,TNOW,2023-01-09,434.0199890136719,,EUR
Amundi MSCI World Information Technology UCITS ETF,TNOW,2023-01-10,426.7099914550781,,EUR
Amundi MSCI World Information Technology UCITS ETF,TNOW,2023-01-11,433.0400085449219,,EUR
Amundi MSCI World Information Technology UCITS ETF,TNOW,2023-01-12,434.6000061035156,,EUR
Amundi MSCI World Information Technology UCITS ETF,TNOW,2023-01-13,435.67999267578125,,EUR
Amundi MSCI World Information Technology UCITS ETF,TNOW,2023-01-16,438.9599914550781,,EUR
Amundi MSCI World Information Technology UCITS ETF,TNOW,2023-01-17,442.05999755859375,,EUR
Amundi MSCI World Information Technology UCITS ETF,TNOW,2023-01-18,440.25,,EUR
Amundi MSCI World Information Technology UCITS ETF,TNOW,2023-01-19,432.2699890136719,,EUR
Amundi MSCI World Information Technology UCITS ETF,TNOW,2023-01-20,436.7799987792969,,EUR
Amundi MSCI World Information Technology UCITS ETF,TNOW,2023-01-23,451.57000732421875,,EUR
Amundi MSCI World Information Technology UCITS ETF,TNOW,2023-01-24,450.1400146484375,,EUR
Amundi MSCI World Information Technology UCITS ETF,TNOW,2023-01-25,443.92999267578125,,EUR
Amundi MSCI World Information Technology UCITS ETF,TNOW,2023-01-26,451.7799987792969,,EUR
Amundi MSCI World Information Technology UCITS ETF,TNOW,2023-01-27,458.7699890136719,,EUR
Amundi MSCI World Information Technology UCITS ETF,TNOW,2023-01-30,453.6000061035156,,EUR
Amundi MSCI World Information Technology UCITS ETF,TNOW,2023-01-31,454.010009765625,,EUR
Amundi MSCI World Information Technology UCITS ETF,TNOW,2023-02-01,455.2799987792969,,EUR
Amundi MSCI World Information Technology UCITS ETF,TNOW,2023-02-02,477.82000732421875,,EUR
Amundi MSCI World Information Technology UCITS ETF,TNOW,2023-02-03,484.760009765625,,EUR
Amundi MSCI World Information Technology UCITS ETF,TNOW,2023-02-06,478.8599853515625,,EUR
Amundi MSCI World Information Technology UCITS ETF,TNOW,2023-02-07,480.54998779296875,,EUR
Amundi MSCI World Information Technology UCITS ETF,TNOW,2023-02-08,481.4200134277344,,EUR
Amundi MSCI World Information Technology UCITS ETF,TNOW,2023-02-09,483.5299987792969,,EUR
Amundi MSCI World Information Technology UCITS ETF,TNOW,2023-02-10,475.8599853515625,,EUR
Amundi MSCI World Information Technology UCITS ETF,TNOW,2023-02-13,482.8399963378906,,EUR
Amundi MSCI World Information Technology UCITS ETF,TNOW,2023-02-14,480.1000061035156,,EUR
Amundi MSCI World Information Technology UCITS ETF,TNOW,2023-02-15,486.6300048828125,,EUR
Amundi MSCI World Information Technology UCITS ETF,TNOW,2023-02-16,486.45001220703125,,EUR
Amundi MSCI World Information Technology UCITS ETF,TNOW,2023-02-17,474.1199951171875,,EUR
Amundi MSCI World Information Technology UCITS ETF,TNOW,2023-02-20,474.5299987792969,,EUR
Amundi MSCI World Information Technology UCITS ETF,TNOW,2023-02-21,466.8299865722656,,EUR
Amundi MSCI World Information Technology UCITS ETF,TNOW,2023-02-22,466.6499938964844,,EUR
Amundi MSCI World Information Technology UCITS ETF,TNOW,2023-02-23,469.739990234375,,EUR
Amundi MSCI World Information Technology UCITS ETF,TNOW,2023-02-24,466.75,,EUR
Amundi MSCI World Information Technology UCITS ETF,TNOW,2023-02-27,469.3900146484375,,EUR
Amundi MSCI World Information Technology UCITS ETF,TNOW,2023-02-28,468.32000732421875,,EUR
Amundi MSCI World Information Technology UCITS ETF,TNOW,2023-03-01,461.29998779296875,,EUR
Amundi MSCI World Information Technology UCITS ETF,TNOW,2023-03-02,462.80999755859375,,EUR
Amundi MSCI World Information Technology UCITS ETF,TNOW,2023-03-03,474.6000061035156,,EUR
Amundi MSCI World Information Technology UCITS ETF,TNOW,2023-03-06,482.5199890136719,,EUR
Amundi MSCI World Information Technology UCITS ETF,TNOW,2023-03-07,478.3900146484375,,EUR
Amundi MSCI World Information Technology UCITS ETF,TNOW,2023-03-08,479.0799865722656,,EUR
Amundi MSCI World Information Technology UCITS ETF,TNOW,2023-03-09,484.20001220703125,,EUR
Amundi MSCI World Information Technology UCITS ETF,TNOW,2023-03-10,470.0799865722656,,EUR
Amundi MSCI World Information Technology UCITS ETF,TNOW,2023-03-13,462.17999267578125,,EUR
Amundi MSCI World Information Technology UCITS ETF,TNOW,2023-03-14,471.1199951171875,,EUR
Amundi MSCI World Information Technology UCITS ETF,TNOW,2023-03-15,472.07000732421875,,EUR
Amundi MSCI World Information Technology UCITS ETF,TNOW,2023-03-16,483.7300109863281,,EUR
Amundi MSCI World Information Technology UCITS ETF,TNOW,2023-03-17,484.4599914550781,,EUR
Amundi MSCI World Information Technology UCITS ETF,TNOW,2023-03-20,481.1499938964844,,EUR
Amundi MSCI World Information Technology UCITS ETF,TNOW,2023-03-21,483.1600036621094,,EUR
Amundi MSCI World Information Technology UCITS ETF,TNOW,2023-03-22,487.1099853515625,,EUR
Amundi MSCI World Information Technology UCITS ETF,TNOW,2023-03-23,488.2900085449219,,EUR
Amundi MSCI World Information Technology UCITS ETF,TNOW,2023-03-24,485.29998779296875,,EUR
Amundi MSCI World Information Technology UCITS ETF,TNOW,2023-03-27,486.7699890136719,,EUR
Amundi MSCI World Information Technology UCITS ETF,TNOW,2023-03-28,478.8800048828125,,EUR
Amundi MSCI World Information Technology UCITS ETF,TNOW,2023-03-29,488.2900085449219,,EUR
Amundi MSCI World Information Technology UCITS ETF,TNOW,2023-03-30,492.9700012207031,,EUR
Amundi MSCI World Information Technology UCITS ETF,TNOW,2023-03-31,498.2699890136719,,EUR
Amundi MSCI World Information Technology UCITS ETF,TNOW,2023-04-03,497.5199890136719,,EUR
Amundi MSCI World Information Technology UCITS ETF,TNOW,2023-04-04,496.7099914550781,,EUR
Amundi MSCI World Information Technology UCITS ETF,TNOW,2023-04-05,489.0899963378906,,EUR
Amundi MSCI World Information Technology UCITS ETF,TNOW,2023-04-06,488.510009765625,,EUR
Amundi MSCI World Information Technology UCITS ETF,TNOW,2023-04-11,488.1600036621094,,EUR
Amundi MSCI World Information Technology UCITS ETF,TNOW,2023-04-12,486.19000244140625,,EUR
Amundi MSCI World Information Technology UCITS ETF,TNOW,2023-04-13,486.0400085449219,,EUR
Amundi MSCI World Information Technology UCITS ETF,TNOW,2023-04-14,489.3900146484375,,EUR
Amundi MSCI World Information Technology UCITS ETF,TNOW,2023-04-17,491.42999267578125,,EUR
Amundi MSCI World Information Technology UCITS ETF,TNOW,2023-04-18,493.6099853515625,,EUR
Amundi MSCI World Information Technology UCITS ETF,TNOW,2023-04-19,491.0799865722656,,EUR
Amundi MSCI World Information Technology UCITS ETF,TNOW,2023-04-20,490.1099853515625,,EUR
Amundi MSCI World Information Technology UCITS ETF,TNOW,2023-04-21,487.80999755859375,,EUR
Amundi MSCI World Information Technology UCITS ETF,TNOW,2023-04-24,482.3299865722656,,EUR
Amundi MSCI World Information Technology UCITS ETF,TNOW,2023-04-25,480.80999755859375,,EUR
Amundi MSCI World Information Technology UCITS ETF,TNOW,2023-04-26,482.1400146484375,,EUR
Amundi MSCI World Information Technology UCITS ETF,TNOW,2023-04-27,485.2099914550781,,EUR
Amundi MSCI World Information Technology UCITS ETF,TNOW,2023-04-28,490.1499938964844,,EUR
Amundi MSCI World Information Technology UCITS ETF,TNOW,2023-05-02,489.70001220703125,,EUR
Amundi MSCI World Information Technology UCITS ETF,TNOW,2023-05-03,487.92999267578125,,EUR
Amundi MSCI World Information Technology UCITS ETF,TNOW,2023-05-04,486.9100036621094,,EUR
Amundi MSCI World Information Technology UCITS ETF,TNOW,2023-05-05,496.4599914550781,,EUR
Amundi MSCI World Information Technology UCITS ETF,TNOW,2023-05-08,496.0,,EUR
Amundi MSCI World Information Technology UCITS ETF,TNOW,2023-05-09,498.3500061035156,,EUR
Amundi MSCI World Information Technology UCITS ETF,TNOW,2023-05-10,501.7900085449219,,EUR
Amundi MSCI World Information Technology UCITS ETF,TNOW,2023-05-11,501.739990234375,,EUR
Amundi MSCI World Information Technology UCITS ETF,TNOW,2023-05-12,502.80999755859375,,EUR
Amundi MSCI World Information Technology UCITS ETF,TNOW,2023-05-15,505.3999938964844,,EUR
Amundi MSCI World Information Technology UCITS ETF,TNOW,2023-05-16,509.2200012207031,,EUR
Amundi MSCI World Information Technology UCITS ETF,TNOW,2023-05-17,511.4100036621094,,EUR
Amundi MSCI World Information Technology UCITS ETF,TNOW,2023-05-18,526.510009765625,,EUR
Amundi MSCI World Information Technology UCITS ETF,TNOW,2023-05-19,525.5399780273438,,EUR
Amundi MSCI World Information Technology UCITS ETF,TNOW,2023-05-22,528.3599853515625,,EUR
Amundi MSCI World Information Technology UCITS ETF,TNOW,2023-05-23,525.8800048828125,,EUR
Amundi MSCI World Information Technology UCITS ETF,TNOW,2023-05-24,516.8400268554688,,EUR
Amundi MSCI World Information Technology UCITS ETF,TNOW,2023-05-25,535.4199829101562,,EUR
Amundi MSCI World Information Technology UCITS ETF,TNOW,2023-05-26,549.8800048828125,,EUR
Amundi MSCI World Information Technology UCITS ETF,TNOW,2023-05-29,553.239990234375,,EUR
Amundi MSCI World Information Technology UCITS ETF,TNOW,2023-05-30,557.25,,EUR
Amundi MSCI World Information Technology UCITS ETF,TNOW,2023-05-31,551.9400024414062,,EUR
Amundi MSCI World Information Technology UCITS ETF,TNOW,2023-06-01,548.4500122070312,,EUR
Amundi MSCI World Information Technology UCITS ETF,TNOW,2023-06-02,559.3800048828125,,EUR
Amundi MSCI World Information Technology UCITS ETF,TNOW,2023-06-05,562.1199951171875,,EUR
Amundi MSCI World Information Technology UCITS ETF,TNOW,2023-06-06,557.6599731445312,,EUR
Amundi MSCI World Information Technology UCITS ETF,TNOW,2023-06-07,554.6199951171875,,EUR
Amundi MSCI World Information Technology UCITS ETF,TNOW,2023-06-08,550.0700073242188,,EUR
Amundi MSCI World Information Technology UCITS ETF,TNOW,2023-06-09,554.4600219726562,,EUR
Amundi MSCI World Information Technology UCITS ETF,TNOW,2023-06-12,560.75,,EUR
Amundi MSCI World Information Technology UCITS ETF,TNOW,2023-06-13,567.8699951171875,,EUR
Amundi MSCI World Information Technology UCITS ETF,TNOW,2023-06-14,570.2000122070312,,EUR
Amundi MSCI World Information Technology UCITS ETF,TNOW,2023-06-15,571.5800170898438,,EUR
Amundi MSCI World Information Technology UCITS ETF,TNOW,2023-06-16,573.6599731445312,,EUR
Amundi MSCI World Information Technology UCITS ETF,TNOW,2023-06-19,567.8800048828125,,EUR
Amundi MSCI World Information Technology UCITS ETF,TNOW,2023-06-20,565.2899780273438,,EUR
Amundi MSCI World Information Technology UCITS ETF,TNOW,2023-06-21,556.260009765625,,EUR
Amundi MSCI World Information Technology UCITS ETF,TNOW,2023-06-22,558.6400146484375,,EUR
Amundi MSCI World Information Technology UCITS ETF,TNOW,2023-06-23,556.4000244140625,,EUR
Amundi MSCI World Information Technology UCITS ETF,TNOW,2023-06-26,556.0700073242188,,EUR
Amundi MSCI World Information Technology UCITS ETF,TNOW,2023-06-27,553.719970703125,,EUR
Amundi MSCI World Information Technology UCITS ETF,TNOW,2023-06-28,563.9600219726562,,EUR
Amundi MSCI World Information Technology UCITS ETF,TNOW,2023-06-29,565.010009765625,,EUR
Amundi MSCI World Information Technology UCITS ETF,TNOW,2023-06-30,571.1599731445312,,EUR
Amundi MSCI World Information Technology UCITS ETF,TNOW,2023-07-03,570.0499877929688,,EUR
Amundi MSCI World Information Technology UCITS ETF,TNOW,2023-07-04,572.530029296875,,EUR
Amundi MSCI World Information Technology UCITS ETF,TNOW,2023-07-05,570.77001953125,,EUR
Amundi MSCI World Information Technology UCITS ETF,TNOW,2023-07-06,563.4400024414062,,EUR
Amundi MSCI World Information Technology UCITS ETF,TNOW,2023-07-07,564.3400268554688,,EUR
Amundi MSCI World Information Technology UCITS ETF,TNOW,2023-07-10,559.3800048828125,,EUR
Amundi MSCI World Information Technology UCITS ETF,TNOW,2023-07-11,558.7999877929688,,EUR
Amundi MSCI World Information Technology UCITS ETF,TNOW,2023-07-12,562.0900268554688,,EUR
Amundi MSCI World Information Technology UCITS ETF,TNOW,2023-07-13,564.5,,EUR
Amundi MSCI World Information Technology UCITS ETF,TNOW,2023-07-14,570.1099853515625,,EUR
Amundi MSCI World Information Technology UCITS ETF,TNOW,2023-07-17,569.3099975585938,,EUR
Amundi MSCI World Information Technology UCITS ETF,TNOW,2023-07-18,571.3200073242188,,EUR
Amundi MSCI World Information Technology UCITS ETF,TNOW,2023-07-19,581.760009765625,,EUR
Amundi MSCI World Information Technology UCITS ETF,TNOW,2023-07-20,574.760009765625,,EUR
Amundi MSCI World Information Technology UCITS ETF,TNOW,2023-07-21,571.5800170898438,,EUR
Amundi MSCI World Information Technology UCITS ETF,TNOW,2023-07-24,570.7899780273438,,EUR
Amundi MSCI World Information Technology UCITS ETF,TNOW,2023-07-25,578.4500122070312,,EUR
Amundi MSCI World Information Technology UCITS ETF,TNOW,2023-07-26,569.4400024414062,,EUR
Amundi MSCI World Information Technology UCITS ETF,TNOW,2023-07-27,583.1799926757812,,EUR
Amundi MSCI World Information Technology UCITS ETF,TNOW,2023-07-28,580.5,,EUR
Amundi MSCI World Information Technology UCITS ETF,TNOW,2023-07-31,580.47998046875,,EUR
Amundi MSCI World Information Technology UCITS ETF,TNOW,2023-08-01,584.6099853515625,,EUR
Amundi MSCI World Information Technology UCITS ETF,TNOW,2023-08-02,572.3699951171875,,EUR
Amundi MSCI World Information Technology UCITS ETF,TNOW,2023-08-03,568.77001953125,,EUR
Amundi MSCI World Information Technology UCITS ETF,TNOW,2023-08-04,562.3300170898438,,EUR
Amundi MSCI World Information Technology UCITS ETF,TNOW,2023-08-07,555.6099853515625,,EUR
Amundi MSCI World Information Technology UCITS ETF,TNOW,2023-08-08,552.8800048828125,,EUR
Amundi MSCI World Information Technology UCITS ETF,TNOW,2023-08-09,546.8900146484375,,EUR
Amundi MSCI World Information Technology UCITS ETF,TNOW,2023-08-10,549.8200073242188,,EUR
Amundi MSCI World Information Technology UCITS ETF,TNOW,2023-08-11,542.6400146484375,,EUR
Amundi MSCI World Information Technology UCITS ETF,TNOW,2023-08-14,551.6400146484375,,EUR
Amundi MSCI World Information Technology UCITS ETF,TNOW,2023-08-15,551.8099975585938,,EUR
Amundi MSCI World Information Technology UCITS ETF,TNOW,2023-08-16,551.0800170898438,,EUR
Amundi MSCI World Information Technology UCITS ETF,TNOW,2023-08-17,543.0599975585938,,EUR
Amundi MSCI World Information Technology UCITS ETF,TNOW,2023-08-18,539.010009765625,,EUR
Amundi MSCI World Information Technology UCITS ETF,TNOW,2023-08-21,546.3800048828125,,EUR
Amundi MSCI World Information Technology UCITS ETF,TNOW,2023-08-22,556.9500122070312,,EUR
Amundi MSCI World Information Technology UCITS ETF,TNOW,2023-08-23,564.4000244140625,,EUR
Amundi MSCI World Information Technology UCITS ETF,TNOW,2023-08-24,558.0499877929688,,EUR
Amundi MSCI World Information Technology UCITS ETF,TNOW,2023-08-25,555.469970703125,,EUR
Amundi MSCI World Information Technology UCITS ETF,TNOW,2023-08-28,561.030029296875,,EUR
Amundi MSCI World Information Technology UCITS ETF,TNOW,2023-08-29,570.969970703125,,EUR
Amundi MSCI World Information Technology UCITS ETF,TNOW,2023-08-30,572.1900024414062,,EUR
Amundi MSCI World Information Technology UCITS ETF,TNOW,2023-08-31,579.8599853515625,,EUR
Amundi MSCI World Information Technology UCITS ETF,TNOW,2023-09-01,583.72998046875,,EUR
Amundi MSCI World Information Technology UCITS ETF,TNOW,2023-09-04,584.3800048828125,,EUR
Amundi MSCI World Information Technology UCITS ETF,TNOW,2023-09-05,590.010009765625,,EUR
Amundi MSCI World Information Technology UCITS ETF,TNOW,2023-09-06,583.3900146484375,,EUR
Amundi MSCI World Information Technology UCITS ETF,TNOW,2023-09-07,574.530029296875,,EUR
Amundi MSCI World Information Technology UCITS ETF,TNOW,2023-09-08,578.02001953125,,EUR
Amundi MSCI World Information Technology UCITS ETF,TNOW,2023-09-11,572.9299926757812,,EUR
Amundi MSCI World Information Technology UCITS ETF,TNOW,2023-09-12,570.1699829101562,,EUR
Amundi MSCI World Information Technology UCITS ETF,TNOW,2023-09-13,569.030029296875,,EUR
Amundi MSCI World Information Technology UCITS ETF,TNOW,2023-09-14,575.4199829101562,,EUR
Amundi MSCI World Information Technology UCITS ETF,TNOW,2023-09-15,565.489990234375,,EUR
Amundi MSCI World Information Technology UCITS ETF,TNOW,2023-09-18,565.5399780273438,,EUR
Amundi MSCI World Information Technology UCITS ETF,TNOW,2023-09-19,562.4000244140625,,EUR
Amundi MSCI World Information Technology UCITS ETF,TNOW,2023-09-20,562.0,,EUR
Amundi MSCI World Information Technology UCITS ETF,TNOW,2023-09-21,552.3900146484375,,EUR
Amundi MSCI World Information Technology UCITS ETF,TNOW,2023-09-22,554.280029296875,,EUR
Amundi MSCI World Information Technology UCITS ETF,TNOW,2023-09-25,555.4600219726562,,EUR
Amundi MSCI World Information Technology UCITS ETF,TNOW,2023-09-26,547.3300170898438,,EUR
Amundi MSCI World Information Technology UCITS ETF,TNOW,2023-09-27,550.02001953125,,EUR
Amundi MSCI World Information Technology UCITS ETF,TNOW,2023-09-28,551.6900024414062,,EUR
Amundi MSCI World Information Technology UCITS ETF,TNOW,2023-09-29,556.6400146484375,,EUR
Amundi MSCI World Information Technology UCITS ETF,TNOW,2023-10-02,564.5900268554688,,EUR
Amundi MSCI World Information Technology UCITS ETF,TNOW,2023-10-03,556.1099853515625,,EUR
Amundi MSCI World Information Technology UCITS ETF,TNOW,2023-10-04,557.1900024414062,,EUR
Amundi MSCI World Information Technology UCITS ETF,TNOW,2023-10-05,554.780029296875,,EUR
Amundi MSCI World Information Technology UCITS ETF,TNOW,2023-10-06,563.4400024414062,,EUR
Amundi MSCI World Information Technology UCITS ETF,TNOW,2023-10-09,566.3800048828125,,EUR
Amundi MSCI World Information Technology UCITS ETF,TNOW,2023-10-10,574.5499877929688,,EUR
Amundi MSCI World Information Technology UCITS ETF,TNOW,2023-10-11,572.3900146484375,,EUR
Amundi MSCI World Information Technology UCITS ETF,TNOW,2023-10-12,583.27001953125,,EUR
Amundi MSCI World Information Technology UCITS ETF,TNOW,2023-10-13,575.010009765625,,EUR
Amundi MSCI World Information Technology UCITS ETF,TNOW,2023-10-16,576.8699951171875,,EUR
Amundi MSCI World Information Technology UCITS ETF,TNOW,2023-10-17,571.2899780273438,,EUR
Amundi MSCI World Information Technology UCITS ETF,TNOW,2023-10-18,568.8200073242188,,EUR
Amundi MSCI World Information Technology UCITS ETF,TNOW,2023-10-19,564.6699829101562,,EUR
Amundi MSCI World Information Technology UCITS ETF,TNOW,2023-10-20,549.9000244140625,,EUR
Amundi MSCI World Information Technology UCITS ETF,TNOW,2023-10-23,548.8800048828125,,EUR
Amundi MSCI World Information Technology UCITS ETF,TNOW,2023-10-24,552.8599853515625,,EUR
Amundi MSCI World Information Technology UCITS ETF,TNOW,2023-10-25,552.989990234375,,EUR
Amundi MSCI World Information Technology UCITS ETF,TNOW,2023-10-26,542.8400268554688,,EUR
Amundi MSCI World Information Technology UCITS ETF,TNOW,2023-10-27,542.7999877929688,,EUR
Amundi MSCI World Information Technology UCITS ETF,TNOW,2023-10-30,542.469970703125,,EUR
Amundi MSCI World Information Technology UCITS ETF,TNOW,2023-10-31,547.6099853515625,,EUR
Amundi MSCI World Information Technology UCITS ETF,TNOW,2023-11-01,557.5399780273438,,EUR
Amundi MSCI World Information Technology UCITS ETF,TNOW,2023-11-02,567.1599731445312,,EUR
Amundi MSCI World Information Technology UCITS ETF,TNOW,2023-11-03,569.2899780273438,,EUR
Amundi MSCI World Information Technology UCITS ETF,TNOW,2023-11-06,571.72998046875,,EUR
Amundi MSCI World Information Technology UCITS ETF,TNOW,2023-11-07,583.3099975585938,,EUR
Amundi MSCI World Information Technology UCITS ETF,TNOW,2023-11-08,582.6900024414062,,EUR
Amundi MSCI World Information Technology UCITS ETF,TNOW,2023-11-09,588.530029296875,,EUR
Amundi MSCI World Information Technology UCITS ETF,TNOW,2023-11-10,592.3599853515625,,EUR
Amundi MSCI World Information Technology UCITS ETF,TNOW,2023-11-13,594.75,,EUR
Amundi MSCI World Information Technology UCITS ETF,TNOW,2023-11-14,596.5900268554688,,EUR
Amundi MSCI World Information Technology UCITS ETF,TNOW,2023-11-15,601.3499755859375,,EUR
Amundi MSCI World Information Technology UCITS ETF,TNOW,2023-11-16,598.4500122070312,,EUR
Amundi MSCI World Information Technology UCITS ETF,TNOW,2023-11-17,599.02001953125,,EUR
Amundi MSCI World Information Technology UCITS ETF,TNOW,2023-11-20,602.4000244140625,,EUR
Amundi MSCI World Information Technology UCITS ETF,TNOW,2023-11-21,600.0900268554688,,EUR
Amundi MSCI World Information Technology UCITS ETF,TNOW,2023-11-22,607.2000122070312,,EUR
Amundi MSCI World Information Technology UCITS ETF,TNOW,2023-11-23,605.5700073242188,,EUR
Amundi MSCI World Information Technology UCITS ETF,TNOW,2023-11-24,600.0999755859375,,EUR
Amundi MSCI World Information Technology UCITS ETF,TNOW,2023-11-27,601.780029296875,,EUR
Amundi MSCI World Information Technology UCITS ETF,TNOW,2023-11-28,600.8499755859375,,EUR
Amundi MSCI World Information Technology UCITS ETF,TNOW,2023-11-29,603.4299926757812,,EUR
Amundi MSCI World Information Technology UCITS ETF,TNOW,2023-11-30,602.3699951171875,,EUR
Amundi MSCI World Information Technology UCITS ETF,TNOW,2023-12-01,607.219970703125,,EUR
Amundi MSCI World Information Technology UCITS ETF,TNOW,2023-12-04,600.6400146484375,,EUR
Amundi MSCI World Information Technology UCITS ETF,TNOW,2023-12-05,608.6500244140625,,EUR
Amundi MSCI World Information Technology UCITS ETF,TNOW,2023-12-06,608.9500122070312,,EUR
Amundi MSCI World Information Technology UCITS ETF,TNOW,2023-12-07,610.2899780273438,,EUR
Amundi MSCI World Information Technology UCITS ETF,TNOW,2023-12-08,617.0800170898438,,EUR
Amundi MSCI World Information Technology UCITS ETF,TNOW,2023-12-11,618.4099731445312,,EUR
Amundi MSCI World Information Technology UCITS ETF,TNOW,2023-12-12,622.9600219726562,,EUR
Amundi MSCI World Information Technology UCITS ETF,TNOW,2023-12-13,627.1400146484375,,EUR
Amundi MSCI World Information Technology UCITS ETF,TNOW,2023-12-14,619.7999877929688,,EUR
Amundi MSCI World Information Technology UCITS ETF,TNOW,2023-12-15,630.8099975585938,,EUR
Amundi MSCI World Information Technology UCITS ETF,TNOW,2023-12-18,626.3300170898438,,EUR
Amundi MSCI World Information Technology UCITS ETF,TNOW,2023-12-19,626.75,,EUR
Amundi MSCI World Information Technology UCITS ETF,TNOW,2023-12-20,627.989990234375,,EUR
Amundi MSCI World Information Technology UCITS ETF,TNOW,2023-12-21,622.2899780273438,,EUR
Amundi MSCI World Information Technology UCITS ETF,TNOW,2023-12-22,623.9199829101562,,EUR
Amundi MSCI World Information Technology UCITS ETF,TNOW,2023-12-27,620.2000122070312,,EUR
Amundi MSCI World Information Technology UCITS ETF,TNOW,2023-12-28,623.9099731445312,,EUR
Amundi MSCI World Information Technology UCITS ETF,TNOW,2023-12-29,619.8800048828125,,EUR
Amundi MSCI World Information Technology UCITS ETF,TNOW,2024-01-02,614.1199951171875,,EUR
Amundi MSCI World Information Technology UCITS ETF,TNOW,2024-01-03,608.3900146484375,,EUR
Amundi MSCI World Information Technology UCITS ETF,TNOW,2024-01-04,604.3200073242188,,EUR
Amundi MSCI World Information Technology UCITS ETF,TNOW,2024-01-05,604.3300170898438,,EUR
Amundi MSCI World Information Technology UCITS ETF,TNOW,2024-01-08,611.6599731445312,,EUR
Amundi MSCI World Information Technology UCITS ETF,TNOW,2024-01-09,618.9199829101562,,EUR
Amundi MSCI World Information Technology UCITS ETF,TNOW,2024-01-10,622.4500122070312,,EUR
Amundi MSCI World Information Technology UCITS ETF,TNOW,2024-01-11,621.8599853515625,,EUR
Amundi MSCI World Information Technology UCITS ETF,TNOW,2024-01-12,629.469970703125,,EUR
Amundi MSCI World Information Technology UCITS ETF,TNOW,2024-01-15,631.280029296875,,EUR
Amundi MSCI World Information Technology UCITS ETF,TNOW,2024-01-16,637.9099731445312,,EUR
Amundi MSCI World Information Technology UCITS ETF,TNOW,2024-01-17,633.2000122070312,,EUR
Amundi MSCI World Information Technology UCITS ETF,TNOW,2024-01-18,646.469970703125,,EUR
Amundi MSCI World Information Technology UCITS ETF,TNOW,2024-01-19,651.9099731445312,,EUR
Amundi MSCI World Information Technology UCITS ETF,TNOW,2024-01-22,665.1099853515625,,EUR
Amundi MSCI World Information Technology UCITS ETF,TNOW,2024-01-23,665.6099853515625,,EUR
Amundi MSCI World Information Technology UCITS ETF,TNOW,2024-01-24,674.8699951171875,,EUR
Amundi MSCI World Information Technology UCITS ETF,TNOW,2024-01-25,683.6099853515625,,EUR
Amundi MSCI World Information Technology UCITS ETF,TNOW,2024-01-26,673.8499755859375,,EUR
Amundi MSCI World Information Technology UCITS ETF,TNOW,2024-01-29,674.260009765625,,EUR
Amundi MSCI World Information Technology UCITS ETF,TNOW,2024-01-30,676.2100219726562,,EUR
Amundi MSCI World Information Technology UCITS ETF,TNOW,2024-01-31,663.1799926757812,,EUR
Amundi MSCI World Information Technology UCITS ETF,TNOW,2024-02-01,663.3599853515625,,EUR
Amundi MSCI World Information Technology UCITS ETF,TNOW,2024-02-02,677.6799926757812,,EUR
Amundi MSCI World Information Technology UCITS ETF,TNOW,2024-02-05,683.7100219726562,,EUR
Amundi MSCI World Information Technology UCITS ETF,TNOW,2024-02-06,682.239990234375,,EUR
Amundi MSCI World Information Technology UCITS ETF,TNOW,2024-02-07,687.9099731445312,,EUR
Amundi MSCI World Information Technology UCITS ETF,TNOW,2024-02-08,695.0900268554688,,EUR
Amundi MSCI World Information Technology UCITS ETF,TNOW,2024-02-09,701.7000122070312,,EUR
Amundi MSCI World Information Technology UCITS ETF,TNOW,2024-02-12,706.780029296875,,EUR
Amundi MSCI World Information Technology UCITS ETF,TNOW,2024-02-13,693.7899780273438,,EUR
Amundi MSCI World Information Technology UCITS ETF,TNOW,2024-02-14,694.1300048828125,,EUR
Amundi MSCI World Information Technology UCITS ETF,TNOW,2024-02-15,693.5,,EUR
Amundi MSCI World Information Technology UCITS ETF,TNOW,2024-02-16,694.3400268554688,,EUR
Amundi MSCI World Information Technology UCITS ETF,TNOW,2024-02-19,690.4099731445312,,EUR
Amundi MSCI World Information Technology UCITS ETF,TNOW,2024-02-20,673.010009765625,,EUR
Amundi MSCI World Information Technology UCITS ETF,TNOW,2024-02-21,669.6699829101562,,EUR
Amundi MSCI World Information Technology UCITS ETF,TNOW,2024-02-22,697.3099975585938,,EUR
Amundi MSCI World Information Technology UCITS ETF,TNOW,2024-02-23,698.469970703125,,EUR
Amundi MSCI World Information Technology UCITS ETF,TNOW,2024-02-26,698.8800048828125,,EUR
Amundi MSCI World Information Technology UCITS ETF,TNOW,2024-02-27,695.9099731445312,,EUR
Amundi MSCI World Information Technology UCITS ETF,TNOW,2024-02-28,695.760009765625,,EUR
Amundi MSCI World Information Technology UCITS ETF,TNOW,2024-02-29,698.0900268554688,,EUR
Amundi MSCI World Information Technology UCITS ETF,TNOW,2024-03-01,709.0,,EUR
Amundi MSCI World Information Technology UCITS ETF,TNOW,2024-03-04,714.5999755859375,,EUR
Amundi MSCI World Information Technology UCITS ETF,TNOW,2024-03-05,699.25,,EUR
Amundi MSCI World Information Technology UCITS ETF,TNOW,2024-03-06,704.8099975585938,,EUR
Amundi MSCI World Information Technology UCITS ETF,TNOW,2024-03-07,712.3499755859375,,EUR
Amundi MSCI World Information Technology UCITS ETF,TNOW,2024-03-08,708.1699829101562,,EUR
Amundi MSCI World Information Technology UCITS ETF,TNOW,2024-03-11,699.510009765625,,EUR
Amundi MSCI World Information Technology UCITS ETF,TNOW,2024-03-12,710.3400268554688,,EUR
Amundi MSCI World Information Technology UCITS ETF,TNOW,2024-03-13,703.9600219726562,,EUR
Amundi MSCI World Information Technology UCITS ETF,TNOW,2024-03-14,707.5,,EUR
Amundi MSCI World Information Technology UCITS ETF,TNOW,2024-03-15,697.72998046875,,EUR
Amundi MSCI World Information Technology UCITS ETF,TNOW,2024-03-18,704.6400146484375,,EUR
Amundi MSCI World Information Technology UCITS ETF,TNOW,2024-03-19,704.47998046875,,EUR
Amundi MSCI World Information Technology UCITS ETF,TNOW,2024-03-20,707.25,,EUR
Amundi MSCI World Information Technology UCITS ETF,TNOW,2024-03-21,723.47998046875,,EUR
Amundi MSCI World Information Technology UCITS ETF,TNOW,2024-03-22,721.77001953125,,EUR
Amundi MSCI World Information Technology UCITS ETF,TNOW,2024-03-25,719.030029296875,,EUR
Amundi MSCI World Information Technology UCITS ETF,TNOW,2024-03-26,719.530029296875,,EUR
Amundi MSCI World Information Technology UCITS ETF,TNOW,2024-03-27,712.3400268554688,,EUR
Amundi MSCI World Information Technology UCITS ETF,TNOW,2024-03-28,715.27001953125,,EUR
Amundi MSCI World Information Technology UCITS ETF,TNOW,2024-04-02,710.0,,EUR
Amundi MSCI World Information Technology UCITS ETF,TNOW,2024-04-03,713.3400268554688,,EUR
Amundi MSCI World Information Technology UCITS ETF,TNOW,2024-04-04,712.3200073242188,,EUR
Amundi MSCI World Information Technology UCITS ETF,TNOW,2024-04-05,704.7100219726562,,EUR
Amundi MSCI World Information Technology UCITS ETF,TNOW,2024-04-08,704.1300048828125,,EUR
Amundi MSCI World Information Technology UCITS ETF,TNOW,2024-04-09,697.030029296875,,EUR
Amundi MSCI World Information Technology UCITS ETF,TNOW,2024-04-10,704.4500122070312,,EUR
Amundi MSCI World Information Technology UCITS ETF,TNOW,2024-04-11,711.3900146484375,,EUR
Amundi MSCI World Information Technology UCITS ETF,TNOW,2024-04-12,718.7999877929688,,EUR
Amundi MSCI World Information Technology UCITS ETF,TNOW,2024-04-15,716.1099853515625,,EUR
Amundi MSCI World Information Technology UCITS ETF,TNOW,2024-04-16,703.5,,EUR
Amundi MSCI World Information Technology UCITS ETF,TNOW,2024-04-17,695.239990234375,,EUR
Amundi MSCI World Information Technology UCITS ETF,TNOW,2024-04-18,690.4500122070312,,EUR
Amundi MSCI World Information Technology UCITS ETF,TNOW,2024-04-19,671.75,,EUR
Amundi MSCI World Information Technology UCITS ETF,TNOW,2024-04-22,665.260009765625,,EUR
Amundi MSCI World Information Technology UCITS ETF,TNOW,2024-04-23,678.8800048828125,,EUR
Amundi MSCI World Information Technology UCITS ETF,TNOW,2024-04-24,682.9400024414062,,EUR
Amundi MSCI World Information Technology UCITS ETF,TNOW,2024-04-25,671.8699951171875,,EUR
Amundi MSCI World Information Technology UCITS ETF,TNOW,2024-04-26,694.489990234375,,EUR
Amundi MSCI World Information Technology UCITS ETF,TNOW,2024-04-29,691.72998046875,,EUR
Amundi MSCI World Information Technology UCITS ETF,TNOW,2024-04-30,690.780029296875,,EUR
Amundi MSCI World Information Technology UCITS ETF,TNOW,2024-05-02,678.8300170898438,,EUR
Amundi MSCI World Information Technology UCITS ETF,TNOW,2024-05-03,696.8900146484375,,EUR
Amundi MSCI World Information Technology UCITS ETF,TNOW,2024-05-06,704.1199951171875,,EUR
Amundi MSCI World Information Technology UCITS ETF,TNOW,2024-05-07,706.3099975585938,,EUR
Amundi MSCI World Information Technology UCITS ETF,TNOW,2024-05-08,704.7899780273438,,EUR
Amundi MSCI World Information Technology UCITS ETF,TNOW,2024-05-09,703.8499755859375,,EUR
Amundi MSCI World Information Technology UCITS ETF,TNOW,2024-05-10,705.75,,EUR
Amundi MSCI World Information Technology UCITS ETF,TNOW,2024-05-13,707.9099731445312,,EUR
Amundi MSCI World Information Technology UCITS ETF,TNOW,2024-05-14,707.9000244140625,,EUR
Amundi MSCI World Information Technology UCITS ETF,TNOW,2024-05-15,720.4400024414062,,EUR
Amundi MSCI World Information Technology UCITS ETF,TNOW,2024-05-16,727.2000122070312,,EUR
Amundi MSCI World Information Technology UCITS ETF,TNOW,2024-05-17,720.9400024414062,,EUR
Amundi MSCI World Information Technology UCITS ETF,TNOW,2024-05-20,728.4299926757812,,EUR
Amundi MSCI World Information Technology UCITS ETF,TNOW,2024-05-21,730.5700073242188,,EUR
Amundi MSCI World Information Technology UCITS ETF,TNOW,2024-05-22,734.0900268554688,,EUR
Amundi MSCI World Information Technology UCITS ETF,TNOW,2024-05-23,744.7100219726562,,EUR
Amundi MSCI World Information Technology UCITS ETF,TNOW,2024-05-24,741.3400268554688,,EUR
Amundi MSCI World Information Technology UCITS ETF,TNOW,2024-05-27,746.5,,EUR
Amundi MSCI World Information Technology UCITS ETF,TNOW,2024-05-28,749.030029296875,,EUR
Amundi MSCI World Information Technology UCITS ETF,TNOW,2024-05-29,750.1599731445312,,EUR
Amundi MSCI World Information Technology UCITS ETF,TNOW,2024-05-30,737.6699829101562,,EUR
Amundi MSCI World Information Technology UCITS ETF,TNOW,2024-05-31,718.969970703125,,EUR
Amundi MSCI World Information Technology UCITS ETF,TNOW,2024-06-03,730.6400146484375,,EUR
Amundi MSCI World Information Technology UCITS ETF,TNOW,2024-06-04,730.6099853515625,,EUR
Amundi MSCI World Information Technology UCITS ETF,TNOW,2024-06-05,751.010009765625,,EUR
Amundi MSCI World Information Technology UCITS ETF,TNOW,2024-06-06,753.0399780273438,,EUR
Amundi MSCI World Information Technology UCITS ETF,TNOW,2024-06-07,757.8699951171875,,EUR
Amundi MSCI World Information Technology UCITS ETF,TNOW,2024-06-10,769.1400146484375,,EUR
Amundi MSCI World Information Technology UCITS ETF,TNOW,2024-06-11,773.6900024414062,,EUR
Amundi MSCI World Information Technology UCITS ETF,TNOW,2024-06-12,791.0499877929688,,EUR
Amundi MSCI World Information Technology UCITS ETF,TNOW,2024-06-13,801.3099975585938,,EUR
Amundi MSCI World Information Technology UCITS ETF,TNOW,2024-06-14,808.1500244140625,,EUR
Amundi MSCI World Information Technology UCITS ETF,TNOW,2024-06-17,811.530029296875,,EUR
Amundi MSCI World Information Technology UCITS ETF,TNOW,2024-06-18,817.3300170898438,,EUR
Amundi MSCI World Information Technology UCITS ETF,TNOW,2024-06-19,824.2899780273438,,EUR
Amundi MSCI World Information Technology UCITS ETF,TNOW,2024-06-20,822.260009765625,,EUR
Amundi MSCI World Information Technology UCITS ETF,TNOW,2024-06-21,808.6799926757812,,EUR
Amundi MSCI World Information Technology UCITS ETF,TNOW,2024-06-24,796.7100219726562,,EUR
Amundi MSCI World Information Technology UCITS ETF,TNOW,2024-06-25,799.780029296875,,EUR
Amundi MSCI World Information Technology UCITS ETF,TNOW,2024-06-26,802.969970703125,,EUR
Amundi MSCI World Information Technology UCITS ETF,TNOW,2024-06-27,803.760009765625,,EUR
Amundi MSCI World Information Technology UCITS ETF,TNOW,2024-06-28,811.4400024414062,,EUR
Amundi MSCI World Information Technology UCITS ETF,TNOW,2024-07-01,805.4099731445312,,EUR
Amundi MSCI World Information Technology UCITS ETF,TNOW,2024-07-02,810.0800170898438,,EUR
Amundi MSCI World Information Technology UCITS ETF,TNOW,2024-07-03,817.239990234375,,EUR
Amundi MSCI World Information Technology UCITS ETF,TNOW,2024-07-04,818.8499755859375,,EUR
Amundi MSCI World Information Technology UCITS ETF,TNOW,2024-07-05,823.2999877929688,,EUR
Amundi MSCI World Information Technology UCITS ETF,TNOW,2024-07-08,827.5599975585938,,EUR
Amundi MSCI World Information Technology UCITS ETF,TNOW,2024-07-09,830.8300170898438,,EUR
Amundi MSCI World Information Technology UCITS ETF,TNOW,2024-07-10,835.5800170898438,,EUR
Amundi MSCI World Information Technology UCITS ETF,TNOW,2024-07-11,818.9299926757812,,EUR
Amundi MSCI World Information Technology UCITS ETF,TNOW,2024-07-12,826.8400268554688,,EUR
Amundi MSCI World Information Technology UCITS ETF,TNOW,2024-07-15,828.1900024414062,,EUR
Amundi MSCI World Information Technology UCITS ETF,TNOW,2024-07-16,824.1500244140625,,EUR
Amundi MSCI World Information Technology UCITS ETF,TNOW,2024-07-17,795.3200073242188,,EUR
Amundi MSCI World Information Technology UCITS ETF,TNOW,2024-07-18,780.7999877929688,,EUR
Amundi MSCI World Information Technology UCITS ETF,TNOW,2024-07-19,782.75,,EUR
Amundi MSCI World Information Technology UCITS ETF,TNOW,2024-07-22,786.2100219726562,,EUR
Amundi MSCI World Information Technology UCITS ETF,TNOW,2024-07-23,802.6900024414062,,EUR
Amundi MSCI World Information Technology UCITS ETF,TNOW,2024-07-24,774.989990234375,,EUR
Amundi MSCI World Information Technology UCITS ETF,TNOW,2024-07-25,763.8300170898438,,EUR
Amundi MSCI World Information Technology UCITS ETF,TNOW,2024-07-26,762.0900268554688,,EUR
Amundi MSCI World Information Technology UCITS ETF,TNOW,2024-07-29,761.739990234375,,EUR
Amundi MSCI World Information Technology UCITS ETF,TNOW,2024-07-30,752.0499877929688,,EUR
Amundi MSCI World Information Technology UCITS ETF,TNOW,2024-07-31,776.1099853515625,,EUR
Amundi MSCI World Information Technology UCITS ETF,TNOW,2024-08-01,766.260009765625,,EUR
Amundi MSCI World Information Technology UCITS ETF,TNOW,2024-08-02,726.25,,EUR
Amundi MSCI World Information Technology UCITS ETF,TNOW,2024-08-05,699.719970703125,,EUR
Amundi MSCI World Information Technology UCITS ETF,TNOW,2024-08-06,709.719970703125,,EUR
Amundi MSCI World Information Technology UCITS ETF,TNOW,2024-08-07,722.6500244140625,,EUR
Amundi MSCI World Information Technology UCITS ETF,TNOW,2024-08-08,719.8900146484375,,EUR
Amundi MSCI World Information Technology UCITS ETF,TNOW,2024-08-09,724.8499755859375,,EUR
Amundi MSCI World Information Technology UCITS ETF,TNOW,2024-08-12,732.0800170898438,,EUR
Amundi MSCI World Information Technology UCITS ETF,TNOW,2024-08-13,749.4199829101562,,EUR
Amundi MSCI World Information Technology UCITS ETF,TNOW,2024-08-14,754.1199951171875,,EUR
Amundi MSCI World Information Technology UCITS ETF,TNOW,2024-08-15,771.2100219726562,,EUR
Amundi MSCI World Information Technology UCITS ETF,TNOW,2024-08-16,773.3699951171875,,EUR
Amundi MSCI World Information Technology UCITS ETF,TNOW,2024-08-19,774.2100219726562,,EUR
Amundi MSCI World Information Technology UCITS ETF,TNOW,2024-08-20,778.0,,EUR
Amundi MSCI World Information Technology UCITS ETF,TNOW,2024-08-21,777.719970703125,,EUR
Amundi MSCI World Information Technology UCITS ETF,TNOW,2024-08-22,776.3400268554688,,EUR
Amundi MSCI World Information Technology UCITS ETF,TNOW,2024-08-23,771.5599975585938,,EUR
Amundi MSCI World Information Technology UCITS ETF,TNOW,2024-08-26,766.9299926757812,,EUR
Amundi MSCI World Information Technology UCITS ETF,TNOW,2024-08-27,768.4199829101562,,EUR
Amundi MSCI World Information Technology UCITS ETF,TNOW,2024-08-28,760.8800048828125,,EUR
Amundi MSCI World Information Technology UCITS ETF,TNOW,2024-08-29,774.9199829101562,,EUR
Amundi MSCI World Information Technology UCITS ETF,TNOW,2024-08-30,765.9500122070312,,EUR
Amundi MSCI World Information Technology UCITS ETF,TNOW,2024-09-02,773.2100219726562,,EUR
Amundi MSCI World Information Technology UCITS ETF,TNOW,2024-09-03,750.9400024414062,,EUR
Amundi MSCI World Information Technology UCITS ETF,TNOW,2024-09-04,732.530029296875,,EUR
Amundi MSCI World Information Technology UCITS ETF,TNOW,2024-09-05,730.02001953125,,EUR
Amundi MSCI World Information Technology UCITS ETF,TNOW,2024-09-06,713.9400024414062,,EUR
Amundi MSCI World Information Technology UCITS ETF,TNOW,2024-09-09,722.1799926757812,,EUR
Amundi MSCI World Information Technology UCITS ETF,TNOW,2024-09-10,732.4600219726562,,EUR
Amundi MSCI World Information Technology UCITS ETF,TNOW,2024-09-11,734.9299926757812,,EUR
Amundi MSCI World Information Technology UCITS ETF,TNOW,2024-09-12,760.1900024414062,,EUR
Amundi MSCI World Information Technology UCITS ETF,TNOW,2024-09-13,765.3599853515625,,EUR
Amundi MSCI World Information Technology UCITS ETF,TNOW,2024-09-16,755.3900146484375,,EUR
Amundi MSCI World Information Technology UCITS ETF,TNOW,2024-09-17,758.989990234375,,EUR
Amundi MSCI World Information Technology UCITS ETF,TNOW,2024-09-18,753.9099731445312,,EUR
Amundi MSCI World Information Technology UCITS ETF,TNOW,2024-09-19,775.4299926757812,,EUR
Amundi MSCI World Information Technology UCITS ETF,TNOW,2024-09-20,768.969970703125,,EUR
Amundi MSCI World Information Technology UCITS ETF,TNOW,2024-09-23,770.5599975585938,,EUR
Amundi MSCI World Information Technology UCITS ETF,TNOW,2024-09-24,770.5499877929688,,EUR
Amundi MSCI World Information Technology UCITS ETF,TNOW,2024-09-25,777.469970703125,,EUR
Amundi MSCI World Information Technology UCITS ETF,TNOW,2024-09-26,779.9199829101562,,EUR
Amundi MSCI World Information Technology UCITS ETF,TNOW,2024-09-27,777.739990234375,,EUR
Amundi MSCI World Information Technology UCITS ETF,TNOW,2024-09-30,778.4199829101562,,EUR
Amundi MSCI World Information Technology UCITS ETF,TNOW,2024-10-01,769.3499755859375,,EUR
Amundi MSCI World Information Technology UCITS ETF,TNOW,2024-10-02,776.780029296875,,EUR
Amundi MSCI World Information Technology UCITS ETF,TNOW,2024-10-03,780.6599731445312,,EUR
Amundi MSCI World Information Technology UCITS ETF,TNOW,2024-10-04,786.0900268554688,,EUR
Amundi MSCI World Information Technology UCITS ETF,TNOW,2024-10-07,792.6900024414062,,EUR
Amundi MSCI World Information Technology UCITS ETF,TNOW,2024-10-08,798.7100219726562,,EUR
Amundi MSCI World Information Technology UCITS ETF,TNOW,2024-10-09,809.4299926757812,,EUR
Amundi MSCI World Information Technology UCITS ETF,TNOW,2024-10-10,812.0599975585938,,EUR
Amundi MSCI World Information Technology UCITS ETF,TNOW,2024-10-11,811.97998046875,,EUR
Amundi MSCI World Information Technology UCITS ETF,TNOW,2024-10-14,823.3400268554688,,EUR
Amundi MSCI World Information Technology UCITS ETF,TNOW,2024-10-15,813.989990234375,,EUR
Amundi MSCI World Information Technology UCITS ETF,TNOW,2024-10-16,810.489990234375,,EUR
Amundi MSCI World Information Technology UCITS ETF,TNOW,2024-10-17,824.0,,EUR
Amundi MSCI World Information Technology UCITS ETF,TNOW,2024-10-18,821.739990234375,,EUR
Amundi MSCI World Information Technology UCITS ETF,TNOW,2024-10-21,823.2000122070312,,EUR
Amundi MSCI World Information Technology UCITS ETF,TNOW,2024-10-22,829.3900146484375,,EUR
Amundi MSCI World Information Technology UCITS ETF,TNOW,2024-10-23,825.75,,EUR
Amundi MSCI World Information Technology UCITS ETF,TNOW,2024-10-24,820.9000244140625,,EUR
Amundi MSCI World Information Technology UCITS ETF,TNOW,2024-10-25,831.260009765625,,EUR
Amundi MSCI World Information Technology UCITS ETF,TNOW,2024-10-28,826.4000244140625,,EUR
Amundi MSCI World Information Technology UCITS ETF,TNOW,2024-10-29,832.3099975585938,,EUR
Amundi MSCI World Information Technology UCITS ETF,TNOW,2024-10-30,824.3599853515625,,EUR
Amundi MSCI World Information Technology UCITS ETF,TNOW,2024-10-31,795.219970703125,,EUR
Amundi MSCI World Information Technology UCITS ETF,TNOW,2024-11-01,802.530029296875,,EUR
Amundi MSCI World Information Technology UCITS ETF,TNOW,2024-11-04,797.0499877929688,,EUR
Amundi MSCI World Information Technology UCITS ETF,TNOW,2024-11-05,802.8599853515625,,EUR
Amundi MSCI World Information Technology UCITS ETF,TNOW,2024-11-06,832.2000122070312,,EUR
Amundi MSCI World Information Technology UCITS ETF,TNOW,2024-11-07,844.3900146484375,,EUR
Amundi MSCI World Information Technology UCITS ETF,TNOW,2024-11-08,849.530029296875,,EUR
Amundi MSCI World Information Technology UCITS ETF,TNOW,2024-11-11,849.0399780273438,,EUR
Amundi MSCI World Information Technology UCITS ETF,TNOW,2024-11-12,858.510009765625,,EUR
Amundi MSCI World Information Technology UCITS ETF,TNOW,2024-11-13,859.8300170898438,,EUR
Amundi MSCI World Information Technology UCITS ETF,TNOW,2024-11-14,861.5399780273438,,EUR
Amundi MSCI World Information Technology UCITS ETF,TNOW,2024-11-15,842.6099853515625,,EUR
Amundi MSCI World Information Technology UCITS ETF,TNOW,2024-11-18,842.77001953125,,EUR
Amundi MSCI World Information Technology UCITS ETF,TNOW,2024-11-19,843.4299926757812,,EUR
Amundi MSCI World Information Technology UCITS ETF,TNOW,2024-11-20,845.1300048828125,,EUR
Amundi MSCI World Information Technology UCITS ETF,TNOW,2024-11-21,860.9600219726562,,EUR
Amundi MSCI World Information Technology UCITS ETF,TNOW,2024-11-22,863.1699829101562,,EUR
Amundi MSCI World Information Technology UCITS ETF,TNOW,2024-11-25,860.030029296875,,EUR
Amundi MSCI World Information Technology UCITS ETF,TNOW,2024-11-26,863.2899780273438,,EUR
Amundi MSCI World Information Technology UCITS ETF,TNOW,2024-11-27,843.02001953125,,EUR
Amundi MSCI World Information Technology UCITS ETF,TNOW,2024-11-28,853.0399780273438,,EUR
Amundi MSCI World Information Technology UCITS ETF,TNOW,2024-11-29,858.5499877929688,,EUR
Amundi MSCI World Information Technology UCITS ETF,TNOW,2024-12-02,872.1300048828125,,EUR
Amundi MSCI World Information Technology UCITS ETF,TNOW,2024-12-03,871.75,,EUR
Amundi MSCI World Information Technology UCITS ETF,TNOW,2024-12-04,886.260009765625,,EUR
Amundi MSCI World Information Technology UCITS ETF,TNOW,2024-12-05,886.8599853515625,,EUR
Amundi MSCI World Information Technology UCITS ETF,TNOW,2024-12-06,887.3900146484375,,EUR
Amundi MSCI World Information Technology UCITS ETF,TNOW,2024-12-09,882.2100219726562,,EUR
Amundi MSCI World Information Technology UCITS ETF,TNOW,2024-12-10,880.3599853515625,,EUR
Amundi MSCI World Information Technology UCITS ETF,TNOW,2024-12-11,890.7000122070312,,EUR
Amundi MSCI World Information Technology UCITS ETF,TNOW,2024-12-12,886.5599975585938,,EUR
Amundi MSCI World Information Technology UCITS ETF,TNOW,2024-12-13,885.6500244140625,,EUR
Amundi MSCI World Information Technology UCITS ETF,TNOW,2024-12-16,890.4500122070312,,EUR
Amundi MSCI World Information Technology UCITS ETF,TNOW,2024-12-17,893.2899780273438,,EUR
Amundi MSCI World Information Technology UCITS ETF,TNOW,2024-12-18,898.9600219726562,,EUR
Amundi MSCI World Information Technology UCITS ETF,TNOW,2024-12-19,886.1900024414062,,EUR
Amundi MSCI World Information Technology UCITS ETF,TNOW,2024-12-20,887.7000122070312,,EUR
Amundi MSCI World Information Technology UCITS ETF,TNOW,2024-12-23,892.030029296875,,EUR
Amundi MSCI World Information Technology UCITS ETF,TNOW,2024-12-24,899.7999877929688,,EUR
Amundi MSCI World Information Technology UCITS ETF,TNOW,2024-12-27,890.1699829101562,,EUR
Amundi MSCI World Information Technology UCITS ETF,TNOW,2024-12-30,886.239990234375,,EUR
Amundi MSCI World Information Technology UCITS ETF,TNOW,2024-12-31,888.1300048828125,,EUR
Amundi MSCI World Information Technology UCITS ETF,TNOW,2025-01-02,891.9299926757812,,EUR
Amundi MSCI World Information Technology UCITS ETF,TNOW,2025-01-03,895.3900146484375,,EUR
Amundi MSCI World Information Technology UCITS ETF,TNOW,2025-01-06,909.8400268554688,,EUR
Amundi MSCI World Information Technology UCITS ETF,TNOW,2025-01-07,893.739990234375,,EUR
Amundi MSCI World Information Technology UCITS ETF,TNOW,2025-01-08,891.9199829101562,,EUR
Amundi MSCI World Information Technology UCITS ETF,TNOW,2025-01-09,890.239990234375,,EUR
Amundi MSCI World Information Technology UCITS ETF,TNOW,2025-01-10,874.3900146484375,,EUR
Amundi MSCI World Information Technology UCITS ETF,TNOW,2025-01-13,866.010009765625,,EUR
Amundi MSCI World Information Technology UCITS ETF,TNOW,2025-01-14,865.1500244140625,,EUR
Amundi MSCI World Information Technology UCITS ETF,TNOW,2025-01-15,881.469970703125,,EUR
Amundi MSCI World Information Technology UCITS ETF,TNOW,2025-01-16,881.6500244140625,,EUR
Amundi MSCI World Information Technology UCITS ETF,TNOW,2025-01-17,889.3599853515625,,EUR
Amundi MSCI World Information Technology UCITS ETF,TNOW,2025-01-20,885.25,,EUR
Amundi MSCI World Information Technology UCITS ETF,TNOW,2025-01-21,877.489990234375,,EUR
Amundi MSCI World Information Technology UCITS ETF,TNOW,2025-01-22,901.4400024414062,,EUR
Amundi MSCI World Information Technology UCITS ETF,TNOW,2025-01-23,900.5,,EUR
Amundi MSCI World Information Technology UCITS ETF,TNOW,2025-01-24,893.4500122070312,,EUR
Amundi MSCI World Information Technology UCITS ETF,TNOW,2025-01-27,839.6400146484375,,EUR
Amundi MSCI World Information Technology UCITS ETF,TNOW,2025-01-28,863.77001953125,,EUR
Amundi MSCI World Information Technology UCITS ETF,TNOW,2025-01-29,865.6400146484375,,EUR
Amundi MSCI World Information Technology UCITS ETF,TNOW,2025-01-30,858.7999877929688,,EUR
Amundi MSCI World Information Technology UCITS ETF,TNOW,2025-01-31,878.0,,EUR
Amundi MSCI World Information Technology UCITS ETF,TNOW,2025-02-03,855.280029296875,,EUR
Amundi MSCI World Information Technology UCITS ETF,TNOW,2025-02-04,862.1199951171875,,EUR
Amundi MSCI World Information Technology UCITS ETF,TNOW,2025-02-05,864.4199829101562,,EUR
Amundi MSCI World Information Technology UCITS ETF,TNOW,2025-02-06,877.1500244140625,,EUR
Amundi MSCI World Information Technology UCITS ETF,TNOW,2025-02-07,875.1900024414062,,EUR
Amundi MSCI World Information Technology UCITS ETF,TNOW,2025-02-10,889.969970703125,,EUR
Amundi MSCI World Information Technology UCITS ETF,TNOW,2025-02-11,890.1400146484375,,EUR
Amundi MSCI World Information Technology UCITS ETF,TNOW,2025-02-12,880.6300048828125,,EUR
Amundi MSCI World Information Technology UCITS ETF,TNOW,2025-02-13,890.5399780273438,,EUR
Amundi MSCI World Information Technology UCITS ETF,TNOW,2025-02-14,888.5900268554688,,EUR
Amundi MSCI World Information Technology UCITS ETF,TNOW,2025-02-17,897.5999755859375,,EUR
Amundi MSCI World Information Technology UCITS ETF,TNOW,2025-02-18,900.0,,EUR
Amundi MSCI World Information Technology UCITS ETF,TNOW,2025-02-19,904.0499877929688,,EUR
Amundi MSCI World Information Technology UCITS ETF,TNOW,2025-02-20,895.2000122070312,,EUR
Amundi MSCI World Information Technology UCITS ETF,TNOW,2025-02-21,894.22998046875,,EUR
Amundi MSCI World Information Technology UCITS ETF,TNOW,2025-02-24,872.4600219726562,,EUR
Amundi MSCI World Information Technology UCITS ETF,TNOW,2025-02-25,848.3900146484375,,EUR
Amundi MSCI World Information Technology UCITS ETF,TNOW,2025-02-26,862.8900146484375,,EUR
Amundi MSCI World Information Technology UCITS ETF,TNOW,2025-02-27,856.1900024414062,,EUR
Amundi MSCI World Information Technology UCITS ETF,TNOW,2025-02-28,833.5399780273438,,EUR
Amundi MSCI World Information Technology UCITS ETF,TNOW,2025-03-03,830.6199951171875,,EUR
Amundi MSCI World Information Technology UCITS ETF,TNOW,2025-03-04,798.72998046875,,EUR
Amundi MSCI World Information Technology UCITS ETF,TNOW,2025-03-05,785.3400268554688,,EUR
Amundi MSCI World Information Technology UCITS ETF,TNOW,2025-03-06,789.6799926757812,,EUR
Amundi MSCI World Information Technology UCITS ETF,TNOW,2025-03-07,769.5999755859375,,EUR
Amundi MSCI World Information Technology UCITS ETF,TNOW,2025-03-10,754.239990234375,,EUR
Amundi MSCI World Information Technology UCITS ETF,TNOW,2025-03-11,741.97998046875,,EUR
Amundi MSCI World Information Technology UCITS ETF,TNOW,2025-03-12,758.5700073242188,,EUR
Amundi MSCI World Information Technology UCITS ETF,TNOW,2025-03-13,748.7899780273438,,EUR
Amundi MSCI World Information Technology UCITS ETF,TNOW,2025-03-14,762.4299926757812,,EUR
Amundi MSCI World Information Technology UCITS ETF,TNOW,2025-03-17,759.6300048828125,,EUR
Amundi MSCI World Information Technology UCITS ETF,TNOW,2025-03-18,756.3599853515625,,EUR
Amundi MSCI World Information Technology UCITS ETF,TNOW,2025-03-19,766.280029296875,,EUR
Amundi MSCI World Information Technology UCITS ETF,TNOW,2025-03-20,766.4099731445312,,EUR
Amundi MSCI World Information Technology UCITS ETF,TNOW,2025-03-21,766.3800048828125,,EUR
Amundi MSCI World Information Technology UCITS ETF,TNOW,2025-03-24,785.8599853515625,,EUR
Amundi MSCI World Information Technology UCITS ETF,TNOW,2025-03-25,787.030029296875,,EUR
Amundi MSCI World Information Technology UCITS ETF,TNOW,2025-03-26,773.5999755859375,,EUR
Amundi MSCI World Information Technology UCITS ETF,TNOW,2025-03-27,765.9299926757812,,EUR
Amundi MSCI World Information Technology UCITS ETF,TNOW,2025-03-28,742.6799926757812,,EUR
Amundi MSCI World Information Technology UCITS ETF,TNOW,2025-03-31,729.5700073242188,,EUR
Amundi MSCI World Information Technology UCITS ETF,TNOW,2025-04-01,745.739990234375,,EUR
Amundi MSCI World Information Technology UCITS ETF,TNOW,2025-04-02,749.0,,EUR
Amundi MSCI World Information Technology UCITS ETF,TNOW,2025-04-03,693.989990234375,,EUR
Amundi MSCI World Information Technology UCITS ETF,TNOW,2025-04-04,658.75,,EUR
Amundi MSCI World Information Technology UCITS ETF,TNOW,2025-04-07,637.1900024414062,,EUR
Amundi MSCI World Information Technology UCITS ETF,TNOW,2025-04-08,672.3499755859375,,EUR
Amundi MSCI World Information Technology UCITS ETF,TNOW,2025-04-09,642.1599731445312,,EUR
Amundi MSCI World Information Technology UCITS ETF,TNOW,2025-04-10,675.8300170898438,,EUR
Amundi MSCI World Information Technology UCITS ETF,TNOW,2025-04-11,670.8800048828125,,EUR
Amundi MSCI World Information Technology UCITS ETF,TNOW,2025-04-14,691.75,,EUR
Amundi MSCI World Information Technology UCITS ETF,TNOW,2025-04-15,698.0,,EUR
Amundi MSCI World Information Technology UCITS ETF,TNOW,2025-04-16,677.8599853515625,,EUR
Amundi MSCI World Information Technology UCITS ETF,TNOW,2025-04-17,663.02001953125,,EUR
Amundi MSCI World Information Technology UCITS ETF,TNOW,2025-04-22,652.3400268554688,,EUR
Amundi MSCI World Information Technology UCITS ETF,TNOW,2025-04-23,684.6500244140625,,EUR
Amundi MSCI World Information Technology UCITS ETF,TNOW,2025-04-24,698.3400268554688,,EUR
Amundi MSCI World Information Technology UCITS ETF,TNOW,2025-04-25,707.27001953125,,EUR
Amundi MSCI World Information Technology UCITS ETF,TNOW,2025-04-28,705.1300048828125,,EUR
Amundi MSCI World Information Technology UCITS ETF,TNOW,2025-04-29,712.5599975585938,,EUR
Amundi MSCI World Information Technology UCITS ETF,TNOW,2025-04-30,713.1099853515625,,EUR
Amundi MSCI World Information Technology UCITS ETF,TNOW,2025-05-02,745.0700073242188,,EUR
Amundi MSCI World Information Technology UCITS ETF,TNOW,2025-05-05,741.8900146484375,,EUR
Amundi MSCI World Information Technology UCITS ETF,TNOW,2025-05-06,736.5800170898438,,EUR
Amundi MSCI World Information Technology UCITS ETF,TNOW,2025-05-07,731.8499755859375,,EUR
Amundi MSCI World Information Technology UCITS ETF,TNOW,2025-05-08,754.0999755859375,,EUR
Amundi MSCI World Information Technology UCITS ETF,TNOW,2025-05-09,752.469970703125,,EUR
Amundi MSCI World Information Technology UCITS ETF,TNOW,2025-05-12,791.1599731445312,,EUR
Amundi MSCI World Information Technology UCITS ETF,TNOW,2025-05-13,809.27001953125,,EUR
Amundi MSCI World Information Technology UCITS ETF,TNOW,2025-05-14,814.5700073242188,,EUR
Amundi MSCI World Information Technology UCITS ETF,TNOW,2025-05-15,817.2999877929688,,EUR
Amundi MSCI World Information Technology UCITS ETF,TNOW,2025-05-16,816.760009765625,,EUR
Amundi MSCI World Information Technology UCITS ETF,TNOW,2025-05-19,808.3499755859375,,EUR
Amundi MSCI World Information Technology UCITS ETF,TNOW,2025-05-20,806.2899780273438,,EUR
Amundi MSCI World Information Technology UCITS ETF,TNOW,2025-05-21,803.3200073242188,,EUR
Amundi MSCI World Information Technology UCITS ETF,TNOW,2025-05-22,795.75,,EUR
Amundi MSCI World Information Technology UCITS ETF,TNOW,2025-05-23,780.010009765625,,EUR
Amundi MSCI World Information Technology UCITS ETF,TNOW,2025-05-26,789.3900146484375,,EUR
Amundi MSCI World Information Technology UCITS ETF,TNOW,2025-05-27,797.0499877929688,,EUR
Amundi MSCI World Information Technology UCITS ETF,TNOW,2025-05-28,801.1300048828125,,EUR
Amundi MSCI World Information Technology UCITS ETF,TNOW,2025-05-29,800.6799926757812,,EUR
Amundi MSCI World Information Technology UCITS ETF,TNOW,2025-05-30,792.489990234375,,EUR
Amundi MSCI World Information Technology UCITS ETF,TNOW,2025-06-02,791.780029296875,,EUR
Amundi MSCI World Information Technology UCITS ETF,TNOW,2025-06-03,809.6500244140625,,EUR
Amundi MSCI World Information Technology UCITS ETF,TNOW,2025-06-04,810.4099731445312,,EUR
Amundi MSCI World Information Technology UCITS ETF,TNOW,2025-06-05,816.5,,EUR
Amundi MSCI World Information Technology UCITS ETF,TNOW,2025-06-06,816.3800048828125,,EUR
Amundi MSCI World Information Technology UCITS ETF,TNOW,2025-06-09,817.9400024414062,,EUR
Amundi MSCI World Information Technology UCITS ETF,TNOW,2025-06-10,814.0900268554688,,EUR
Amundi MSCI World Information Technology UCITS ETF,TNOW,2025-06-11,818.02001953125,,EUR
Amundi MSCI World Information Technology UCITS ETF,TNOW,2025-06-12,812.0700073242188,,EUR
Amundi MSCI World Information Technology UCITS ETF,TNOW,2025-06-13,806.9199829101562,,EUR
Amundi MSCI World Information Technology UCITS ETF,TNOW,2025-06-16,814.030029296875,,EUR
Amundi MSCI World Information Technology UCITS ETF,TNOW,2025-06-17,813.9500122070312,,EUR
Amundi MSCI World Information Technology UCITS ETF,TNOW,2025-06-18,813.9600219726562,,EUR
Amundi MSCI World Information Technology UCITS ETF,TNOW,2025-06-19,806.27001953125,,EUR
Amundi MSCI World Information Technology UCITS ETF,TNOW,2025-06-20,810.4600219726562,,EUR
Amundi MSCI World Information Technology UCITS ETF,TNOW,2025-06-23,809.989990234375,,EUR
Amundi MSCI World Information Technology UCITS ETF,TNOW,2025-06-24,823.5,,EUR
Amundi MSCI World Information Technology UCITS ETF,TNOW,2025-06-25,829.780029296875,,EUR
Amundi MSCI World Information Technology UCITS ETF,TNOW,2025-06-26,830.0,,EUR
Amundi MSCI World Information Technology UCITS ETF,TNOW,2025-06-27,838.5900268554688,,EUR
Amundi MSCI World Information Technology UCITS ETF,TNOW,2025-06-30,835.8800048828125,,EUR
Amundi MSCI World Information Technology UCITS ETF,TNOW,2025-07-01,828.280029296875,,EUR
Amundi MSCI World Information Technology UCITS ETF,TNOW,2025-07-02,834.8699951171875,,EUR
Amundi MSCI World Information Technology UCITS ETF,TNOW,2025-07-03,850.3800048828125,,EUR
Amundi MSCI World Information Technology UCITS ETF,TNOW,2025-07-04,842.9099731445312,,EUR
Amundi MSCI World Information Technology UCITS ETF,TNOW,2025-07-07,847.1300048828125,,EUR
Amundi MSCI World Information Technology UCITS ETF,TNOW,2025-07-08,848.4199829101562,,EUR
Amundi MSCI World Information Technology UCITS ETF,TNOW,2025-07-09,852.8599853515625,,EUR
Amundi MSCI World Information Technology UCITS ETF,TNOW,2025-07-10,857.0900268554688,,EUR
Amundi MSCI World Information Technology UCITS ETF,TNOW,2025-07-11,855.8099975585938,,EUR
Amundi MSCI World Information Technology UCITS ETF,TNOW,2025-07-14,852.22998046875,,EUR
Amundi MSCI World Information Technology UCITS ETF,TNOW,2025-07-15,871.8900146484375,,EUR
Amundi MSCI World Information Technology UCITS ETF,TNOW,2025-07-16,854.530029296875,,EUR
Amundi MSCI World Information Technology UCITS ETF,TNOW,2025-07-17,879.2000122070312,,EUR
Amundi MSCI World Information Technology UCITS ETF,TNOW,2025-07-18,872.8400268554688,,EUR
Amundi MSCI World Information Technology UCITS ETF,TNOW,2025-07-21,874.1400146484375,,EUR
Amundi MSCI World Information Technology UCITS ETF,TNOW,2025-07-22,860.9400024414062,,EUR
Amundi MSCI World Information Technology UCITS ETF,TNOW,2025-07-23,860.75,,EUR
Amundi MSCI World Information Technology UCITS ETF,TNOW,2025-07-24,865.5399780273438,,EUR
Amundi MSCI World Information Technology UCITS ETF,TNOW,2025-07-25,871.1400146484375,,EUR
Amundi MSCI World Information Technology UCITS ETF,TNOW,2025-07-28,882.0700073242188,,EUR
Amundi MSCI World Information Technology UCITS ETF,TNOW,2025-07-29,891.030029296875,,EUR
Amundi MSCI World Information Technology UCITS ETF,TNOW,2025-07-30,896.3099975585938,,EUR
Amundi MSCI World Information Technology UCITS ETF,TNOW,2025-07-31,904.1199951171875,,EUR
Amundi MSCI World Information Technology UCITS ETF,TNOW,2025-08-01,870.5800170898438,,EUR
Amundi MSCI World Information Technology UCITS ETF,TNOW,2025-08-04,883.4299926757812,,EUR
Amundi MSCI World Information Technology UCITS ETF,TNOW,2025-08-05,878.5800170898438,,EUR
Amundi MSCI World Information Technology UCITS ETF,TNOW,2025-08-06,883.2100219726562,,EUR
Amundi MSCI World Information Technology UCITS ETF,TNOW,2025-08-07,893.469970703125,,EUR
Amundi MSCI World Information Technology UCITS ETF,TNOW,2025-08-08,894.25,,EUR
Amundi MSCI World Information Technology UCITS ETF,TNOW,2025-08-11,904.4199829101562,,EUR
Amundi MSCI World Information Technology UCITS ETF,TNOW,2025-08-12,899.5800170898438,,EUR
Amundi MSCI World Information Technology UCITS ETF,TNOW,2025-08-13,898.9400024414062,,EUR
Amundi MSCI World Information Technology UCITS ETF,TNOW,2025-08-14,900.3800048828125,,EUR
Amundi MSCI World Information Technology UCITS ETF,TNOW,2025-08-15,891.8699951171875,,EUR
Amundi MSCI World Information Technology UCITS ETF,TNOW,2025-08-18,893.219970703125,,EUR
Amundi MSCI World Information Technology UCITS ETF,TNOW,2025-08-19,887.52001953125,,EUR
Amundi MSCI World Information Technology UCITS ETF,TNOW,2025-08-20,871.5800170898438,,EUR
Amundi MSCI World Information Technology UCITS ETF,TNOW,2025-08-21,876.6699829101562,,EUR
Amundi MSCI World Information Technology UCITS ETF,TNOW,2025-08-22,882.4000244140625,,EUR
Amundi MSCI World Information Technology UCITS ETF,TNOW,2025-08-25,885.3900146484375,,EUR
Amundi MSCI World Information Technology UCITS ETF,TNOW,2025-08-26,883.5800170898438,,EUR
Amundi MSCI World Information Technology UCITS ETF,TNOW,2025-08-27,892.3800048828125,,EUR
Amundi MSCI World Information Technology UCITS ETF,TNOW,2025-08-28,893.989990234375,,EUR
Amundi MSCI World Information Technology UCITS ETF,TNOW,2025-08-29,880.0700073242188,,EUR
Amundi MSCI World Information Technology UCITS ETF,TNOW,2025-09-01,881.1900024414062,,EUR
Amundi MSCI World Information Technology UCITS ETF,TNOW,2025-09-02,866.3800048828125,,EUR
Amundi MSCI World Information Technology UCITS ETF,TNOW,2025-09-03,876.530029296875,,EUR
Amundi MSCI World Information Technology UCITS ETF,TNOW,2025-09-04,882.1900024414062,,EUR
Amundi MSCI World Information Technology UCITS ETF,TNOW,2025-09-05,877.3200073242188,,EUR
Amundi MSCI World Information Technology UCITS ETF,TNOW,2025-09-08,890.2100219726562,,EUR
Amundi MSCI World Information Technology UCITS ETF,TNOW,2025-09-09,884.6900024414062,,EUR
Amundi MSCI World Information Technology UCITS ETF,TNOW,2025-09-10,904.2100219726562,,EUR
Amundi MSCI World Information Technology UCITS ETF,TNOW,2025-09-11,906.0700073242188,,EUR
Amundi MSCI World Information Technology UCITS ETF,TNOW,2025-09-12,908.280029296875,,EUR
Amundi MSCI World Information Technology UCITS ETF,TNOW,2025-09-15,908.8400268554688,,EUR
Amundi MSCI World Information Technology UCITS ETF,TNOW,2025-09-16,904.0900268554688,,EUR
Amundi MSCI World Information Technology UCITS ETF,TNOW,2025-09-17,895.8200073242188,,EUR
Amundi MSCI World Information Technology UCITS ETF,TNOW,2025-09-18,919.219970703125,,EUR
Amundi MSCI World Information Technology UCITS ETF,TNOW,2025-09-19,921.8599853515625,,EUR
Amundi MSCI World Information Technology UCITS ETF,TNOW,2025-09-22,933.0999755859375,,EUR
Amundi MSCI World Information Technology UCITS ETF,TNOW,2025-09-23,937.6500244140625,,EUR
Amundi MSCI World Information Technology UCITS ETF,TNOW,2025-09-24,931.8400268554688,,EUR
Amundi MSCI World Information Technology UCITS ETF,TNOW,2025-09-25,934.1300048828125,,EUR
Amundi MSCI World Information Technology UCITS ETF,TNOW,2025-09-26,929.5499877929688,,EUR
Amundi MSCI World Information Technology UCITS ETF,TNOW,2025-09-29,937.3300170898438,,EUR
Amundi MSCI World Information Technology UCITS ETF,TNOW,2025-09-30,940.489990234375,,EUR
Amundi MSCI World Information Technology UCITS ETF,TNOW,2025-10-01,946.77001953125,,EUR
Amundi MSCI World Information Technology UCITS ETF,TNOW,2025-10-02,957.739990234375,,EUR
Amundi MSCI World Information Technology UCITS ETF,TNOW,2025-10-03,961.260009765625,,EUR
Amundi MSCI World Information Technology UCITS ETF,TNOW,2025-10-06,966.0700073242188,,EUR
Amundi MSCI World Information Technology UCITS ETF,TNOW,2025-10-07,959.4099731445312,,EUR
Amundi MSCI World Information Technology UCITS ETF,TNOW,2025-10-08,975.25,,EUR
Amundi MSCI World Information Technology UCITS ETF,TNOW,2025-10-09,981.4299926757812,,EUR
Amundi MSCI World Information Technology UCITS ETF,TNOW,2025-10-10,952.1599731445312,,EUR
Amundi MSCI World Information Technology UCITS ETF,TNOW,2025-10-13,963.9400024414062,,EUR
Amundi MSCI World Information Technology UCITS ETF,TNOW,2025-10-14,948.9600219726562,,EUR
Amundi MSCI World Information Technology UCITS ETF,TNOW,2025-10-15,956.9099731445312,,EUR
Amundi MSCI World Information Technology UCITS ETF,TNOW,2025-10-16,957.4299926757812,,EUR
Amundi MSCI World Information Technology UCITS ETF,TNOW,2025-10-17,943.5,,EUR
Amundi MSCI World Information Technology UCITS ETF,TNOW,2025-10-20,969.530029296875,,EUR
Amundi MSCI World Information Technology UCITS ETF,TNOW,2025-10-21,971.02001953125,,EUR
Amundi MSCI World Information Technology UCITS ETF,TNOW,2025-10-22,957.3900146484375,,EUR
Amundi MSCI World Information Technology UCITS ETF,TNOW,2025-10-23,969.739990234375,,EUR
Amundi MSCI World Information Technology UCITS ETF,TNOW,2025-10-27,997.260009765625,,EUR
Amundi MSCI World Information Technology UCITS ETF,TNOW,2025-10-28,1008.0,,EUR
Amundi MSCI World Information Technology UCITS ETF,TNOW,2025-10-29,1023.1400146484375,,EUR
Amundi MSCI World Information Technology UCITS ETF,TNOW,2025-10-30,1023.530029296875,,EUR
Amundi MSCI World Information Technology UCITS ETF,TNOW,2025-10-31,1021.8499755859375,,EUR
Amundi MSCI World Information Technology UCITS ETF,TNOW,2025-11-03,1025.0899658203125,,EUR
Amundi MSCI World Information Technology UCITS ETF,TNOW,2025-11-04,1013.27001953125,,EUR
Amundi MSCI World Information Technology UCITS ETF,TNOW,2025-11-05,1011.9199829101562,,EUR
Amundi MSCI World Information Technology UCITS ETF,TNOW,2025-11-06,981.97998046875,,EUR
Amundi MSCI World Information Technology UCITS ETF,TNOW,2025-11-07,955.3099975585938,,EUR
Amundi MSCI World Information Technology UCITS ETF,TNOW,2025-11-10,988.9500122070312,,EUR
Amundi MSCI World Information Technology UCITS ETF,TNOW,2025-11-11,984.3699951171875,,EUR
Amundi MSCI World Information Technology UCITS ETF,TNOW,2025-11-12,989.27001953125,,EUR
Amundi MSCI World Information Technology UCITS ETF,TNOW,2025-11-13,969.8699951171875,,EUR
Amundi MSCI World Information Technology UCITS ETF,TNOW,2025-11-14,974.9000244140625,,EUR
Amundi MSCI World Information Technology UCITS ETF,TNOW,2025-11-17,964.52001953125,,EUR
Amundi MSCI World Information Technology UCITS ETF,TNOW,2025-11-18,946.6400146484375,,EUR
Amundi MSCI World Information Technology UCITS ETF,TNOW,2025-11-19,950.0,,EUR
Amundi MSCI World Information Technology UCITS ETF,TNOW,2025-11-20,961.8300170898438,,EUR
Amundi MSCI World Information Technology UCITS ETF,TNOW,2025-11-21,930.3200073242188,,EUR
Amundi MSCI World Information Technology UCITS ETF,TNOW,2025-11-24,953.6500244140625,,EUR
Amundi MSCI World Information Technology UCITS ETF,TNOW,2025-11-25,944.1599731445312,,EUR
Amundi MSCI World Information Technology UCITS ETF,TNOW,2025-11-26,964.3900146484375,,EUR
Amundi MSCI World Information Technology UCITS ETF,TNOW,2025-11-27,961.72998046875,,EUR
Amundi MSCI World Information Technology UCITS ETF,TNOW,2025-11-28,963.969970703125,,EUR
Amundi MSCI World Information Technology UCITS ETF,TNOW,2025-12-01,962.989990234375,,EUR
Amundi MSCI World Information Technology UCITS ETF,TNOW,2025-12-02,971.780029296875,,EUR
Amundi MSCI World Information Technology UCITS ETF,TNOW,2025-12-03,969.6799926757812,,EUR
Amundi MSCI World Information Technology UCITS ETF,TNOW,2025-12-04,973.3200073242188,,EUR
Amundi MSCI World Information Technology UCITS ETF,TNOW,2025-12-05,976.1500244140625,,EUR
Amundi MSCI World Information Technology UCITS ETF,TNOW,2025-12-08,985.1099853515625,,EUR
Amundi MSCI World Information Technology UCITS ETF,TNOW,2025-12-09,989.3200073242188,,EUR
Amundi MSCI World Information Technology UCITS ETF,TNOW,2025-12-10,983.1099853515625,,EUR
Amundi MSCI World Information Technology UCITS ETF,TNOW,2025-12-11,964.3099975585938,,EUR
Amundi MSCI World Information Technology UCITS ETF,TNOW,2025-12-12,949.97998046875,,EUR
Amundi MSCI World Information Technology UCITS ETF,TNOW,2025-12-15,944.0399780273438,,EUR
Amundi MSCI World Information Technology UCITS ETF,TNOW,2025-12-16,935.3499755859375,,EUR
Amundi MSCI World Information Technology UCITS ETF,TNOW,2025-12-17,923.4299926757812,,EUR
Amundi MSCI World Information Technology UCITS ETF,TNOW,2025-12-18,939.3800048828125,,EUR
Amundi MSCI World Information Technology UCITS ETF,TNOW,2025-12-19,950.2899780273438,,EUR
Amundi MSCI World Information Technology UCITS ETF,TNOW,2025-12-22,955.6400146484375,,EUR
Amundi MSCI World Information Technology UCITS ETF,TNOW,2025-12-23,957.97998046875,,EUR
Amundi MSCI World Information Technology UCITS ETF,TNOW,2025-12-24,960.1599731445312,,EUR
Amundi MSCI World Information Technology UCITS ETF,TNOW,2025-12-29,959.9099731445312,,EUR
Amundi MSCI World Information Technology UCITS ETF,TNOW,2025-12-30,963.739990234375,,EUR
Amundi MSCI World Information Technology UCITS ETF,TNOW,2025-12-31,959.1699829101562,,EUR
Amundi MSCI World Information Technology UCITS ETF,TNOW,2026-01-02,957.3599853515625,,EUR
Amundi MSCI World Information Technology UCITS ETF,TNOW,2026-01-05,965.8800048828125,,EUR
Amundi MSCI World Information Technology UCITS ETF,TNOW,2026-01-06,965.8800048828125,,EUR
Amundi MSCI World Information Technology UCITS ETF,TNOW,2026-01-07,972.9000244140625,,EUR
Amundi MSCI World Information Technology UCITS ETF,TNOW,2026-01-08,952.3300170898438,,EUR
Amundi MSCI World Information Technology UCITS ETF,TNOW,2026-01-09,965.0999755859375,,EUR
Amundi MSCI World Information Technology UCITS ETF,TNOW,2026-01-12,969.5700073242188,,EUR
Amundi MSCI World Information Technology UCITS ETF,TNOW,2026-01-13,971.9099731445312,,EUR
Amundi MSCI World Information Technology UCITS ETF,TNOW,2026-01-14,952.3900146484375,,EUR
Amundi MSCI World Information Technology UCITS ETF,TNOW,2026-01-15,974.260009765625,,EUR
Amundi MSCI World Information Technology UCITS ETF,TNOW,2026-01-16,968.7000122070312,,EUR
Amundi MSCI World Information Technology UCITS ETF,TNOW,2026-01-19,947.0700073242188,,EUR
Amundi MSCI World Information Technology UCITS ETF,TNOW,2026-01-20,939.4199829101562,,EUR
Amundi MSCI World Information Technology UCITS ETF,TNOW,2026-01-21,937.6699829101562,,EUR
Amundi MSCI World Information Technology UCITS ETF,TNOW,2026-01-22,943.52001953125,,EUR
Amundi MSCI World Information Technology UCITS ETF,TNOW,2026-01-23,945.8099975585938,,EUR
Amundi MSCI World Information Technology UCITS ETF,TNOW,2026-01-26,944.9600219726562,,EUR
Amundi MSCI World Information Technology UCITS ETF,TNOW,2026-01-27,953.1599731445312,,EUR
Amundi MSCI World Information Technology UCITS ETF,TNOW,2026-01-28,957.22998046875,,EUR
Amundi MSCI World Information Technology UCITS ETF,TNOW,2026-01-29,924.0700073242188,,EUR
Amundi MSCI World Information Technology UCITS ETF,TNOW,2026-01-30,937.6599731445312,,EUR
Amundi MSCI World Information Technology UCITS ETF,TNOW,2026-02-02,944.010009765625,,EUR
Amundi MSCI World Information Technology UCITS ETF,TNOW,2026-02-03,918.3400268554688,,EUR
Amundi MSCI World Information Technology UCITS ETF,TNOW,2026-02-04,902.72998046875,,EUR
Amundi MSCI World Information Technology UCITS ETF,TNOW,2026-02-05,898.6900024414062,,EUR
Amundi MSCI World Information Technology UCITS ETF,TNOW,2026-02-06,917.5999755859375,,EUR
Amundi MSCI World Information Technology UCITS ETF,TNOW,2026-02-09,930.97998046875,,EUR
Amundi MSCI World Information Technology UCITS ETF,TNOW,2026-02-10,932.3699951171875,,EUR
Amundi MSCI World Information Technology UCITS ETF,TNOW,2026-02-11,929.3599853515625,,EUR
Amundi MSCI World Information Technology UCITS ETF,TNOW,2026-02-12,908.3599853515625,,EUR
Amundi MSCI World Information Technology UCITS ETF,TNOW,2026-02-13,904.8499755859375,,EUR
Amundi MSCI World Information Technology UCITS ETF,TNOW,2026-02-16,901.0,,EUR
Amundi MSCI World Information Technology UCITS ETF,TNOW,2026-02-17,906.260009765625,,EUR
Amundi MSCI World Information Technology UCITS ETF,TNOW,2026-02-18,927.5399780273438,,EUR
Amundi MSCI World Information Technology UCITS ETF,TNOW,2026-02-19,921.9299926757812,,EUR
Amundi MSCI World Information Technology UCITS ETF,TNOW,2026-02-20,924.1699829101562,,EUR
Amundi MSCI World Information Technology UCITS ETF,TNOW,2026-02-23,912.260009765625,,EUR
Amundi MSCI World Information Technology UCITS ETF,TNOW,2026-02-24,921.7899780273438,,EUR
Amundi MSCI World Information Technology UCITS ETF,TNOW,2026-02-25,936.77001953125,,EUR
Amundi MSCI World Information Technology UCITS ETF,TNOW,2026-02-26,923.27001953125,,EUR
Amundi MSCI World Information Technology UCITS ETF,TNOW,2026-02-27,909.1699829101562,,EUR
Amundi MSCI World Information Technology UCITS ETF,TNOW,2026-03-02,913.989990234375,,EUR
Amundi MSCI World Information Technology UCITS ETF,TNOW,2026-03-03,909.9199829101562,,EUR
Amundi MSCI World Information Technology UCITS ETF,TNOW,2026-03-04,922.3200073242188,,EUR
Amundi MSCI World Information Technology UCITS ETF,TNOW,2026-03-05,930.4099731445312,,EUR
Amundi MSCI World Information Technology UCITS ETF,TNOW,2026-03-09,917.530029296875,,EUR
Amundi MSCI World Information Technology UCITS ETF,TNOW,2026-03-10,930.8400268554688,,EUR
Amundi MSCI World Information Technology UCITS ETF,TNOW,2026-03-11,932.25,,EUR
Amundi MSCI World Information Technology UCITS ETF,TNOW,2026-03-12,926.1599731445312,,EUR
Amundi MSCI World Information Technology UCITS ETF,TNOW,2026-03-13,919.5399780273438,,EUR
Amundi MSCI World Information Technology UCITS ETF,TNOW,2026-03-16,927.6099853515625,,EUR
Amundi MSCI World Information Technology UCITS ETF,TNOW,2026-03-17,923.8099975585938,,EUR
Amundi MSCI World Information Technology UCITS ETF,TNOW,2026-03-18,920.4500122070312,,EUR
Amundi MSCI World Information Technology UCITS ETF,TNOW,2026-03-19,908.8099975585938,,EUR
Amundi MSCI World Information Technology UCITS ETF,TNOW,2026-03-20,897.0399780273438,,EUR
Amundi MSCI World Information Technology UCITS ETF,TNOW,2026-03-23,899.2000122070312,,EUR
Amundi MSCI World Information Technology UCITS ETF,TNOW,2026-03-24,896.469970703125,,EUR
Amundi MSCI World Information Technology UCITS ETF,TNOW,2026-03-25,904.1300048828125,,EUR
Amundi MSCI World Information Technology UCITS ETF,TNOW,2026-03-26,889.9000244140625,,EUR
Amundi MSCI World Information Technology UCITS ETF,TNOW,2026-03-27,868.719970703125,,EUR
Amundi MSCI World Information Technology UCITS ETF,TNOW,2026-03-30,864.530029296875,,EUR
Amundi MSCI World Information Technology UCITS ETF,TNOW,2026-03-31,865.77001953125,,EUR
Amundi MSCI World Information Technology UCITS ETF,TNOW,2026-04-01,893.7999877929688,,EUR
Amundi MSCI World Information Technology UCITS ETF,TNOW,2026-04-02,896.1099853515625,,EUR
Amundi MSCI World Information Technology UCITS ETF,TNOW,2026-04-07,889.4299926757812,,EUR
Amundi MSCI World Information Technology UCITS ETF,TNOW,2026-04-08,923.5999755859375,,EUR
Amundi MSCI World Information Technology UCITS ETF,TNOW,2026-04-09,919.5800170898438,,EUR
Amundi MSCI World Information Technology UCITS ETF,TNOW,2026-04-10,932.4199829101562,,EUR
Amundi MSCI World Information Technology UCITS ETF,TNOW,2026-04-13,936.3400268554688,,EUR
Amundi MSCI World Information Technology UCITS ETF,TNOW,2026-04-14,949.0800170898438,,EUR
Amundi MSCI World Information Technology UCITS ETF,TNOW,2026-04-15,968.3200073242188,,EUR
Amundi MSCI World Information Technology UCITS ETF,TNOW,2026-04-16,982.5900268554688,,EUR
Amundi MSCI World Information Technology UCITS ETF,TNOW,2026-04-17,1000.1199951171875,,EUR
Amundi MSCI World Information Technology UCITS ETF,TNOW,2026-04-20,993.75,,EUR
Amundi MSCI World Information Technology UCITS ETF,TNOW,2026-04-21,1004.2899780273438,,EUR
Amundi MSCI World Information Technology UCITS ETF,TNOW,2026-04-22,1019.0800170898438,,EUR
Amundi MSCI World Information Technology UCITS ETF,TNOW,2026-04-23,1022.8099975585938,,EUR
Amundi MSCI World Information Technology UCITS ETF,TNOW,2026-04-24,1030.6500244140625,,EUR
Amundi MSCI World Information Technology UCITS ETF,TNOW,2026-04-27,1027.18994140625,,EUR
Amundi MSCI World Information Technology UCITS ETF,TNOW,2026-04-28,1013.72998046875,,EUR
Amundi MSCI World Information Technology UCITS ETF,TNOW,2026-04-29,1025.5400390625,,EUR
Amundi MSCI World Information Technology UCITS ETF,TNOW,2026-04-30,1016.6599731445312,,EUR
Amundi MSCI World Information Technology UCITS ETF,TNOW,2026-05-04,1033.6800537109375,,EUR
Amundi MSCI World Information Technology UCITS ETF,TNOW,2026-05-05,1049.6400146484375,,EUR
Amundi MSCI World Information Technology UCITS ETF,TNOW,2026-05-06,1069.1300048828125,,EUR
Amundi MSCI World Information Technology UCITS ETF,TNOW,2026-05-07,1086.3499755859375,,EUR
Amundi MSCI World Information Technology UCITS ETF,TNOW,2026-05-08,1094.0,,EUR
Amundi MSCI World Information Technology UCITS ETF,TNOW,2026-05-11,1109.1600341796875,,EUR
Amundi MSCI World Information Technology UCITS ETF,TNOW,2026-05-12,1086.2900390625,,EUR
Amundi MSCI World Information Technology UCITS ETF,TNOW,2026-05-13,1109.699951171875,,EUR
Amundi MSCI World Information Technology UCITS ETF,TNOW,2026-05-14,1140.1199951171875,,EUR
Amundi MSCI World Information Technology UCITS ETF,TNOW,2026-05-15,1130.6500244140625,,EUR
Amundi MSCI World Information Technology UCITS ETF,TNOW,2026-05-18,1106.4100341796875,,EUR
Amundi MSCI World Information Technology UCITS ETF,TNOW,2026-05-19,1103.18994140625,,EUR
Amundi MSCI World Information Technology UCITS ETF,TNOW,2026-05-20,1124.8900146484375,,EUR
Amundi MSCI World Information Technology UCITS ETF,TNOW,2026-05-21,1125.47998046875,,EUR
Amundi MSCI World Information Technology UCITS ETF,TNOW,2026-05-22,1150.010009765625,,EUR
Amundi MSCI World Information Technology UCITS ETF,TNOW,2026-05-25,1164.0999755859375,,EUR
Amundi MSCI World Information Technology UCITS ETF,TNOW,2026-05-26,1161.6300048828125,,EUR
Amundi MSCI World Information Technology UCITS ETF,TNOW,2026-05-27,1149.9300537109375,,EUR
Amundi MSCI World Information Technology UCITS ETF,TNOW,2026-05-28,1168.6600341796875,,EUR
Amundi MSCI World Information Technology UCITS ETF,TNOW,2026-05-29,1187.1400146484375,,EUR
Amundi MSCI World Information Technology UCITS ETF,TNOW,2026-06-01,1219.1600341796875,,EUR
Amundi MSCI World Information Technology UCITS ETF,TNOW,2026-06-02,1235.9599609375,,EUR
Amundi MSCI World Information Technology UCITS ETF,TNOW,2026-06-03,1229.3699951171875,,EUR
Amundi MSCI World Information Technology UCITS ETF,TNOW,2026-06-04,1203.510009765625,,EUR
Amundi MSCI World Information Technology UCITS ETF,TNOW,2026-06-05,1174.989990234375,,EUR
Amundi MSCI World Information Technology UCITS ETF,TNOW,2026-06-08,1172.5400390625,,EUR
Amundi MSCI World Information Technology UCITS ETF,TNOW,2026-06-09,1126.469970703125,,EUR
Amundi MSCI World Information Technology UCITS ETF,TNOW,2026-06-10,1123.0,,EUR
Amundi MSCI World Information Technology UCITS ETF,TNOW,2026-06-11,1128.949951171875,,EUR
Amundi MSCI World Information Technology UCITS ETF,TNOW,2026-06-12,1155.800048828125,,EUR
Amundi MSCI World Information Technology UCITS ETF,TNOW,2026-06-15,1186.969970703125,,EUR
Amundi MSCI World Information Technology UCITS ETF,TNOW,2026-06-16,1172.3599853515625,,EUR
Amundi MSCI World Information Technology UCITS ETF,TNOW,2026-06-17,1175.469970703125,,EUR
Amundi MSCI World Information Technology UCITS ETF,TNOW,2026-06-18,1194.3299560546875,,EUR
Amundi MSCI World Information Technology UCITS ETF,TNOW,2026-06-19,1199.300048828125,,EUR
Amundi MSCI World Information Technology UCITS ETF,TNOW,2026-06-22,1205.1700439453125,,EUR
Amundi MSCI World Information Technology UCITS ETF,TNOW,2026-06-23,1171.9000244140625,,EUR
Amundi MSCI World Information Technology UCITS ETF,TNOW,2026-06-24,1172.7099609375,,EUR
Amundi MSCI World Information Technology UCITS ETF,TNOW,2026-06-25,1156.030029296875,,EUR
Amundi MSCI World Information Technology UCITS ETF,TNOW,2026-06-26,1144.81005859375,,EUR
Amundi MSCI World Information Technology UCITS ETF,TNOW,2026-06-29,1150.0400390625,,EUR
Amundi MSCI World Information Technology UCITS ETF,TNOW,2026-06-30,1185.1099853515625,,EUR
Amundi MSCI World Information Technology UCITS ETF,TNOW,2026-07-01,1183.4000244140625,,EUR
Amundi MSCI World Information Technology UCITS ETF,TNOW,2026-07-02,1157.77001953125,,EUR
Amundi MSCI World Information Technology UCITS ETF,TNOW,2026-07-03,1169.6400146484375,,EUR
Amundi MSCI World Information Technology UCITS ETF,TNOW,2026-07-06,1176.3599853515625,,EUR
Amundi MSCI World Information Technology UCITS ETF,TNOW,2026-07-07,1139.3599853515625,,EUR
Amundi MSCI World Information Technology UCITS ETF,TNOW,2026-07-08,1130.6199951171875,,EUR
Xtrackers Artificial Intelligence & Big Data UCITS ETF 1C,XAIX,2021-05-19,72.73999786376953,,EUR
Xtrackers Artificial Intelligence & Big Data UCITS ETF 1C,XAIX,2021-05-20,74.30000305175781,,EUR
Xtrackers Artificial Intelligence & Big Data UCITS ETF 1C,XAIX,2021-05-21,74.6500015258789,,EUR
Xtrackers Artificial Intelligence & Big Data UCITS ETF 1C,XAIX,2021-05-24,75.29000091552734,,EUR
Xtrackers Artificial Intelligence & Big Data UCITS ETF 1C,XAIX,2021-05-25,75.29000091552734,,EUR
Xtrackers Artificial Intelligence & Big Data UCITS ETF 1C,XAIX,2021-05-26,75.95999908447266,,EUR
Xtrackers Artificial Intelligence & Big Data UCITS ETF 1C,XAIX,2021-05-27,75.95999908447266,,EUR
Xtrackers Artificial Intelligence & Big Data UCITS ETF 1C,XAIX,2021-05-28,76.70999908447266,,EUR
Xtrackers Artificial Intelligence & Big Data UCITS ETF 1C,XAIX,2021-05-31,76.2699966430664,,EUR
Xtrackers Artificial Intelligence & Big Data UCITS ETF 1C,XAIX,2021-06-01,76.33000183105469,,EUR
Xtrackers Artificial Intelligence & Big Data UCITS ETF 1C,XAIX,2021-06-02,77.16000366210938,,EUR
Xtrackers Artificial Intelligence & Big Data UCITS ETF 1C,XAIX,2021-06-03,77.47000122070312,,EUR
Xtrackers Artificial Intelligence & Big Data UCITS ETF 1C,XAIX,2021-06-04,78.29000091552734,,EUR
Xtrackers Artificial Intelligence & Big Data UCITS ETF 1C,XAIX,2021-06-07,78.36000061035156,,EUR
Xtrackers Artificial Intelligence & Big Data UCITS ETF 1C,XAIX,2021-06-08,78.66999816894531,,EUR
Xtrackers Artificial Intelligence & Big Data UCITS ETF 1C,XAIX,2021-06-09,78.83000183105469,,EUR
Xtrackers Artificial Intelligence & Big Data UCITS ETF 1C,XAIX,2021-06-10,78.97000122070312,,EUR
Xtrackers Artificial Intelligence & Big Data UCITS ETF 1C,XAIX,2021-06-11,78.97000122070312,,EUR
Xtrackers Artificial Intelligence & Big Data UCITS ETF 1C,XAIX,2021-06-14,78.97000122070312,,EUR
Xtrackers Artificial Intelligence & Big Data UCITS ETF 1C,XAIX,2021-06-15,79.81999969482422,,EUR
Xtrackers Artificial Intelligence & Big Data UCITS ETF 1C,XAIX,2021-06-16,79.91000366210938,,EUR
Xtrackers Artificial Intelligence & Big Data UCITS ETF 1C,XAIX,2021-06-17,81.18000030517578,,EUR
Xtrackers Artificial Intelligence & Big Data UCITS ETF 1C,XAIX,2021-06-18,80.45999908447266,,EUR
Xtrackers Artificial Intelligence & Big Data UCITS ETF 1C,XAIX,2021-06-21,80.48999786376953,,EUR
Xtrackers Artificial Intelligence & Big Data UCITS ETF 1C,XAIX,2021-06-22,80.52999877929688,,EUR
Xtrackers Artificial Intelligence & Big Data UCITS ETF 1C,XAIX,2021-06-23,80.94000244140625,,EUR
Xtrackers Artificial Intelligence & Big Data UCITS ETF 1C,XAIX,2021-06-24,81.8499984741211,,EUR
Xtrackers Artificial Intelligence & Big Data UCITS ETF 1C,XAIX,2021-06-25,81.88999938964844,,EUR
Xtrackers Artificial Intelligence & Big Data UCITS ETF 1C,XAIX,2021-06-28,82.41999816894531,,EUR
Xtrackers Artificial Intelligence & Big Data UCITS ETF 1C,XAIX,2021-06-29,82.77999877929688,,EUR
Xtrackers Artificial Intelligence & Big Data UCITS ETF 1C,XAIX,2021-06-30,83.05999755859375,,EUR
Xtrackers Artificial Intelligence & Big Data UCITS ETF 1C,XAIX,2021-07-01,82.33999633789062,,EUR
Xtrackers Artificial Intelligence & Big Data UCITS ETF 1C,XAIX,2021-07-02,82.7699966430664,,EUR
Xtrackers Artificial Intelligence & Big Data UCITS ETF 1C,XAIX,2021-07-05,82.86000061035156,,EUR
Xtrackers Artificial Intelligence & Big Data UCITS ETF 1C,XAIX,2021-07-06,82.8499984741211,,EUR
Xtrackers Artificial Intelligence & Big Data UCITS ETF 1C,XAIX,2021-07-07,82.73999786376953,,EUR
Xtrackers Artificial Intelligence & Big Data UCITS ETF 1C,XAIX,2021-07-08,81.37999725341797,,EUR
Xtrackers Artificial Intelligence & Big Data UCITS ETF 1C,XAIX,2021-07-09,82.37000274658203,,EUR
Xtrackers Artificial Intelligence & Big Data UCITS ETF 1C,XAIX,2021-07-12,82.0999984741211,,EUR
Xtrackers Artificial Intelligence & Big Data UCITS ETF 1C,XAIX,2021-07-13,82.55999755859375,,EUR
Xtrackers Artificial Intelligence & Big Data UCITS ETF 1C,XAIX,2021-07-14,81.73999786376953,,EUR
Xtrackers Artificial Intelligence & Big Data UCITS ETF 1C,XAIX,2021-07-15,81.13999938964844,,EUR
Xtrackers Artificial Intelligence & Big Data UCITS ETF 1C,XAIX,2021-07-16,80.72000122070312,,EUR
Xtrackers Artificial Intelligence & Big Data UCITS ETF 1C,XAIX,2021-07-19,79.44000244140625,,EUR
Xtrackers Artificial Intelligence & Big Data UCITS ETF 1C,XAIX,2021-07-20,80.48999786376953,,EUR
Xtrackers Artificial Intelligence & Big Data UCITS ETF 1C,XAIX,2021-07-21,80.80000305175781,,EUR
Xtrackers Artificial Intelligence & Big Data UCITS ETF 1C,XAIX,2021-07-22,81.18000030517578,,EUR
Xtrackers Artificial Intelligence & Big Data UCITS ETF 1C,XAIX,2021-07-23,81.83999633789062,,EUR
Xtrackers Artificial Intelligence & Big Data UCITS ETF 1C,XAIX,2021-07-26,81.69999694824219,,EUR
Xtrackers Artificial Intelligence & Big Data UCITS ETF 1C,XAIX,2021-07-27,80.05000305175781,,EUR
Xtrackers Artificial Intelligence & Big Data UCITS ETF 1C,XAIX,2021-07-28,81.26000213623047,,EUR
Xtrackers Artificial Intelligence & Big Data UCITS ETF 1C,XAIX,2021-07-29,81.44999694824219,,EUR
Xtrackers Artificial Intelligence & Big Data UCITS ETF 1C,XAIX,2021-07-30,81.06999969482422,,EUR
Xtrackers Artificial Intelligence & Big Data UCITS ETF 1C,XAIX,2021-08-02,81.7300033569336,,EUR
Xtrackers Artificial Intelligence & Big Data UCITS ETF 1C,XAIX,2021-08-03,81.16000366210938,,EUR
Xtrackers Artificial Intelligence & Big Data UCITS ETF 1C,XAIX,2021-08-04,81.94000244140625,,EUR
Xtrackers Artificial Intelligence & Big Data UCITS ETF 1C,XAIX,2021-08-05,82.41000366210938,,EUR
Xtrackers Artificial Intelligence & Big Data UCITS ETF 1C,XAIX,2021-08-06,82.58000183105469,,EUR
Xtrackers Artificial Intelligence & Big Data UCITS ETF 1C,XAIX,2021-08-09,82.5199966430664,,EUR
Xtrackers Artificial Intelligence & Big Data UCITS ETF 1C,XAIX,2021-08-10,82.5199966430664,,EUR
Xtrackers Artificial Intelligence & Big Data UCITS ETF 1C,XAIX,2021-08-11,81.91999816894531,,EUR
Xtrackers Artificial Intelligence & Big Data UCITS ETF 1C,XAIX,2021-08-12,82.04000091552734,,EUR
Xtrackers Artificial Intelligence & Big Data UCITS ETF 1C,XAIX,2021-08-13,81.62000274658203,,EUR
Xtrackers Artificial Intelligence & Big Data UCITS ETF 1C,XAIX,2021-08-16,80.83000183105469,,EUR
Xtrackers Artificial Intelligence & Big Data UCITS ETF 1C,XAIX,2021-08-17,80.3499984741211,,EUR
Xtrackers Artificial Intelligence & Big Data UCITS ETF 1C,XAIX,2021-08-18,80.91999816894531,,EUR
Xtrackers Artificial Intelligence & Big Data UCITS ETF 1C,XAIX,2021-08-19,79.98999786376953,,EUR
Xtrackers Artificial Intelligence & Big Data UCITS ETF 1C,XAIX,2021-08-20,79.98999786376953,,EUR
Xtrackers Artificial Intelligence & Big Data UCITS ETF 1C,XAIX,2021-08-23,81.43000030517578,,EUR
Xtrackers Artificial Intelligence & Big Data UCITS ETF 1C,XAIX,2021-08-24,82.33000183105469,,EUR
Xtrackers Artificial Intelligence & Big Data UCITS ETF 1C,XAIX,2021-08-25,83.0,,EUR
Xtrackers Artificial Intelligence & Big Data UCITS ETF 1C,XAIX,2021-08-26,82.4000015258789,,EUR
Xtrackers Artificial Intelligence & Big Data UCITS ETF 1C,XAIX,2021-08-27,82.81999969482422,,EUR
Xtrackers Artificial Intelligence & Big Data UCITS ETF 1C,XAIX,2021-08-30,83.05999755859375,,EUR
Xtrackers Artificial Intelligence & Big Data UCITS ETF 1C,XAIX,2021-08-31,83.08999633789062,,EUR
Xtrackers Artificial Intelligence & Big Data UCITS ETF 1C,XAIX,2021-09-01,83.33999633789062,,EUR
Xtrackers Artificial Intelligence & Big Data UCITS ETF 1C,XAIX,2021-09-02,83.43000030517578,,EUR
Xtrackers Artificial Intelligence & Big Data UCITS ETF 1C,XAIX,2021-09-03,83.70999908447266,,EUR
Xtrackers Artificial Intelligence & Big Data UCITS ETF 1C,XAIX,2021-09-06,84.27999877929688,,EUR
Xtrackers Artificial Intelligence & Big Data UCITS ETF 1C,XAIX,2021-09-07,83.48999786376953,,EUR
Xtrackers Artificial Intelligence & Big Data UCITS ETF 1C,XAIX,2021-09-08,83.48999786376953,,EUR
Xtrackers Artificial Intelligence & Big Data UCITS ETF 1C,XAIX,2021-09-09,82.7699966430664,,EUR
Xtrackers Artificial Intelligence & Big Data UCITS ETF 1C,XAIX,2021-09-10,82.37999725341797,,EUR
Xtrackers Artificial Intelligence & Big Data UCITS ETF 1C,XAIX,2021-09-13,81.7699966430664,,EUR
Xtrackers Artificial Intelligence & Big Data UCITS ETF 1C,XAIX,2021-09-14,81.95999908447266,,EUR
Xtrackers Artificial Intelligence & Big Data UCITS ETF 1C,XAIX,2021-09-15,81.81999969482422,,EUR
Xtrackers Artificial Intelligence & Big Data UCITS ETF 1C,XAIX,2021-09-16,82.37999725341797,,EUR
Xtrackers Artificial Intelligence & Big Data UCITS ETF 1C,XAIX,2021-09-17,82.29000091552734,,EUR
Xtrackers Artificial Intelligence & Big Data UCITS ETF 1C,XAIX,2021-09-20,80.51000213623047,,EUR
Xtrackers Artificial Intelligence & Big Data UCITS ETF 1C,XAIX,2021-09-21,80.7699966430664,,EUR
Xtrackers Artificial Intelligence & Big Data UCITS ETF 1C,XAIX,2021-09-22,81.5999984741211,,EUR
Xtrackers Artificial Intelligence & Big Data UCITS ETF 1C,XAIX,2021-09-23,82.66000366210938,,EUR
Xtrackers Artificial Intelligence & Big Data UCITS ETF 1C,XAIX,2021-09-24,82.70999908447266,,EUR
Xtrackers Artificial Intelligence & Big Data UCITS ETF 1C,XAIX,2021-09-27,82.58999633789062,,EUR
Xtrackers Artificial Intelligence & Big Data UCITS ETF 1C,XAIX,2021-09-28,80.63999938964844,,EUR
Xtrackers Artificial Intelligence & Big Data UCITS ETF 1C,XAIX,2021-09-29,80.61000061035156,,EUR
Xtrackers Artificial Intelligence & Big Data UCITS ETF 1C,XAIX,2021-09-30,80.86000061035156,,EUR
Xtrackers Artificial Intelligence & Big Data UCITS ETF 1C,XAIX,2021-10-01,80.37000274658203,,EUR
Xtrackers Artificial Intelligence & Big Data UCITS ETF 1C,XAIX,2021-10-04,78.87999725341797,,EUR
Xtrackers Artificial Intelligence & Big Data UCITS ETF 1C,XAIX,2021-10-05,80.0199966430664,,EUR
Xtrackers Artificial Intelligence & Big Data UCITS ETF 1C,XAIX,2021-10-06,79.69000244140625,,EUR
Xtrackers Artificial Intelligence & Big Data UCITS ETF 1C,XAIX,2021-10-07,81.94999694824219,,EUR
Xtrackers Artificial Intelligence & Big Data UCITS ETF 1C,XAIX,2021-10-08,81.55999755859375,,EUR
Xtrackers Artificial Intelligence & Big Data UCITS ETF 1C,XAIX,2021-10-11,81.7699966430664,,EUR
Xtrackers Artificial Intelligence & Big Data UCITS ETF 1C,XAIX,2021-10-12,81.08999633789062,,EUR
Xtrackers Artificial Intelligence & Big Data UCITS ETF 1C,XAIX,2021-10-13,81.94999694824219,,EUR
Xtrackers Artificial Intelligence & Big Data UCITS ETF 1C,XAIX,2021-10-14,83.30000305175781,,EUR
Xtrackers Artificial Intelligence & Big Data UCITS ETF 1C,XAIX,2021-10-15,83.87000274658203,,EUR
Xtrackers Artificial Intelligence & Big Data UCITS ETF 1C,XAIX,2021-10-18,83.94000244140625,,EUR
Xtrackers Artificial Intelligence & Big Data UCITS ETF 1C,XAIX,2021-10-19,84.62000274658203,,EUR
Xtrackers Artificial Intelligence & Big Data UCITS ETF 1C,XAIX,2021-10-20,84.93000030517578,,EUR
Xtrackers Artificial Intelligence & Big Data UCITS ETF 1C,XAIX,2021-10-21,84.83999633789062,,EUR
Xtrackers Artificial Intelligence & Big Data UCITS ETF 1C,XAIX,2021-10-22,85.04000091552734,,EUR
Xtrackers Artificial Intelligence & Big Data UCITS ETF 1C,XAIX,2021-10-25,85.63999938964844,,EUR
Xtrackers Artificial Intelligence & Big Data UCITS ETF 1C,XAIX,2021-10-26,86.18000030517578,,EUR
Xtrackers Artificial Intelligence & Big Data UCITS ETF 1C,XAIX,2021-10-27,84.93000030517578,,EUR
Xtrackers Artificial Intelligence & Big Data UCITS ETF 1C,XAIX,2021-10-28,84.55999755859375,,EUR
Xtrackers Artificial Intelligence & Big Data UCITS ETF 1C,XAIX,2021-10-29,85.68000030517578,,EUR
Xtrackers Artificial Intelligence & Big Data UCITS ETF 1C,XAIX,2021-11-01,86.45999908447266,,EUR
Xtrackers Artificial Intelligence & Big Data UCITS ETF 1C,XAIX,2021-11-02,86.61000061035156,,EUR
Xtrackers Artificial Intelligence & Big Data UCITS ETF 1C,XAIX,2021-11-03,87.11000061035156,,EUR
Xtrackers Artificial Intelligence & Big Data UCITS ETF 1C,XAIX,2021-11-04,88.29000091552734,,EUR
Xtrackers Artificial Intelligence & Big Data UCITS ETF 1C,XAIX,2021-11-05,88.87999725341797,,EUR
Xtrackers Artificial Intelligence & Big Data UCITS ETF 1C,XAIX,2021-11-08,89.5,,EUR
Xtrackers Artificial Intelligence & Big Data UCITS ETF 1C,XAIX,2021-11-09,89.51000213623047,,EUR
Xtrackers Artificial Intelligence & Big Data UCITS ETF 1C,XAIX,2021-11-10,89.6500015258789,,EUR
Xtrackers Artificial Intelligence & Big Data UCITS ETF 1C,XAIX,2021-11-11,89.16999816894531,,EUR
Xtrackers Artificial Intelligence & Big Data UCITS ETF 1C,XAIX,2021-11-12,89.8499984741211,,EUR
Xtrackers Artificial Intelligence & Big Data UCITS ETF 1C,XAIX,2021-11-15,90.08999633789062,,EUR
Xtrackers Artificial Intelligence & Big Data UCITS ETF 1C,XAIX,2021-11-16,90.68000030517578,,EUR
Xtrackers Artificial Intelligence & Big Data UCITS ETF 1C,XAIX,2021-11-17,90.95999908447266,,EUR
Xtrackers Artificial Intelligence & Big Data UCITS ETF 1C,XAIX,2021-11-18,90.22000122070312,,EUR
Xtrackers Artificial Intelligence & Big Data UCITS ETF 1C,XAIX,2021-11-19,90.91000366210938,,EUR
Xtrackers Artificial Intelligence & Big Data UCITS ETF 1C,XAIX,2021-11-22,90.68000030517578,,EUR
Xtrackers Artificial Intelligence & Big Data UCITS ETF 1C,XAIX,2021-11-23,88.87000274658203,,EUR
Xtrackers Artificial Intelligence & Big Data UCITS ETF 1C,XAIX,2021-11-24,89.86000061035156,,EUR
Xtrackers Artificial Intelligence & Big Data UCITS ETF 1C,XAIX,2021-11-25,90.33000183105469,,EUR
Xtrackers Artificial Intelligence & Big Data UCITS ETF 1C,XAIX,2021-11-26,87.11000061035156,,EUR
Xtrackers Artificial Intelligence & Big Data UCITS ETF 1C,XAIX,2021-11-29,88.2699966430664,,EUR
Xtrackers Artificial Intelligence & Big Data UCITS ETF 1C,XAIX,2021-11-30,87.31999969482422,,EUR
Xtrackers Artificial Intelligence & Big Data UCITS ETF 1C,XAIX,2021-12-01,88.31999969482422,,EUR
Xtrackers Artificial Intelligence & Big Data UCITS ETF 1C,XAIX,2021-12-02,86.87000274658203,,EUR
Xtrackers Artificial Intelligence & Big Data UCITS ETF 1C,XAIX,2021-12-03,85.9800033569336,,EUR
Xtrackers Artificial Intelligence & Big Data UCITS ETF 1C,XAIX,2021-12-06,86.23999786376953,,EUR
Xtrackers Artificial Intelligence & Big Data UCITS ETF 1C,XAIX,2021-12-07,89.33000183105469,,EUR
Xtrackers Artificial Intelligence & Big Data UCITS ETF 1C,XAIX,2021-12-08,88.61000061035156,,EUR
Xtrackers Artificial Intelligence & Big Data UCITS ETF 1C,XAIX,2021-12-09,88.68000030517578,,EUR
Xtrackers Artificial Intelligence & Big Data UCITS ETF 1C,XAIX,2021-12-10,87.69000244140625,,EUR
Xtrackers Artificial Intelligence & Big Data UCITS ETF 1C,XAIX,2021-12-13,87.55999755859375,,EUR
Xtrackers Artificial Intelligence & Big Data UCITS ETF 1C,XAIX,2021-12-14,86.2300033569336,,EUR
Xtrackers Artificial Intelligence & Big Data UCITS ETF 1C,XAIX,2021-12-15,86.16000366210938,,EUR
Xtrackers Artificial Intelligence & Big Data UCITS ETF 1C,XAIX,2021-12-16,87.69999694824219,,EUR
Xtrackers Artificial Intelligence & Big Data UCITS ETF 1C,XAIX,2021-12-17,87.4800033569336,,EUR
Xtrackers Artificial Intelligence & Big Data UCITS ETF 1C,XAIX,2021-12-20,85.61000061035156,,EUR
Xtrackers Artificial Intelligence & Big Data UCITS ETF 1C,XAIX,2021-12-21,87.30999755859375,,EUR
Xtrackers Artificial Intelligence & Big Data UCITS ETF 1C,XAIX,2021-12-22,88.31999969482422,,EUR
Xtrackers Artificial Intelligence & Big Data UCITS ETF 1C,XAIX,2021-12-23,89.37999725341797,,EUR
Xtrackers Artificial Intelligence & Big Data UCITS ETF 1C,XAIX,2021-12-27,90.23999786376953,,EUR
Xtrackers Artificial Intelligence & Big Data UCITS ETF 1C,XAIX,2021-12-28,90.02999877929688,,EUR
Xtrackers Artificial Intelligence & Big Data UCITS ETF 1C,XAIX,2021-12-29,89.75,,EUR
Xtrackers Artificial Intelligence & Big Data UCITS ETF 1C,XAIX,2021-12-30,90.1500015258789,,EUR
Xtrackers Artificial Intelligence & Big Data UCITS ETF 1C,XAIX,2022-01-03,89.47000122070312,,EUR
Xtrackers Artificial Intelligence & Big Data UCITS ETF 1C,XAIX,2022-01-04,88.86000061035156,,EUR
Xtrackers Artificial Intelligence & Big Data UCITS ETF 1C,XAIX,2022-01-05,88.62999725341797,,EUR
Xtrackers Artificial Intelligence & Big Data UCITS ETF 1C,XAIX,2022-01-06,86.68000030517578,,EUR
Xtrackers Artificial Intelligence & Big Data UCITS ETF 1C,XAIX,2022-01-07,85.44000244140625,,EUR
Xtrackers Artificial Intelligence & Big Data UCITS ETF 1C,XAIX,2022-01-10,84.37000274658203,,EUR
Xtrackers Artificial Intelligence & Big Data UCITS ETF 1C,XAIX,2022-01-11,86.11000061035156,,EUR
Xtrackers Artificial Intelligence & Big Data UCITS ETF 1C,XAIX,2022-01-12,85.93000030517578,,EUR
Xtrackers Artificial Intelligence & Big Data UCITS ETF 1C,XAIX,2022-01-13,85.29000091552734,,EUR
Xtrackers Artificial Intelligence & Big Data UCITS ETF 1C,XAIX,2022-01-14,83.76000213623047,,EUR
Xtrackers Artificial Intelligence & Big Data UCITS ETF 1C,XAIX,2022-01-17,84.58000183105469,,EUR
Xtrackers Artificial Intelligence & Big Data UCITS ETF 1C,XAIX,2022-01-18,83.70999908447266,,EUR
Xtrackers Artificial Intelligence & Big Data UCITS ETF 1C,XAIX,2022-01-19,82.97000122070312,,EUR
Xtrackers Artificial Intelligence & Big Data UCITS ETF 1C,XAIX,2022-01-20,84.0,,EUR
Xtrackers Artificial Intelligence & Big Data UCITS ETF 1C,XAIX,2022-01-21,81.91999816894531,,EUR
Xtrackers Artificial Intelligence & Big Data UCITS ETF 1C,XAIX,2022-01-24,78.04000091552734,,EUR
Xtrackers Artificial Intelligence & Big Data UCITS ETF 1C,XAIX,2022-01-25,78.75,,EUR
Xtrackers Artificial Intelligence & Big Data UCITS ETF 1C,XAIX,2022-01-26,79.94000244140625,,EUR
Xtrackers Artificial Intelligence & Big Data UCITS ETF 1C,XAIX,2022-01-27,79.18000030517578,,EUR
Xtrackers Artificial Intelligence & Big Data UCITS ETF 1C,XAIX,2022-01-28,78.04000091552734,,EUR
Xtrackers Artificial Intelligence & Big Data UCITS ETF 1C,XAIX,2022-01-31,80.69000244140625,,EUR
Xtrackers Artificial Intelligence & Big Data UCITS ETF 1C,XAIX,2022-02-01,81.7699966430664,,EUR
Xtrackers Artificial Intelligence & Big Data UCITS ETF 1C,XAIX,2022-02-02,81.29000091552734,,EUR
Xtrackers Artificial Intelligence & Big Data UCITS ETF 1C,XAIX,2022-02-03,79.19999694824219,,EUR
Xtrackers Artificial Intelligence & Big Data UCITS ETF 1C,XAIX,2022-02-04,78.52999877929688,,EUR
Xtrackers Artificial Intelligence & Big Data UCITS ETF 1C,XAIX,2022-02-07,79.30999755859375,,EUR
Xtrackers Artificial Intelligence & Big Data UCITS ETF 1C,XAIX,2022-02-08,79.63999938964844,,EUR
Xtrackers Artificial Intelligence & Big Data UCITS ETF 1C,XAIX,2022-02-09,80.93000030517578,,EUR
Xtrackers Artificial Intelligence & Big Data UCITS ETF 1C,XAIX,2022-02-10,81.13999938964844,,EUR
Xtrackers Artificial Intelligence & Big Data UCITS ETF 1C,XAIX,2022-02-11,80.08000183105469,,EUR
Xtrackers Artificial Intelligence & Big Data UCITS ETF 1C,XAIX,2022-02-14,79.66000366210938,,EUR
Xtrackers Artificial Intelligence & Big Data UCITS ETF 1C,XAIX,2022-02-15,79.94000244140625,,EUR
Xtrackers Artificial Intelligence & Big Data UCITS ETF 1C,XAIX,2022-02-16,79.62999725341797,,EUR
Xtrackers Artificial Intelligence & Big Data UCITS ETF 1C,XAIX,2022-02-17,79.16000366210938,,EUR
Xtrackers Artificial Intelligence & Big Data UCITS ETF 1C,XAIX,2022-02-18,77.33000183105469,,EUR
Xtrackers Artificial Intelligence & Big Data UCITS ETF 1C,XAIX,2022-02-21,76.12000274658203,,EUR
Xtrackers Artificial Intelligence & Big Data UCITS ETF 1C,XAIX,2022-02-22,76.33999633789062,,EUR
Xtrackers Artificial Intelligence & Big Data UCITS ETF 1C,XAIX,2022-02-23,75.86000061035156,,EUR
Xtrackers Artificial Intelligence & Big Data UCITS ETF 1C,XAIX,2022-02-24,75.3499984741211,,EUR
Xtrackers Artificial Intelligence & Big Data UCITS ETF 1C,XAIX,2022-02-25,77.31999969482422,,EUR
Xtrackers Artificial Intelligence & Big Data UCITS ETF 1C,XAIX,2022-02-28,78.3499984741211,,EUR
Xtrackers Artificial Intelligence & Big Data UCITS ETF 1C,XAIX,2022-03-01,78.83000183105469,,EUR
Xtrackers Artificial Intelligence & Big Data UCITS ETF 1C,XAIX,2022-03-02,79.36000061035156,,EUR
Xtrackers Artificial Intelligence & Big Data UCITS ETF 1C,XAIX,2022-03-03,78.83999633789062,,EUR
Xtrackers Artificial Intelligence & Big Data UCITS ETF 1C,XAIX,2022-03-04,77.7300033569336,,EUR
Xtrackers Artificial Intelligence & Big Data UCITS ETF 1C,XAIX,2022-03-07,77.06999969482422,,EUR
Xtrackers Artificial Intelligence & Big Data UCITS ETF 1C,XAIX,2022-03-08,75.25,,EUR
Xtrackers Artificial Intelligence & Big Data UCITS ETF 1C,XAIX,2022-03-09,76.30999755859375,,EUR
Xtrackers Artificial Intelligence & Big Data UCITS ETF 1C,XAIX,2022-03-10,75.87000274658203,,EUR
Xtrackers Artificial Intelligence & Big Data UCITS ETF 1C,XAIX,2022-03-11,76.2699966430664,,EUR
Xtrackers Artificial Intelligence & Big Data UCITS ETF 1C,XAIX,2022-03-14,74.0999984741211,,EUR
Xtrackers Artificial Intelligence & Big Data UCITS ETF 1C,XAIX,2022-03-15,74.76000213623047,,EUR
Xtrackers Artificial Intelligence & Big Data UCITS ETF 1C,XAIX,2022-03-16,76.93000030517578,,EUR
Xtrackers Artificial Intelligence & Big Data UCITS ETF 1C,XAIX,2022-03-17,77.41999816894531,,EUR
Xtrackers Artificial Intelligence & Big Data UCITS ETF 1C,XAIX,2022-03-18,79.37000274658203,,EUR
Xtrackers Artificial Intelligence & Big Data UCITS ETF 1C,XAIX,2022-03-21,79.73999786376953,,EUR
Xtrackers Artificial Intelligence & Big Data UCITS ETF 1C,XAIX,2022-03-22,80.51000213623047,,EUR
Xtrackers Artificial Intelligence & Big Data UCITS ETF 1C,XAIX,2022-03-23,80.77999877929688,,EUR
Xtrackers Artificial Intelligence & Big Data UCITS ETF 1C,XAIX,2022-03-24,80.58000183105469,,EUR
Xtrackers Artificial Intelligence & Big Data UCITS ETF 1C,XAIX,2022-03-25,80.56999969482422,,EUR
Xtrackers Artificial Intelligence & Big Data UCITS ETF 1C,XAIX,2022-03-28,81.4800033569336,,EUR
Xtrackers Artificial Intelligence & Big Data UCITS ETF 1C,XAIX,2022-03-29,82.08000183105469,,EUR
Xtrackers Artificial Intelligence & Big Data UCITS ETF 1C,XAIX,2022-03-30,81.75,,EUR
Xtrackers Artificial Intelligence & Big Data UCITS ETF 1C,XAIX,2022-03-31,81.20999908447266,,EUR
Xtrackers Artificial Intelligence & Big Data UCITS ETF 1C,XAIX,2022-04-01,80.94999694824219,,EUR
Xtrackers Artificial Intelligence & Big Data UCITS ETF 1C,XAIX,2022-04-04,82.47000122070312,,EUR
Xtrackers Artificial Intelligence & Big Data UCITS ETF 1C,XAIX,2022-04-05,82.16000366210938,,EUR
Xtrackers Artificial Intelligence & Big Data UCITS ETF 1C,XAIX,2022-04-06,79.98999786376953,,EUR
Xtrackers Artificial Intelligence & Big Data UCITS ETF 1C,XAIX,2022-04-07,79.45999908447266,,EUR
Xtrackers Artificial Intelligence & Big Data UCITS ETF 1C,XAIX,2022-04-08,79.8499984741211,,EUR
Xtrackers Artificial Intelligence & Big Data UCITS ETF 1C,XAIX,2022-04-11,78.66000366210938,,EUR
Xtrackers Artificial Intelligence & Big Data UCITS ETF 1C,XAIX,2022-04-12,79.55000305175781,,EUR
Xtrackers Artificial Intelligence & Big Data UCITS ETF 1C,XAIX,2022-04-13,79.8499984741211,,EUR
Xtrackers Artificial Intelligence & Big Data UCITS ETF 1C,XAIX,2022-04-14,79.83999633789062,,EUR
Xtrackers Artificial Intelligence & Big Data UCITS ETF 1C,XAIX,2022-04-19,79.80999755859375,,EUR
Xtrackers Artificial Intelligence & Big Data UCITS ETF 1C,XAIX,2022-04-20,79.51000213623047,,EUR
Xtrackers Artificial Intelligence & Big Data UCITS ETF 1C,XAIX,2022-04-21,79.18000030517578,,EUR
Xtrackers Artificial Intelligence & Big Data UCITS ETF 1C,XAIX,2022-04-22,77.62000274658203,,EUR
Xtrackers Artificial Intelligence & Big Data UCITS ETF 1C,XAIX,2022-04-25,76.80000305175781,,EUR
Xtrackers Artificial Intelligence & Big Data UCITS ETF 1C,XAIX,2022-04-26,76.5999984741211,,EUR
Xtrackers Artificial Intelligence & Big Data UCITS ETF 1C,XAIX,2022-04-27,76.58000183105469,,EUR
Xtrackers Artificial Intelligence & Big Data UCITS ETF 1C,XAIX,2022-04-28,77.2699966430664,,EUR
Xtrackers Artificial Intelligence & Big Data UCITS ETF 1C,XAIX,2022-04-29,78.0199966430664,,EUR
Xtrackers Artificial Intelligence & Big Data UCITS ETF 1C,XAIX,2022-05-02,76.91000366210938,,EUR
Xtrackers Artificial Intelligence & Big Data UCITS ETF 1C,XAIX,2022-05-03,77.91000366210938,,EUR
Xtrackers Artificial Intelligence & Big Data UCITS ETF 1C,XAIX,2022-05-04,77.91000366210938,,EUR
Xtrackers Artificial Intelligence & Big Data UCITS ETF 1C,XAIX,2022-05-05,76.58000183105469,,EUR
Xtrackers Artificial Intelligence & Big Data UCITS ETF 1C,XAIX,2022-05-06,75.26000213623047,,EUR
Xtrackers Artificial Intelligence & Big Data UCITS ETF 1C,XAIX,2022-05-09,71.9000015258789,,EUR
Xtrackers Artificial Intelligence & Big Data UCITS ETF 1C,XAIX,2022-05-10,71.44999694824219,,EUR
Xtrackers Artificial Intelligence & Big Data UCITS ETF 1C,XAIX,2022-05-11,72.16999816894531,,EUR
Xtrackers Artificial Intelligence & Big Data UCITS ETF 1C,XAIX,2022-05-12,71.93000030517578,,EUR
Xtrackers Artificial Intelligence & Big Data UCITS ETF 1C,XAIX,2022-05-13,73.69000244140625,,EUR
Xtrackers Artificial Intelligence & Big Data UCITS ETF 1C,XAIX,2022-05-16,73.0999984741211,,EUR
Xtrackers Artificial Intelligence & Big Data UCITS ETF 1C,XAIX,2022-05-17,73.41999816894531,,EUR
Xtrackers Artificial Intelligence & Big Data UCITS ETF 1C,XAIX,2022-05-18,72.41999816894531,,EUR
Xtrackers Artificial Intelligence & Big Data UCITS ETF 1C,XAIX,2022-05-19,71.12000274658203,,EUR
Xtrackers Artificial Intelligence & Big Data UCITS ETF 1C,XAIX,2022-05-20,71.04000091552734,,EUR
Xtrackers Artificial Intelligence & Big Data UCITS ETF 1C,XAIX,2022-05-23,71.23999786376953,,EUR
Xtrackers Artificial Intelligence & Big Data UCITS ETF 1C,XAIX,2022-05-24,69.19000244140625,,EUR
Xtrackers Artificial Intelligence & Big Data UCITS ETF 1C,XAIX,2022-05-25,69.19000244140625,,EUR
Xtrackers Artificial Intelligence & Big Data UCITS ETF 1C,XAIX,2022-05-26,69.19000244140625,,EUR
Xtrackers Artificial Intelligence & Big Data UCITS ETF 1C,XAIX,2022-05-27,73.4800033569336,,EUR
Xtrackers Artificial Intelligence & Big Data UCITS ETF 1C,XAIX,2022-05-30,74.22000122070312,,EUR
Xtrackers Artificial Intelligence & Big Data UCITS ETF 1C,XAIX,2022-05-31,73.44999694824219,,EUR
Xtrackers Artificial Intelligence & Big Data UCITS ETF 1C,XAIX,2022-06-01,73.61000061035156,,EUR
Xtrackers Artificial Intelligence & Big Data UCITS ETF 1C,XAIX,2022-06-02,74.16999816894531,,EUR
Xtrackers Artificial Intelligence & Big Data UCITS ETF 1C,XAIX,2022-06-03,73.63999938964844,,EUR
Xtrackers Artificial Intelligence & Big Data UCITS ETF 1C,XAIX,2022-06-06,74.16000366210938,,EUR
Xtrackers Artificial Intelligence & Big Data UCITS ETF 1C,XAIX,2022-06-07,73.79000091552734,,EUR
Xtrackers Artificial Intelligence & Big Data UCITS ETF 1C,XAIX,2022-06-08,73.94000244140625,,EUR
Xtrackers Artificial Intelligence & Big Data UCITS ETF 1C,XAIX,2022-06-09,73.30000305175781,,EUR
Xtrackers Artificial Intelligence & Big Data UCITS ETF 1C,XAIX,2022-06-10,71.06999969482422,,EUR
Xtrackers Artificial Intelligence & Big Data UCITS ETF 1C,XAIX,2022-06-13,68.68000030517578,,EUR
Xtrackers Artificial Intelligence & Big Data UCITS ETF 1C,XAIX,2022-06-14,68.7300033569336,,EUR
Xtrackers Artificial Intelligence & Big Data UCITS ETF 1C,XAIX,2022-06-15,69.52999877929688,,EUR
Xtrackers Artificial Intelligence & Big Data UCITS ETF 1C,XAIX,2022-06-16,66.93000030517578,,EUR
Xtrackers Artificial Intelligence & Big Data UCITS ETF 1C,XAIX,2022-06-17,67.58999633789062,,EUR
Xtrackers Artificial Intelligence & Big Data UCITS ETF 1C,XAIX,2022-06-20,67.83999633789062,,EUR
Xtrackers Artificial Intelligence & Big Data UCITS ETF 1C,XAIX,2022-06-21,68.7300033569336,,EUR
Xtrackers Artificial Intelligence & Big Data UCITS ETF 1C,XAIX,2022-06-22,68.37999725341797,,EUR
Xtrackers Artificial Intelligence & Big Data UCITS ETF 1C,XAIX,2022-06-23,68.37999725341797,,EUR
Xtrackers Artificial Intelligence & Big Data UCITS ETF 1C,XAIX,2022-06-24,70.69000244140625,,EUR
Xtrackers Artificial Intelligence & Big Data UCITS ETF 1C,XAIX,2022-06-27,71.22000122070312,,EUR
Xtrackers Artificial Intelligence & Big Data UCITS ETF 1C,XAIX,2022-06-28,70.58000183105469,,EUR
Xtrackers Artificial Intelligence & Big Data UCITS ETF 1C,XAIX,2022-06-29,70.58000183105469,,EUR
Xtrackers Artificial Intelligence & Big Data UCITS ETF 1C,XAIX,2022-06-30,68.41999816894531,,EUR
Xtrackers Artificial Intelligence & Big Data UCITS ETF 1C,XAIX,2022-07-01,68.26000213623047,,EUR
Xtrackers Artificial Intelligence & Big Data UCITS ETF 1C,XAIX,2022-07-04,68.48999786376953,,EUR
Xtrackers Artificial Intelligence & Big Data UCITS ETF 1C,XAIX,2022-07-05,69.27999877929688,,EUR
Xtrackers Artificial Intelligence & Big Data UCITS ETF 1C,XAIX,2022-07-06,70.70999908447266,,EUR
Xtrackers Artificial Intelligence & Big Data UCITS ETF 1C,XAIX,2022-07-07,72.5199966430664,,EUR
Xtrackers Artificial Intelligence & Big Data UCITS ETF 1C,XAIX,2022-07-08,73.0199966430664,,EUR
Xtrackers Artificial Intelligence & Big Data UCITS ETF 1C,XAIX,2022-07-11,72.16000366210938,,EUR
Xtrackers Artificial Intelligence & Big Data UCITS ETF 1C,XAIX,2022-07-12,71.73999786376953,,EUR
Xtrackers Artificial Intelligence & Big Data UCITS ETF 1C,XAIX,2022-07-13,70.62999725341797,,EUR
Xtrackers Artificial Intelligence & Big Data UCITS ETF 1C,XAIX,2022-07-14,70.0,,EUR
Xtrackers Artificial Intelligence & Big Data UCITS ETF 1C,XAIX,2022-07-15,70.70999908447266,,EUR
Xtrackers Artificial Intelligence & Big Data UCITS ETF 1C,XAIX,2022-07-18,71.62000274658203,,EUR
Xtrackers Artificial Intelligence & Big Data UCITS ETF 1C,XAIX,2022-07-19,71.30999755859375,,EUR
Xtrackers Artificial Intelligence & Big Data UCITS ETF 1C,XAIX,2022-07-20,73.22000122070312,,EUR
Xtrackers Artificial Intelligence & Big Data UCITS ETF 1C,XAIX,2022-07-21,73.22000122070312,,EUR
Xtrackers Artificial Intelligence & Big Data UCITS ETF 1C,XAIX,2022-07-22,72.56999969482422,,EUR
Xtrackers Artificial Intelligence & Big Data UCITS ETF 1C,XAIX,2022-07-25,71.66000366210938,,EUR
Xtrackers Artificial Intelligence & Big Data UCITS ETF 1C,XAIX,2022-07-26,71.27999877929688,,EUR
Xtrackers Artificial Intelligence & Big Data UCITS ETF 1C,XAIX,2022-07-27,72.4800033569336,,EUR
Xtrackers Artificial Intelligence & Big Data UCITS ETF 1C,XAIX,2022-07-28,72.4800033569336,,EUR
Xtrackers Artificial Intelligence & Big Data UCITS ETF 1C,XAIX,2022-07-29,73.43000030517578,,EUR
Xtrackers Artificial Intelligence & Big Data UCITS ETF 1C,XAIX,2022-08-01,74.33000183105469,,EUR
Xtrackers Artificial Intelligence & Big Data UCITS ETF 1C,XAIX,2022-08-02,74.2300033569336,,EUR
Xtrackers Artificial Intelligence & Big Data UCITS ETF 1C,XAIX,2022-08-03,75.87000274658203,,EUR
Xtrackers Artificial Intelligence & Big Data UCITS ETF 1C,XAIX,2022-08-04,75.87000274658203,,EUR
Xtrackers Artificial Intelligence & Big Data UCITS ETF 1C,XAIX,2022-08-05,75.58000183105469,,EUR
Xtrackers Artificial Intelligence & Big Data UCITS ETF 1C,XAIX,2022-08-08,75.58000183105469,,EUR
Xtrackers Artificial Intelligence & Big Data UCITS ETF 1C,XAIX,2022-08-09,74.36000061035156,,EUR
Xtrackers Artificial Intelligence & Big Data UCITS ETF 1C,XAIX,2022-08-10,75.44999694824219,,EUR
Xtrackers Artificial Intelligence & Big Data UCITS ETF 1C,XAIX,2022-08-11,75.98999786376953,,EUR
Xtrackers Artificial Intelligence & Big Data UCITS ETF 1C,XAIX,2022-08-12,76.76000213623047,,EUR
Xtrackers Artificial Intelligence & Big Data UCITS ETF 1C,XAIX,2022-08-16,77.94000244140625,,EUR
Xtrackers Artificial Intelligence & Big Data UCITS ETF 1C,XAIX,2022-08-17,77.01000213623047,,EUR
Xtrackers Artificial Intelligence & Big Data UCITS ETF 1C,XAIX,2022-08-18,77.83999633789062,,EUR
Xtrackers Artificial Intelligence & Big Data UCITS ETF 1C,XAIX,2022-08-19,76.77999877929688,,EUR
Xtrackers Artificial Intelligence & Big Data UCITS ETF 1C,XAIX,2022-08-22,75.77999877929688,,EUR
Xtrackers Artificial Intelligence & Big Data UCITS ETF 1C,XAIX,2022-08-23,75.33000183105469,,EUR
Xtrackers Artificial Intelligence & Big Data UCITS ETF 1C,XAIX,2022-08-24,75.33000183105469,,EUR
Xtrackers Artificial Intelligence & Big Data UCITS ETF 1C,XAIX,2022-08-25,76.16000366210938,,EUR
Xtrackers Artificial Intelligence & Big Data UCITS ETF 1C,XAIX,2022-08-26,74.55000305175781,,EUR
Xtrackers Artificial Intelligence & Big Data UCITS ETF 1C,XAIX,2022-08-29,72.72000122070312,,EUR
Xtrackers Artificial Intelligence & Big Data UCITS ETF 1C,XAIX,2022-08-30,71.69999694824219,,EUR
Xtrackers Artificial Intelligence & Big Data UCITS ETF 1C,XAIX,2022-08-31,71.5199966430664,,EUR
Xtrackers Artificial Intelligence & Big Data UCITS ETF 1C,XAIX,2022-09-01,70.33999633789062,,EUR
Xtrackers Artificial Intelligence & Big Data UCITS ETF 1C,XAIX,2022-09-02,71.80000305175781,,EUR
Xtrackers Artificial Intelligence & Big Data UCITS ETF 1C,XAIX,2022-09-05,71.04000091552734,,EUR
Xtrackers Artificial Intelligence & Big Data UCITS ETF 1C,XAIX,2022-09-06,70.45999908447266,,EUR
Xtrackers Artificial Intelligence & Big Data UCITS ETF 1C,XAIX,2022-09-07,70.3499984741211,,EUR
Xtrackers Artificial Intelligence & Big Data UCITS ETF 1C,XAIX,2022-09-08,70.3499984741211,,EUR
Xtrackers Artificial Intelligence & Big Data UCITS ETF 1C,XAIX,2022-09-09,72.01000213623047,,EUR
Xtrackers Artificial Intelligence & Big Data UCITS ETF 1C,XAIX,2022-09-12,72.3499984741211,,EUR
Xtrackers Artificial Intelligence & Big Data UCITS ETF 1C,XAIX,2022-09-13,72.3499984741211,,EUR
Xtrackers Artificial Intelligence & Big Data UCITS ETF 1C,XAIX,2022-09-14,72.3499984741211,,EUR
Xtrackers Artificial Intelligence & Big Data UCITS ETF 1C,XAIX,2022-09-15,72.3499984741211,,EUR
Xtrackers Artificial Intelligence & Big Data UCITS ETF 1C,XAIX,2022-09-16,72.3499984741211,,EUR
Xtrackers Artificial Intelligence & Big Data UCITS ETF 1C,XAIX,2022-09-19,72.3499984741211,,EUR
Xtrackers Artificial Intelligence & Big Data UCITS ETF 1C,XAIX,2022-09-20,72.3499984741211,,EUR
Xtrackers Artificial Intelligence & Big Data UCITS ETF 1C,XAIX,2022-09-21,68.2699966430664,,EUR
Xtrackers Artificial Intelligence & Big Data UCITS ETF 1C,XAIX,2022-09-22,66.33999633789062,,EUR
Xtrackers Artificial Intelligence & Big Data UCITS ETF 1C,XAIX,2022-09-23,65.87000274658203,,EUR
Xtrackers Artificial Intelligence & Big Data UCITS ETF 1C,XAIX,2022-09-26,66.29000091552734,,EUR
Xtrackers Artificial Intelligence & Big Data UCITS ETF 1C,XAIX,2022-09-27,66.41000366210938,,EUR
Xtrackers Artificial Intelligence & Big Data UCITS ETF 1C,XAIX,2022-09-28,66.41000366210938,,EUR
Xtrackers Artificial Intelligence & Big Data UCITS ETF 1C,XAIX,2022-09-29,64.37999725341797,,EUR
Xtrackers Artificial Intelligence & Big Data UCITS ETF 1C,XAIX,2022-09-30,65.06999969482422,,EUR
Xtrackers Artificial Intelligence & Big Data UCITS ETF 1C,XAIX,2022-10-03,64.5999984741211,,EUR
Xtrackers Artificial Intelligence & Big Data UCITS ETF 1C,XAIX,2022-10-04,66.30999755859375,,EUR
Xtrackers Artificial Intelligence & Big Data UCITS ETF 1C,XAIX,2022-10-05,66.08999633789062,,EUR
Xtrackers Artificial Intelligence & Big Data UCITS ETF 1C,XAIX,2022-10-06,67.5199966430664,,EUR
Xtrackers Artificial Intelligence & Big Data UCITS ETF 1C,XAIX,2022-10-07,65.04000091552734,,EUR
Xtrackers Artificial Intelligence & Big Data UCITS ETF 1C,XAIX,2022-10-10,64.06999969482422,,EUR
Xtrackers Artificial Intelligence & Big Data UCITS ETF 1C,XAIX,2022-10-11,63.02000045776367,,EUR
Xtrackers Artificial Intelligence & Big Data UCITS ETF 1C,XAIX,2022-10-12,63.130001068115234,,EUR
Xtrackers Artificial Intelligence & Big Data UCITS ETF 1C,XAIX,2022-10-13,63.029998779296875,,EUR
Xtrackers Artificial Intelligence & Big Data UCITS ETF 1C,XAIX,2022-10-14,63.400001525878906,,EUR
Xtrackers Artificial Intelligence & Big Data UCITS ETF 1C,XAIX,2022-10-17,64.1500015258789,,EUR
Xtrackers Artificial Intelligence & Big Data UCITS ETF 1C,XAIX,2022-10-18,64.30999755859375,,EUR
Xtrackers Artificial Intelligence & Big Data UCITS ETF 1C,XAIX,2022-10-19,64.83999633789062,,EUR
Xtrackers Artificial Intelligence & Big Data UCITS ETF 1C,XAIX,2022-10-20,65.44000244140625,,EUR
Xtrackers Artificial Intelligence & Big Data UCITS ETF 1C,XAIX,2022-10-21,64.7300033569336,,EUR
Xtrackers Artificial Intelligence & Big Data UCITS ETF 1C,XAIX,2022-10-24,65.16999816894531,,EUR
Xtrackers Artificial Intelligence & Big Data UCITS ETF 1C,XAIX,2022-10-25,66.3499984741211,,EUR
Xtrackers Artificial Intelligence & Big Data UCITS ETF 1C,XAIX,2022-10-26,66.33999633789062,,EUR
Xtrackers Artificial Intelligence & Big Data UCITS ETF 1C,XAIX,2022-10-27,64.91999816894531,,EUR
Xtrackers Artificial Intelligence & Big Data UCITS ETF 1C,XAIX,2022-10-28,65.38999938964844,,EUR
Xtrackers Artificial Intelligence & Big Data UCITS ETF 1C,XAIX,2022-10-31,65.8499984741211,,EUR
Xtrackers Artificial Intelligence & Big Data UCITS ETF 1C,XAIX,2022-11-01,65.62999725341797,,EUR
Xtrackers Artificial Intelligence & Big Data UCITS ETF 1C,XAIX,2022-11-02,64.97000122070312,,EUR
Xtrackers Artificial Intelligence & Big Data UCITS ETF 1C,XAIX,2022-11-03,63.72999954223633,,EUR
Xtrackers Artificial Intelligence & Big Data UCITS ETF 1C,XAIX,2022-11-04,62.779998779296875,,EUR
Xtrackers Artificial Intelligence & Big Data UCITS ETF 1C,XAIX,2022-11-07,63.40999984741211,,EUR
Xtrackers Artificial Intelligence & Big Data UCITS ETF 1C,XAIX,2022-11-08,64.55999755859375,,EUR
Xtrackers Artificial Intelligence & Big Data UCITS ETF 1C,XAIX,2022-11-09,63.4900016784668,,EUR
Xtrackers Artificial Intelligence & Big Data UCITS ETF 1C,XAIX,2022-11-10,65.95999908447266,,EUR
Xtrackers Artificial Intelligence & Big Data UCITS ETF 1C,XAIX,2022-11-11,66.37000274658203,,EUR
Xtrackers Artificial Intelligence & Big Data UCITS ETF 1C,XAIX,2022-11-14,66.69000244140625,,EUR
Xtrackers Artificial Intelligence & Big Data UCITS ETF 1C,XAIX,2022-11-15,67.95999908447266,,EUR
Xtrackers Artificial Intelligence & Big Data UCITS ETF 1C,XAIX,2022-11-16,66.51000213623047,,EUR
Xtrackers Artificial Intelligence & Big Data UCITS ETF 1C,XAIX,2022-11-17,66.08999633789062,,EUR
Xtrackers Artificial Intelligence & Big Data UCITS ETF 1C,XAIX,2022-11-18,66.12000274658203,,EUR
Xtrackers Artificial Intelligence & Big Data UCITS ETF 1C,XAIX,2022-11-21,66.22000122070312,,EUR
Xtrackers Artificial Intelligence & Big Data UCITS ETF 1C,XAIX,2022-11-22,66.4000015258789,,EUR
Xtrackers Artificial Intelligence & Big Data UCITS ETF 1C,XAIX,2022-11-23,66.9800033569336,,EUR
Xtrackers Artificial Intelligence & Big Data UCITS ETF 1C,XAIX,2022-11-24,67.05999755859375,,EUR
Xtrackers Artificial Intelligence & Big Data UCITS ETF 1C,XAIX,2022-11-25,66.5199966430664,,EUR
Xtrackers Artificial Intelligence & Big Data UCITS ETF 1C,XAIX,2022-11-28,65.97000122070312,,EUR
Xtrackers Artificial Intelligence & Big Data UCITS ETF 1C,XAIX,2022-11-29,65.97000122070312,,EUR
Xtrackers Artificial Intelligence & Big Data UCITS ETF 1C,XAIX,2022-11-30,66.05999755859375,,EUR
Xtrackers Artificial Intelligence & Big Data UCITS ETF 1C,XAIX,2022-12-01,67.33999633789062,,EUR
Xtrackers Artificial Intelligence & Big Data UCITS ETF 1C,XAIX,2022-12-02,66.6500015258789,,EUR
Xtrackers Artificial Intelligence & Big Data UCITS ETF 1C,XAIX,2022-12-05,65.98999786376953,,EUR
Xtrackers Artificial Intelligence & Big Data UCITS ETF 1C,XAIX,2022-12-06,64.41000366210938,,EUR
Xtrackers Artificial Intelligence & Big Data UCITS ETF 1C,XAIX,2022-12-07,63.75,,EUR
Xtrackers Artificial Intelligence & Big Data UCITS ETF 1C,XAIX,2022-12-08,64.37000274658203,,EUR
Xtrackers Artificial Intelligence & Big Data UCITS ETF 1C,XAIX,2022-12-09,65.0199966430664,,EUR
Xtrackers Artificial Intelligence & Big Data UCITS ETF 1C,XAIX,2022-12-12,64.56999969482422,,EUR
Xtrackers Artificial Intelligence & Big Data UCITS ETF 1C,XAIX,2022-12-13,66.1500015258789,,EUR
Xtrackers Artificial Intelligence & Big Data UCITS ETF 1C,XAIX,2022-12-14,65.91999816894531,,EUR
Xtrackers Artificial Intelligence & Big Data UCITS ETF 1C,XAIX,2022-12-15,62.97999954223633,,EUR
Xtrackers Artificial Intelligence & Big Data UCITS ETF 1C,XAIX,2022-12-16,62.45000076293945,,EUR
Xtrackers Artificial Intelligence & Big Data UCITS ETF 1C,XAIX,2022-12-19,61.939998626708984,,EUR
Xtrackers Artificial Intelligence & Big Data UCITS ETF 1C,XAIX,2022-12-20,61.540000915527344,,EUR
Xtrackers Artificial Intelligence & Big Data UCITS ETF 1C,XAIX,2022-12-21,62.880001068115234,,EUR
Xtrackers Artificial Intelligence & Big Data UCITS ETF 1C,XAIX,2022-12-22,61.400001525878906,,EUR
Xtrackers Artificial Intelligence & Big Data UCITS ETF 1C,XAIX,2022-12-23,61.41999816894531,,EUR
Xtrackers Artificial Intelligence & Big Data UCITS ETF 1C,XAIX,2022-12-27,61.52000045776367,,EUR
Xtrackers Artificial Intelligence & Big Data UCITS ETF 1C,XAIX,2022-12-28,60.93000030517578,,EUR
Xtrackers Artificial Intelligence & Big Data UCITS ETF 1C,XAIX,2022-12-29,61.880001068115234,,EUR
Xtrackers Artificial Intelligence & Big Data UCITS ETF 1C,XAIX,2022-12-30,61.150001525878906,,EUR
Xtrackers Artificial Intelligence & Big Data UCITS ETF 1C,XAIX,2023-01-02,63.04999923706055,,EUR
Xtrackers Artificial Intelligence & Big Data UCITS ETF 1C,XAIX,2023-01-03,62.61000061035156,,EUR
Xtrackers Artificial Intelligence & Big Data UCITS ETF 1C,XAIX,2023-01-04,63.790000915527344,,EUR
Xtrackers Artificial Intelligence & Big Data UCITS ETF 1C,XAIX,2023-01-05,63.04999923706055,,EUR
Xtrackers Artificial Intelligence & Big Data UCITS ETF 1C,XAIX,2023-01-06,63.58000183105469,,EUR
Xtrackers Artificial Intelligence & Big Data UCITS ETF 1C,XAIX,2023-01-09,65.0999984741211,,EUR
Xtrackers Artificial Intelligence & Big Data UCITS ETF 1C,XAIX,2023-01-10,64.12999725341797,,EUR
Xtrackers Artificial Intelligence & Big Data UCITS ETF 1C,XAIX,2023-01-11,64.9800033569336,,EUR
Xtrackers Artificial Intelligence & Big Data UCITS ETF 1C,XAIX,2023-01-12,65.05000305175781,,EUR
Xtrackers Artificial Intelligence & Big Data UCITS ETF 1C,XAIX,2023-01-13,65.19000244140625,,EUR
Xtrackers Artificial Intelligence & Big Data UCITS ETF 1C,XAIX,2023-01-16,65.69000244140625,,EUR
Xtrackers Artificial Intelligence & Big Data UCITS ETF 1C,XAIX,2023-01-17,65.58000183105469,,EUR
Xtrackers Artificial Intelligence & Big Data UCITS ETF 1C,XAIX,2023-01-18,65.25,,EUR
Xtrackers Artificial Intelligence & Big Data UCITS ETF 1C,XAIX,2023-01-19,64.37000274658203,,EUR
Xtrackers Artificial Intelligence & Big Data UCITS ETF 1C,XAIX,2023-01-20,65.23999786376953,,EUR
Xtrackers Artificial Intelligence & Big Data UCITS ETF 1C,XAIX,2023-01-23,67.11000061035156,,EUR
Xtrackers Artificial Intelligence & Big Data UCITS ETF 1C,XAIX,2023-01-24,67.0999984741211,,EUR
Xtrackers Artificial Intelligence & Big Data UCITS ETF 1C,XAIX,2023-01-25,66.0199966430664,,EUR
Xtrackers Artificial Intelligence & Big Data UCITS ETF 1C,XAIX,2023-01-26,67.12000274658203,,EUR
Xtrackers Artificial Intelligence & Big Data UCITS ETF 1C,XAIX,2023-01-27,68.29000091552734,,EUR
Xtrackers Artificial Intelligence & Big Data UCITS ETF 1C,XAIX,2023-01-30,67.8499984741211,,EUR
Xtrackers Artificial Intelligence & Big Data UCITS ETF 1C,XAIX,2023-01-31,67.83999633789062,,EUR
Xtrackers Artificial Intelligence & Big Data UCITS ETF 1C,XAIX,2023-02-01,68.25,,EUR
Xtrackers Artificial Intelligence & Big Data UCITS ETF 1C,XAIX,2023-02-02,72.20999908447266,,EUR
Xtrackers Artificial Intelligence & Big Data UCITS ETF 1C,XAIX,2023-02-03,72.51000213623047,,EUR
Xtrackers Artificial Intelligence & Big Data UCITS ETF 1C,XAIX,2023-02-06,71.5999984741211,,EUR
Xtrackers Artificial Intelligence & Big Data UCITS ETF 1C,XAIX,2023-02-07,71.58999633789062,,EUR
Xtrackers Artificial Intelligence & Big Data UCITS ETF 1C,XAIX,2023-02-08,71.62000274658203,,EUR
Xtrackers Artificial Intelligence & Big Data UCITS ETF 1C,XAIX,2023-02-09,71.68000030517578,,EUR
Xtrackers Artificial Intelligence & Big Data UCITS ETF 1C,XAIX,2023-02-10,70.66000366210938,,EUR
Xtrackers Artificial Intelligence & Big Data UCITS ETF 1C,XAIX,2023-02-13,71.33999633789062,,EUR
Xtrackers Artificial Intelligence & Big Data UCITS ETF 1C,XAIX,2023-02-14,71.30000305175781,,EUR
Xtrackers Artificial Intelligence & Big Data UCITS ETF 1C,XAIX,2023-02-15,72.06999969482422,,EUR
Xtrackers Artificial Intelligence & Big Data UCITS ETF 1C,XAIX,2023-02-16,72.08999633789062,,EUR
Xtrackers Artificial Intelligence & Big Data UCITS ETF 1C,XAIX,2023-02-17,70.30999755859375,,EUR
Xtrackers Artificial Intelligence & Big Data UCITS ETF 1C,XAIX,2023-02-20,70.55000305175781,,EUR
Xtrackers Artificial Intelligence & Big Data UCITS ETF 1C,XAIX,2023-02-21,69.38999938964844,,EUR
Xtrackers Artificial Intelligence & Big Data UCITS ETF 1C,XAIX,2023-02-22,69.4800033569336,,EUR
Xtrackers Artificial Intelligence & Big Data UCITS ETF 1C,XAIX,2023-02-23,69.94999694824219,,EUR
Xtrackers Artificial Intelligence & Big Data UCITS ETF 1C,XAIX,2023-02-24,69.47000122070312,,EUR
Xtrackers Artificial Intelligence & Big Data UCITS ETF 1C,XAIX,2023-02-27,69.68000030517578,,EUR
Xtrackers Artificial Intelligence & Big Data UCITS ETF 1C,XAIX,2023-02-28,69.58000183105469,,EUR
Xtrackers Artificial Intelligence & Big Data UCITS ETF 1C,XAIX,2023-03-01,68.62000274658203,,EUR
Xtrackers Artificial Intelligence & Big Data UCITS ETF 1C,XAIX,2023-03-02,69.16000366210938,,EUR
Xtrackers Artificial Intelligence & Big Data UCITS ETF 1C,XAIX,2023-03-03,70.9000015258789,,EUR
Xtrackers Artificial Intelligence & Big Data UCITS ETF 1C,XAIX,2023-03-06,71.72000122070312,,EUR
Xtrackers Artificial Intelligence & Big Data UCITS ETF 1C,XAIX,2023-03-07,71.12999725341797,,EUR
Xtrackers Artificial Intelligence & Big Data UCITS ETF 1C,XAIX,2023-03-08,71.22000122070312,,EUR
Xtrackers Artificial Intelligence & Big Data UCITS ETF 1C,XAIX,2023-03-09,71.43000030517578,,EUR
Xtrackers Artificial Intelligence & Big Data UCITS ETF 1C,XAIX,2023-03-10,69.43000030517578,,EUR
Xtrackers Artificial Intelligence & Big Data UCITS ETF 1C,XAIX,2023-03-13,68.16999816894531,,EUR
Xtrackers Artificial Intelligence & Big Data UCITS ETF 1C,XAIX,2023-03-14,69.56999969482422,,EUR
Xtrackers Artificial Intelligence & Big Data UCITS ETF 1C,XAIX,2023-03-15,69.80999755859375,,EUR
Xtrackers Artificial Intelligence & Big Data UCITS ETF 1C,XAIX,2023-03-16,71.9000015258789,,EUR
Xtrackers Artificial Intelligence & Big Data UCITS ETF 1C,XAIX,2023-03-17,71.68000030517578,,EUR
Xtrackers Artificial Intelligence & Big Data UCITS ETF 1C,XAIX,2023-03-20,71.2300033569336,,EUR
Xtrackers Artificial Intelligence & Big Data UCITS ETF 1C,XAIX,2023-03-21,71.68000030517578,,EUR
Xtrackers Artificial Intelligence & Big Data UCITS ETF 1C,XAIX,2023-03-22,72.2300033569336,,EUR
Xtrackers Artificial Intelligence & Big Data UCITS ETF 1C,XAIX,2023-03-23,72.3499984741211,,EUR
Xtrackers Artificial Intelligence & Big Data UCITS ETF 1C,XAIX,2023-03-24,71.98999786376953,,EUR
Xtrackers Artificial Intelligence & Big Data UCITS ETF 1C,XAIX,2023-03-27,72.33999633789062,,EUR
Xtrackers Artificial Intelligence & Big Data UCITS ETF 1C,XAIX,2023-03-28,71.56999969482422,,EUR
Xtrackers Artificial Intelligence & Big Data UCITS ETF 1C,XAIX,2023-03-29,72.4800033569336,,EUR
Xtrackers Artificial Intelligence & Big Data UCITS ETF 1C,XAIX,2023-03-30,73.16000366210938,,EUR
Xtrackers Artificial Intelligence & Big Data UCITS ETF 1C,XAIX,2023-03-31,74.0,,EUR
Xtrackers Artificial Intelligence & Big Data UCITS ETF 1C,XAIX,2023-04-03,73.87000274658203,,EUR
Xtrackers Artificial Intelligence & Big Data UCITS ETF 1C,XAIX,2023-04-04,73.73999786376953,,EUR
Xtrackers Artificial Intelligence & Big Data UCITS ETF 1C,XAIX,2023-04-05,72.95999908447266,,EUR
Xtrackers Artificial Intelligence & Big Data UCITS ETF 1C,XAIX,2023-04-06,72.98999786376953,,EUR
Xtrackers Artificial Intelligence & Big Data UCITS ETF 1C,XAIX,2023-04-11,73.27999877929688,,EUR
Xtrackers Artificial Intelligence & Big Data UCITS ETF 1C,XAIX,2023-04-12,72.7300033569336,,EUR
Xtrackers Artificial Intelligence & Big Data UCITS ETF 1C,XAIX,2023-04-13,72.72000122070312,,EUR
Xtrackers Artificial Intelligence & Big Data UCITS ETF 1C,XAIX,2023-04-14,73.2300033569336,,EUR
Xtrackers Artificial Intelligence & Big Data UCITS ETF 1C,XAIX,2023-04-17,73.76000213623047,,EUR
Xtrackers Artificial Intelligence & Big Data UCITS ETF 1C,XAIX,2023-04-18,73.72000122070312,,EUR
Xtrackers Artificial Intelligence & Big Data UCITS ETF 1C,XAIX,2023-04-19,73.29000091552734,,EUR
Xtrackers Artificial Intelligence & Big Data UCITS ETF 1C,XAIX,2023-04-20,72.77999877929688,,EUR
Xtrackers Artificial Intelligence & Big Data UCITS ETF 1C,XAIX,2023-04-21,72.45999908447266,,EUR
Xtrackers Artificial Intelligence & Big Data UCITS ETF 1C,XAIX,2023-04-24,71.69000244140625,,EUR
Xtrackers Artificial Intelligence & Big Data UCITS ETF 1C,XAIX,2023-04-25,71.29000091552734,,EUR
Xtrackers Artificial Intelligence & Big Data UCITS ETF 1C,XAIX,2023-04-26,71.16999816894531,,EUR
Xtrackers Artificial Intelligence & Big Data UCITS ETF 1C,XAIX,2023-04-27,72.23999786376953,,EUR
Xtrackers Artificial Intelligence & Big Data UCITS ETF 1C,XAIX,2023-04-28,72.5,,EUR
Xtrackers Artificial Intelligence & Big Data UCITS ETF 1C,XAIX,2023-05-02,72.51000213623047,,EUR
Xtrackers Artificial Intelligence & Big Data UCITS ETF 1C,XAIX,2023-05-03,72.18000030517578,,EUR
Xtrackers Artificial Intelligence & Big Data UCITS ETF 1C,XAIX,2023-05-04,71.72000122070312,,EUR
Xtrackers Artificial Intelligence & Big Data UCITS ETF 1C,XAIX,2023-05-05,72.56999969482422,,EUR
Xtrackers Artificial Intelligence & Big Data UCITS ETF 1C,XAIX,2023-05-08,72.86000061035156,,EUR
Xtrackers Artificial Intelligence & Big Data UCITS ETF 1C,XAIX,2023-05-09,73.37999725341797,,EUR
Xtrackers Artificial Intelligence & Big Data UCITS ETF 1C,XAIX,2023-05-10,73.9000015258789,,EUR
Xtrackers Artificial Intelligence & Big Data UCITS ETF 1C,XAIX,2023-05-11,74.33000183105469,,EUR
Xtrackers Artificial Intelligence & Big Data UCITS ETF 1C,XAIX,2023-05-12,74.36000061035156,,EUR
Xtrackers Artificial Intelligence & Big Data UCITS ETF 1C,XAIX,2023-05-15,74.83999633789062,,EUR
Xtrackers Artificial Intelligence & Big Data UCITS ETF 1C,XAIX,2023-05-16,75.55999755859375,,EUR
Xtrackers Artificial Intelligence & Big Data UCITS ETF 1C,XAIX,2023-05-17,76.13999938964844,,EUR
Xtrackers Artificial Intelligence & Big Data UCITS ETF 1C,XAIX,2023-05-18,78.36000061035156,,EUR
Xtrackers Artificial Intelligence & Big Data UCITS ETF 1C,XAIX,2023-05-19,78.43000030517578,,EUR
Xtrackers Artificial Intelligence & Big Data UCITS ETF 1C,XAIX,2023-05-22,78.94999694824219,,EUR
Xtrackers Artificial Intelligence & Big Data UCITS ETF 1C,XAIX,2023-05-23,79.06999969482422,,EUR
Xtrackers Artificial Intelligence & Big Data UCITS ETF 1C,XAIX,2023-05-24,77.68000030517578,,EUR
Xtrackers Artificial Intelligence & Big Data UCITS ETF 1C,XAIX,2023-05-25,80.63999938964844,,EUR
Xtrackers Artificial Intelligence & Big Data UCITS ETF 1C,XAIX,2023-05-26,83.0,,EUR
Xtrackers Artificial Intelligence & Big Data UCITS ETF 1C,XAIX,2023-05-29,83.69000244140625,,EUR
Xtrackers Artificial Intelligence & Big Data UCITS ETF 1C,XAIX,2023-05-30,84.41999816894531,,EUR
Xtrackers Artificial Intelligence & Big Data UCITS ETF 1C,XAIX,2023-05-31,83.58999633789062,,EUR
Xtrackers Artificial Intelligence & Big Data UCITS ETF 1C,XAIX,2023-06-01,83.58999633789062,,EUR
Xtrackers Artificial Intelligence & Big Data UCITS ETF 1C,XAIX,2023-06-02,84.66999816894531,,EUR
Xtrackers Artificial Intelligence & Big Data UCITS ETF 1C,XAIX,2023-06-05,84.80999755859375,,EUR
Xtrackers Artificial Intelligence & Big Data UCITS ETF 1C,XAIX,2023-06-06,85.01000213623047,,EUR
Xtrackers Artificial Intelligence & Big Data UCITS ETF 1C,XAIX,2023-06-07,84.27999877929688,,EUR
Xtrackers Artificial Intelligence & Big Data UCITS ETF 1C,XAIX,2023-06-08,83.75,,EUR
Xtrackers Artificial Intelligence & Big Data UCITS ETF 1C,XAIX,2023-06-09,84.4800033569336,,EUR
Xtrackers Artificial Intelligence & Big Data UCITS ETF 1C,XAIX,2023-06-12,85.36000061035156,,EUR
Xtrackers Artificial Intelligence & Big Data UCITS ETF 1C,XAIX,2023-06-13,86.55999755859375,,EUR
Xtrackers Artificial Intelligence & Big Data UCITS ETF 1C,XAIX,2023-06-14,86.81999969482422,,EUR
Xtrackers Artificial Intelligence & Big Data UCITS ETF 1C,XAIX,2023-06-15,86.81999969482422,,EUR
Xtrackers Artificial Intelligence & Big Data UCITS ETF 1C,XAIX,2023-06-16,87.44000244140625,,EUR
Xtrackers Artificial Intelligence & Big Data UCITS ETF 1C,XAIX,2023-06-19,86.55000305175781,,EUR
Xtrackers Artificial Intelligence & Big Data UCITS ETF 1C,XAIX,2023-06-20,86.2300033569336,,EUR
Xtrackers Artificial Intelligence & Big Data UCITS ETF 1C,XAIX,2023-06-21,84.79000091552734,,EUR
Xtrackers Artificial Intelligence & Big Data UCITS ETF 1C,XAIX,2023-06-22,84.72000122070312,,EUR
Xtrackers Artificial Intelligence & Big Data UCITS ETF 1C,XAIX,2023-06-23,84.69999694824219,,EUR
Xtrackers Artificial Intelligence & Big Data UCITS ETF 1C,XAIX,2023-06-26,84.58999633789062,,EUR
Xtrackers Artificial Intelligence & Big Data UCITS ETF 1C,XAIX,2023-06-27,84.33999633789062,,EUR
Xtrackers Artificial Intelligence & Big Data UCITS ETF 1C,XAIX,2023-06-28,85.33000183105469,,EUR
Xtrackers Artificial Intelligence & Big Data UCITS ETF 1C,XAIX,2023-06-29,85.66999816894531,,EUR
Xtrackers Artificial Intelligence & Big Data UCITS ETF 1C,XAIX,2023-06-30,86.45999908447266,,EUR
Xtrackers Artificial Intelligence & Big Data UCITS ETF 1C,XAIX,2023-07-03,86.33999633789062,,EUR
Xtrackers Artificial Intelligence & Big Data UCITS ETF 1C,XAIX,2023-07-04,86.58000183105469,,EUR
Xtrackers Artificial Intelligence & Big Data UCITS ETF 1C,XAIX,2023-07-05,86.8499984741211,,EUR
Xtrackers Artificial Intelligence & Big Data UCITS ETF 1C,XAIX,2023-07-06,85.51000213623047,,EUR
Xtrackers Artificial Intelligence & Big Data UCITS ETF 1C,XAIX,2023-07-07,85.66000366210938,,EUR
Xtrackers Artificial Intelligence & Big Data UCITS ETF 1C,XAIX,2023-07-10,85.22000122070312,,EUR
Xtrackers Artificial Intelligence & Big Data UCITS ETF 1C,XAIX,2023-07-11,85.61000061035156,,EUR
Xtrackers Artificial Intelligence & Big Data UCITS ETF 1C,XAIX,2023-07-12,86.13999938964844,,EUR
Xtrackers Artificial Intelligence & Big Data UCITS ETF 1C,XAIX,2023-07-13,86.66000366210938,,EUR
Xtrackers Artificial Intelligence & Big Data UCITS ETF 1C,XAIX,2023-07-14,87.2699966430664,,EUR
Xtrackers Artificial Intelligence & Big Data UCITS ETF 1C,XAIX,2023-07-17,86.69999694824219,,EUR
Xtrackers Artificial Intelligence & Big Data UCITS ETF 1C,XAIX,2023-07-18,87.0,,EUR
Xtrackers Artificial Intelligence & Big Data UCITS ETF 1C,XAIX,2023-07-19,88.76000213623047,,EUR
Xtrackers Artificial Intelligence & Big Data UCITS ETF 1C,XAIX,2023-07-20,87.63999938964844,,EUR
Xtrackers Artificial Intelligence & Big Data UCITS ETF 1C,XAIX,2023-07-21,87.06999969482422,,EUR
Xtrackers Artificial Intelligence & Big Data UCITS ETF 1C,XAIX,2023-07-24,87.08000183105469,,EUR
Xtrackers Artificial Intelligence & Big Data UCITS ETF 1C,XAIX,2023-07-25,87.55000305175781,,EUR
Xtrackers Artificial Intelligence & Big Data UCITS ETF 1C,XAIX,2023-07-26,87.05999755859375,,EUR
Xtrackers Artificial Intelligence & Big Data UCITS ETF 1C,XAIX,2023-07-27,89.37000274658203,,EUR
Xtrackers Artificial Intelligence & Big Data UCITS ETF 1C,XAIX,2023-07-28,88.93000030517578,,EUR
Xtrackers Artificial Intelligence & Big Data UCITS ETF 1C,XAIX,2023-07-31,89.29000091552734,,EUR
Xtrackers Artificial Intelligence & Big Data UCITS ETF 1C,XAIX,2023-08-01,89.68000030517578,,EUR
Xtrackers Artificial Intelligence & Big Data UCITS ETF 1C,XAIX,2023-08-02,87.9000015258789,,EUR
Xtrackers Artificial Intelligence & Big Data UCITS ETF 1C,XAIX,2023-08-03,87.72000122070312,,EUR
Xtrackers Artificial Intelligence & Big Data UCITS ETF 1C,XAIX,2023-08-04,87.63999938964844,,EUR
Xtrackers Artificial Intelligence & Big Data UCITS ETF 1C,XAIX,2023-08-07,87.08000183105469,,EUR
Xtrackers Artificial Intelligence & Big Data UCITS ETF 1C,XAIX,2023-08-08,86.62000274658203,,EUR
Xtrackers Artificial Intelligence & Big Data UCITS ETF 1C,XAIX,2023-08-09,85.61000061035156,,EUR
Xtrackers Artificial Intelligence & Big Data UCITS ETF 1C,XAIX,2023-08-10,86.23999786376953,,EUR
Xtrackers Artificial Intelligence & Big Data UCITS ETF 1C,XAIX,2023-08-11,85.6500015258789,,EUR
Xtrackers Artificial Intelligence & Big Data UCITS ETF 1C,XAIX,2023-08-14,86.94000244140625,,EUR
Xtrackers Artificial Intelligence & Big Data UCITS ETF 1C,XAIX,2023-08-16,86.23999786376953,,EUR
Xtrackers Artificial Intelligence & Big Data UCITS ETF 1C,XAIX,2023-08-17,85.4000015258789,,EUR
Xtrackers Artificial Intelligence & Big Data UCITS ETF 1C,XAIX,2023-08-18,84.55000305175781,,EUR
Xtrackers Artificial Intelligence & Big Data UCITS ETF 1C,XAIX,2023-08-21,85.29000091552734,,EUR
Xtrackers Artificial Intelligence & Big Data UCITS ETF 1C,XAIX,2023-08-22,86.66999816894531,,EUR
Xtrackers Artificial Intelligence & Big Data UCITS ETF 1C,XAIX,2023-08-23,87.70999908447266,,EUR
Xtrackers Artificial Intelligence & Big Data UCITS ETF 1C,XAIX,2023-08-24,86.70999908447266,,EUR
Xtrackers Artificial Intelligence & Big Data UCITS ETF 1C,XAIX,2023-08-25,86.41999816894531,,EUR
Xtrackers Artificial Intelligence & Big Data UCITS ETF 1C,XAIX,2023-08-28,87.33999633789062,,EUR
Xtrackers Artificial Intelligence & Big Data UCITS ETF 1C,XAIX,2023-08-29,88.7300033569336,,EUR
Xtrackers Artificial Intelligence & Big Data UCITS ETF 1C,XAIX,2023-08-30,88.6500015258789,,EUR
Xtrackers Artificial Intelligence & Big Data UCITS ETF 1C,XAIX,2023-08-31,90.22000122070312,,EUR
Xtrackers Artificial Intelligence & Big Data UCITS ETF 1C,XAIX,2023-09-01,91.30000305175781,,EUR
Xtrackers Artificial Intelligence & Big Data UCITS ETF 1C,XAIX,2023-09-04,91.30999755859375,,EUR
Xtrackers Artificial Intelligence & Big Data UCITS ETF 1C,XAIX,2023-09-05,92.05000305175781,,EUR
Xtrackers Artificial Intelligence & Big Data UCITS ETF 1C,XAIX,2023-09-06,91.48999786376953,,EUR
Xtrackers Artificial Intelligence & Big Data UCITS ETF 1C,XAIX,2023-09-07,91.30000305175781,,EUR
Xtrackers Artificial Intelligence & Big Data UCITS ETF 1C,XAIX,2023-09-08,91.61000061035156,,EUR
Xtrackers Artificial Intelligence & Big Data UCITS ETF 1C,XAIX,2023-09-11,91.5,,EUR
Xtrackers Artificial Intelligence & Big Data UCITS ETF 1C,XAIX,2023-09-12,90.93000030517578,,EUR
Xtrackers Artificial Intelligence & Big Data UCITS ETF 1C,XAIX,2023-09-13,90.9800033569336,,EUR
Xtrackers Artificial Intelligence & Big Data UCITS ETF 1C,XAIX,2023-09-14,92.2300033569336,,EUR
Xtrackers Artificial Intelligence & Big Data UCITS ETF 1C,XAIX,2023-09-15,90.68000030517578,,EUR
Xtrackers Artificial Intelligence & Big Data UCITS ETF 1C,XAIX,2023-09-18,90.41000366210938,,EUR
Xtrackers Artificial Intelligence & Big Data UCITS ETF 1C,XAIX,2023-09-19,89.79000091552734,,EUR
Xtrackers Artificial Intelligence & Big Data UCITS ETF 1C,XAIX,2023-09-20,89.98999786376953,,EUR
Xtrackers Artificial Intelligence & Big Data UCITS ETF 1C,XAIX,2023-09-21,87.77999877929688,,EUR
Xtrackers Artificial Intelligence & Big Data UCITS ETF 1C,XAIX,2023-09-22,88.22000122070312,,EUR
Xtrackers Artificial Intelligence & Big Data UCITS ETF 1C,XAIX,2023-09-25,88.08999633789062,,EUR
Xtrackers Artificial Intelligence & Big Data UCITS ETF 1C,XAIX,2023-09-26,86.94999694824219,,EUR
Xtrackers Artificial Intelligence & Big Data UCITS ETF 1C,XAIX,2023-09-27,87.70999908447266,,EUR
Xtrackers Artificial Intelligence & Big Data UCITS ETF 1C,XAIX,2023-09-28,87.80999755859375,,EUR
Xtrackers Artificial Intelligence & Big Data UCITS ETF 1C,XAIX,2023-09-29,88.69000244140625,,EUR
Xtrackers Artificial Intelligence & Big Data UCITS ETF 1C,XAIX,2023-10-02,89.45999908447266,,EUR
Xtrackers Artificial Intelligence & Big Data UCITS ETF 1C,XAIX,2023-10-03,88.16000366210938,,EUR
Xtrackers Artificial Intelligence & Big Data UCITS ETF 1C,XAIX,2023-10-04,88.16999816894531,,EUR
Xtrackers Artificial Intelligence & Big Data UCITS ETF 1C,XAIX,2023-10-05,87.58999633789062,,EUR
Xtrackers Artificial Intelligence & Big Data UCITS ETF 1C,XAIX,2023-10-06,88.69999694824219,,EUR
Xtrackers Artificial Intelligence & Big Data UCITS ETF 1C,XAIX,2023-10-09,89.48999786376953,,EUR
Xtrackers Artificial Intelligence & Big Data UCITS ETF 1C,XAIX,2023-10-10,90.87999725341797,,EUR
Xtrackers Artificial Intelligence & Big Data UCITS ETF 1C,XAIX,2023-10-11,90.77999877929688,,EUR
Xtrackers Artificial Intelligence & Big Data UCITS ETF 1C,XAIX,2023-10-12,91.93000030517578,,EUR
Xtrackers Artificial Intelligence & Big Data UCITS ETF 1C,XAIX,2023-10-13,90.5,,EUR
Xtrackers Artificial Intelligence & Big Data UCITS ETF 1C,XAIX,2023-10-16,90.97000122070312,,EUR
Xtrackers Artificial Intelligence & Big Data UCITS ETF 1C,XAIX,2023-10-17,90.70999908447266,,EUR
Xtrackers Artificial Intelligence & Big Data UCITS ETF 1C,XAIX,2023-10-18,90.36000061035156,,EUR
Xtrackers Artificial Intelligence & Big Data UCITS ETF 1C,XAIX,2023-10-19,89.98999786376953,,EUR
Xtrackers Artificial Intelligence & Big Data UCITS ETF 1C,XAIX,2023-10-20,87.54000091552734,,EUR
Xtrackers Artificial Intelligence & Big Data UCITS ETF 1C,XAIX,2023-10-23,87.33000183105469,,EUR
Xtrackers Artificial Intelligence & Big Data UCITS ETF 1C,XAIX,2023-10-24,88.16000366210938,,EUR
Xtrackers Artificial Intelligence & Big Data UCITS ETF 1C,XAIX,2023-10-25,87.0999984741211,,EUR
Xtrackers Artificial Intelligence & Big Data UCITS ETF 1C,XAIX,2023-10-26,85.52999877929688,,EUR
Xtrackers Artificial Intelligence & Big Data UCITS ETF 1C,XAIX,2023-10-27,86.02999877929688,,EUR
Xtrackers Artificial Intelligence & Big Data UCITS ETF 1C,XAIX,2023-10-30,86.16000366210938,,EUR
Xtrackers Artificial Intelligence & Big Data UCITS ETF 1C,XAIX,2023-10-31,87.1500015258789,,EUR
Xtrackers Artificial Intelligence & Big Data UCITS ETF 1C,XAIX,2023-11-01,88.87000274658203,,EUR
Xtrackers Artificial Intelligence & Big Data UCITS ETF 1C,XAIX,2023-11-02,90.12999725341797,,EUR
Xtrackers Artificial Intelligence & Big Data UCITS ETF 1C,XAIX,2023-11-03,90.73999786376953,,EUR
Xtrackers Artificial Intelligence & Big Data UCITS ETF 1C,XAIX,2023-11-06,90.83999633789062,,EUR
Xtrackers Artificial Intelligence & Big Data UCITS ETF 1C,XAIX,2023-11-07,92.63999938964844,,EUR
Xtrackers Artificial Intelligence & Big Data UCITS ETF 1C,XAIX,2023-11-08,92.19000244140625,,EUR
Xtrackers Artificial Intelligence & Big Data UCITS ETF 1C,XAIX,2023-11-09,92.9800033569336,,EUR
Xtrackers Artificial Intelligence & Big Data UCITS ETF 1C,XAIX,2023-11-10,93.33999633789062,,EUR
Xtrackers Artificial Intelligence & Big Data UCITS ETF 1C,XAIX,2023-11-13,93.8499984741211,,EUR
Xtrackers Artificial Intelligence & Big Data UCITS ETF 1C,XAIX,2023-11-14,94.44999694824219,,EUR
Xtrackers Artificial Intelligence & Big Data UCITS ETF 1C,XAIX,2023-11-15,94.7300033569336,,EUR
Xtrackers Artificial Intelligence & Big Data UCITS ETF 1C,XAIX,2023-11-16,93.94999694824219,,EUR
Xtrackers Artificial Intelligence & Big Data UCITS ETF 1C,XAIX,2023-11-17,94.31999969482422,,EUR
Xtrackers Artificial Intelligence & Big Data UCITS ETF 1C,XAIX,2023-11-20,94.8499984741211,,EUR
Xtrackers Artificial Intelligence & Big Data UCITS ETF 1C,XAIX,2023-11-21,94.70999908447266,,EUR
Xtrackers Artificial Intelligence & Big Data UCITS ETF 1C,XAIX,2023-11-22,95.9000015258789,,EUR
Xtrackers Artificial Intelligence & Big Data UCITS ETF 1C,XAIX,2023-11-23,95.54000091552734,,EUR
Xtrackers Artificial Intelligence & Big Data UCITS ETF 1C,XAIX,2023-11-24,94.97000122070312,,EUR
Xtrackers Artificial Intelligence & Big Data UCITS ETF 1C,XAIX,2023-11-27,95.26000213623047,,EUR
Xtrackers Artificial Intelligence & Big Data UCITS ETF 1C,XAIX,2023-11-28,94.91999816894531,,EUR
Xtrackers Artificial Intelligence & Big Data UCITS ETF 1C,XAIX,2023-11-29,95.87999725341797,,EUR
Xtrackers Artificial Intelligence & Big Data UCITS ETF 1C,XAIX,2023-11-30,96.0,,EUR
Xtrackers Artificial Intelligence & Big Data UCITS ETF 1C,XAIX,2023-12-01,96.77999877929688,,EUR
Xtrackers Artificial Intelligence & Big Data UCITS ETF 1C,XAIX,2023-12-04,95.86000061035156,,EUR
Xtrackers Artificial Intelligence & Big Data UCITS ETF 1C,XAIX,2023-12-05,96.29000091552734,,EUR
Xtrackers Artificial Intelligence & Big Data UCITS ETF 1C,XAIX,2023-12-06,96.8499984741211,,EUR
Xtrackers Artificial Intelligence & Big Data UCITS ETF 1C,XAIX,2023-12-07,96.86000061035156,,EUR
Xtrackers Artificial Intelligence & Big Data UCITS ETF 1C,XAIX,2023-12-08,98.12000274658203,,EUR
Xtrackers Artificial Intelligence & Big Data UCITS ETF 1C,XAIX,2023-12-11,98.5999984741211,,EUR
Xtrackers Artificial Intelligence & Big Data UCITS ETF 1C,XAIX,2023-12-12,98.91999816894531,,EUR
Xtrackers Artificial Intelligence & Big Data UCITS ETF 1C,XAIX,2023-12-13,98.94999694824219,,EUR
Xtrackers Artificial Intelligence & Big Data UCITS ETF 1C,XAIX,2023-12-14,97.80000305175781,,EUR
Xtrackers Artificial Intelligence & Big Data UCITS ETF 1C,XAIX,2023-12-15,99.44999694824219,,EUR
Xtrackers Artificial Intelligence & Big Data UCITS ETF 1C,XAIX,2023-12-18,99.52999877929688,,EUR
Xtrackers Artificial Intelligence & Big Data UCITS ETF 1C,XAIX,2023-12-19,99.62000274658203,,EUR
Xtrackers Artificial Intelligence & Big Data UCITS ETF 1C,XAIX,2023-12-20,99.98999786376953,,EUR
Xtrackers Artificial Intelligence & Big Data UCITS ETF 1C,XAIX,2023-12-21,99.30999755859375,,EUR
Xtrackers Artificial Intelligence & Big Data UCITS ETF 1C,XAIX,2023-12-22,99.79000091552734,,EUR
Xtrackers Artificial Intelligence & Big Data UCITS ETF 1C,XAIX,2023-12-27,99.54000091552734,,EUR
Xtrackers Artificial Intelligence & Big Data UCITS ETF 1C,XAIX,2023-12-28,100.19999694824219,,EUR
Xtrackers Artificial Intelligence & Big Data UCITS ETF 1C,XAIX,2023-12-29,99.47000122070312,,EUR
Xtrackers Artificial Intelligence & Big Data UCITS ETF 1C,XAIX,2024-01-02,98.9000015258789,,EUR
Xtrackers Artificial Intelligence & Big Data UCITS ETF 1C,XAIX,2024-01-03,98.11000061035156,,EUR
Xtrackers Artificial Intelligence & Big Data UCITS ETF 1C,XAIX,2024-01-04,97.95999908447266,,EUR
Xtrackers Artificial Intelligence & Big Data UCITS ETF 1C,XAIX,2024-01-05,98.11000061035156,,EUR
Xtrackers Artificial Intelligence & Big Data UCITS ETF 1C,XAIX,2024-01-08,99.1500015258789,,EUR
Xtrackers Artificial Intelligence & Big Data UCITS ETF 1C,XAIX,2024-01-09,100.19999694824219,,EUR
Xtrackers Artificial Intelligence & Big Data UCITS ETF 1C,XAIX,2024-01-10,100.61000061035156,,EUR
Xtrackers Artificial Intelligence & Big Data UCITS ETF 1C,XAIX,2024-01-11,100.4000015258789,,EUR
Xtrackers Artificial Intelligence & Big Data UCITS ETF 1C,XAIX,2024-01-12,101.58000183105469,,EUR
Xtrackers Artificial Intelligence & Big Data UCITS ETF 1C,XAIX,2024-01-15,101.6500015258789,,EUR
Xtrackers Artificial Intelligence & Big Data UCITS ETF 1C,XAIX,2024-01-16,102.58000183105469,,EUR
Xtrackers Artificial Intelligence & Big Data UCITS ETF 1C,XAIX,2024-01-17,101.66999816894531,,EUR
Xtrackers Artificial Intelligence & Big Data UCITS ETF 1C,XAIX,2024-01-18,103.20999908447266,,EUR
Xtrackers Artificial Intelligence & Big Data UCITS ETF 1C,XAIX,2024-01-19,104.22000122070312,,EUR
Xtrackers Artificial Intelligence & Big Data UCITS ETF 1C,XAIX,2024-01-22,106.0,,EUR
Xtrackers Artificial Intelligence & Big Data UCITS ETF 1C,XAIX,2024-01-23,106.18000030517578,,EUR
Xtrackers Artificial Intelligence & Big Data UCITS ETF 1C,XAIX,2024-01-24,107.4000015258789,,EUR
Xtrackers Artificial Intelligence & Big Data UCITS ETF 1C,XAIX,2024-01-25,109.11000061035156,,EUR
Xtrackers Artificial Intelligence & Big Data UCITS ETF 1C,XAIX,2024-01-26,108.0,,EUR
Xtrackers Artificial Intelligence & Big Data UCITS ETF 1C,XAIX,2024-01-29,108.43000030517578,,EUR
Xtrackers Artificial Intelligence & Big Data UCITS ETF 1C,XAIX,2024-01-30,108.91999816894531,,EUR
Xtrackers Artificial Intelligence & Big Data UCITS ETF 1C,XAIX,2024-01-31,106.5,,EUR
Xtrackers Artificial Intelligence & Big Data UCITS ETF 1C,XAIX,2024-02-01,106.51000213623047,,EUR
Xtrackers Artificial Intelligence & Big Data UCITS ETF 1C,XAIX,2024-02-02,110.0,,EUR
Xtrackers Artificial Intelligence & Big Data UCITS ETF 1C,XAIX,2024-02-05,109.87999725341797,,EUR
Xtrackers Artificial Intelligence & Big Data UCITS ETF 1C,XAIX,2024-02-06,110.0999984741211,,EUR
Xtrackers Artificial Intelligence & Big Data UCITS ETF 1C,XAIX,2024-02-07,110.7300033569336,,EUR
Xtrackers Artificial Intelligence & Big Data UCITS ETF 1C,XAIX,2024-02-08,111.19999694824219,,EUR
Xtrackers Artificial Intelligence & Big Data UCITS ETF 1C,XAIX,2024-02-09,112.0,,EUR
Xtrackers Artificial Intelligence & Big Data UCITS ETF 1C,XAIX,2024-02-12,113.18000030517578,,EUR
Xtrackers Artificial Intelligence & Big Data UCITS ETF 1C,XAIX,2024-02-13,111.0199966430664,,EUR
Xtrackers Artificial Intelligence & Big Data UCITS ETF 1C,XAIX,2024-02-14,111.76000213623047,,EUR
Xtrackers Artificial Intelligence & Big Data UCITS ETF 1C,XAIX,2024-02-15,111.68000030517578,,EUR
Xtrackers Artificial Intelligence & Big Data UCITS ETF 1C,XAIX,2024-02-16,111.1500015258789,,EUR
Xtrackers Artificial Intelligence & Big Data UCITS ETF 1C,XAIX,2024-02-19,110.75,,EUR
Xtrackers Artificial Intelligence & Big Data UCITS ETF 1C,XAIX,2024-02-20,108.30000305175781,,EUR
Xtrackers Artificial Intelligence & Big Data UCITS ETF 1C,XAIX,2024-02-21,107.05000305175781,,EUR
Xtrackers Artificial Intelligence & Big Data UCITS ETF 1C,XAIX,2024-02-22,110.61000061035156,,EUR
Xtrackers Artificial Intelligence & Big Data UCITS ETF 1C,XAIX,2024-02-23,110.93000030517578,,EUR
Xtrackers Artificial Intelligence & Big Data UCITS ETF 1C,XAIX,2024-02-26,111.2699966430664,,EUR
Xtrackers Artificial Intelligence & Big Data UCITS ETF 1C,XAIX,2024-02-27,111.0199966430664,,EUR
Xtrackers Artificial Intelligence & Big Data UCITS ETF 1C,XAIX,2024-02-28,111.11000061035156,,EUR
Xtrackers Artificial Intelligence & Big Data UCITS ETF 1C,XAIX,2024-02-29,111.75,,EUR
Xtrackers Artificial Intelligence & Big Data UCITS ETF 1C,XAIX,2024-03-01,113.55999755859375,,EUR
Xtrackers Artificial Intelligence & Big Data UCITS ETF 1C,XAIX,2024-03-04,114.37999725341797,,EUR
Xtrackers Artificial Intelligence & Big Data UCITS ETF 1C,XAIX,2024-03-05,111.9000015258789,,EUR
Xtrackers Artificial Intelligence & Big Data UCITS ETF 1C,XAIX,2024-03-06,113.01000213623047,,EUR
Xtrackers Artificial Intelligence & Big Data UCITS ETF 1C,XAIX,2024-03-07,113.76000213623047,,EUR
Xtrackers Artificial Intelligence & Big Data UCITS ETF 1C,XAIX,2024-03-08,113.80000305175781,,EUR
Xtrackers Artificial Intelligence & Big Data UCITS ETF 1C,XAIX,2024-03-11,112.56999969482422,,EUR
Xtrackers Artificial Intelligence & Big Data UCITS ETF 1C,XAIX,2024-03-12,114.38999938964844,,EUR
Xtrackers Artificial Intelligence & Big Data UCITS ETF 1C,XAIX,2024-03-13,113.88999938964844,,EUR
Xtrackers Artificial Intelligence & Big Data UCITS ETF 1C,XAIX,2024-03-14,113.66999816894531,,EUR
Xtrackers Artificial Intelligence & Big Data UCITS ETF 1C,XAIX,2024-03-15,111.69999694824219,,EUR
Xtrackers Artificial Intelligence & Big Data UCITS ETF 1C,XAIX,2024-03-18,112.81999969482422,,EUR
Xtrackers Artificial Intelligence & Big Data UCITS ETF 1C,XAIX,2024-03-19,112.6500015258789,,EUR
Xtrackers Artificial Intelligence & Big Data UCITS ETF 1C,XAIX,2024-03-20,113.16999816894531,,EUR
Xtrackers Artificial Intelligence & Big Data UCITS ETF 1C,XAIX,2024-03-21,116.16999816894531,,EUR
Xtrackers Artificial Intelligence & Big Data UCITS ETF 1C,XAIX,2024-03-22,115.66000366210938,,EUR
Xtrackers Artificial Intelligence & Big Data UCITS ETF 1C,XAIX,2024-03-25,115.69999694824219,,EUR
Xtrackers Artificial Intelligence & Big Data UCITS ETF 1C,XAIX,2024-03-26,116.2699966430664,,EUR
Xtrackers Artificial Intelligence & Big Data UCITS ETF 1C,XAIX,2024-03-27,115.0999984741211,,EUR
Xtrackers Artificial Intelligence & Big Data UCITS ETF 1C,XAIX,2024-03-28,115.79000091552734,,EUR
Xtrackers Artificial Intelligence & Big Data UCITS ETF 1C,XAIX,2024-04-02,115.33999633789062,,EUR
Xtrackers Artificial Intelligence & Big Data UCITS ETF 1C,XAIX,2024-04-03,116.02999877929688,,EUR
Xtrackers Artificial Intelligence & Big Data UCITS ETF 1C,XAIX,2024-04-04,116.05000305175781,,EUR
Xtrackers Artificial Intelligence & Big Data UCITS ETF 1C,XAIX,2024-04-05,114.94000244140625,,EUR
Xtrackers Artificial Intelligence & Big Data UCITS ETF 1C,XAIX,2024-04-08,114.9000015258789,,EUR
Xtrackers Artificial Intelligence & Big Data UCITS ETF 1C,XAIX,2024-04-09,113.5999984741211,,EUR
Xtrackers Artificial Intelligence & Big Data UCITS ETF 1C,XAIX,2024-04-10,114.33999633789062,,EUR
Xtrackers Artificial Intelligence & Big Data UCITS ETF 1C,XAIX,2024-04-11,115.33999633789062,,EUR
Xtrackers Artificial Intelligence & Big Data UCITS ETF 1C,XAIX,2024-04-12,115.45999908447266,,EUR
Xtrackers Artificial Intelligence & Big Data UCITS ETF 1C,XAIX,2024-04-15,114.69999694824219,,EUR
Xtrackers Artificial Intelligence & Big Data UCITS ETF 1C,XAIX,2024-04-16,112.8499984741211,,EUR
Xtrackers Artificial Intelligence & Big Data UCITS ETF 1C,XAIX,2024-04-17,112.04000091552734,,EUR
Xtrackers Artificial Intelligence & Big Data UCITS ETF 1C,XAIX,2024-04-18,111.91999816894531,,EUR
Xtrackers Artificial Intelligence & Big Data UCITS ETF 1C,XAIX,2024-04-19,109.69000244140625,,EUR
Xtrackers Artificial Intelligence & Big Data UCITS ETF 1C,XAIX,2024-04-22,108.91999816894531,,EUR
Xtrackers Artificial Intelligence & Big Data UCITS ETF 1C,XAIX,2024-04-23,111.05000305175781,,EUR
Xtrackers Artificial Intelligence & Big Data UCITS ETF 1C,XAIX,2024-04-24,111.27999877929688,,EUR
Xtrackers Artificial Intelligence & Big Data UCITS ETF 1C,XAIX,2024-04-25,108.51000213623047,,EUR
Xtrackers Artificial Intelligence & Big Data UCITS ETF 1C,XAIX,2024-04-26,111.70999908447266,,EUR
Xtrackers Artificial Intelligence & Big Data UCITS ETF 1C,XAIX,2024-04-29,111.05999755859375,,EUR
Xtrackers Artificial Intelligence & Big Data UCITS ETF 1C,XAIX,2024-04-30,110.75,,EUR
Xtrackers Artificial Intelligence & Big Data UCITS ETF 1C,XAIX,2024-05-02,109.56999969482422,,EUR
Xtrackers Artificial Intelligence & Big Data UCITS ETF 1C,XAIX,2024-05-03,110.80999755859375,,EUR
Xtrackers Artificial Intelligence & Big Data UCITS ETF 1C,XAIX,2024-05-06,112.26000213623047,,EUR
Xtrackers Artificial Intelligence & Big Data UCITS ETF 1C,XAIX,2024-05-07,112.94999694824219,,EUR
Xtrackers Artificial Intelligence & Big Data UCITS ETF 1C,XAIX,2024-05-08,112.6500015258789,,EUR
Xtrackers Artificial Intelligence & Big Data UCITS ETF 1C,XAIX,2024-05-09,112.54000091552734,,EUR
Xtrackers Artificial Intelligence & Big Data UCITS ETF 1C,XAIX,2024-05-10,112.37999725341797,,EUR
Xtrackers Artificial Intelligence & Big Data UCITS ETF 1C,XAIX,2024-05-13,112.44999694824219,,EUR
Xtrackers Artificial Intelligence & Big Data UCITS ETF 1C,XAIX,2024-05-14,112.4000015258789,,EUR
Xtrackers Artificial Intelligence & Big Data UCITS ETF 1C,XAIX,2024-05-15,114.05000305175781,,EUR
Xtrackers Artificial Intelligence & Big Data UCITS ETF 1C,XAIX,2024-05-16,115.0999984741211,,EUR
Xtrackers Artificial Intelligence & Big Data UCITS ETF 1C,XAIX,2024-05-17,114.61000061035156,,EUR
Xtrackers Artificial Intelligence & Big Data UCITS ETF 1C,XAIX,2024-05-20,115.26000213623047,,EUR
Xtrackers Artificial Intelligence & Big Data UCITS ETF 1C,XAIX,2024-05-21,114.95999908447266,,EUR
Xtrackers Artificial Intelligence & Big Data UCITS ETF 1C,XAIX,2024-05-22,115.51000213623047,,EUR
Xtrackers Artificial Intelligence & Big Data UCITS ETF 1C,XAIX,2024-05-23,116.0999984741211,,EUR
Xtrackers Artificial Intelligence & Big Data UCITS ETF 1C,XAIX,2024-05-24,115.30999755859375,,EUR
Xtrackers Artificial Intelligence & Big Data UCITS ETF 1C,XAIX,2024-05-27,115.80000305175781,,EUR
Xtrackers Artificial Intelligence & Big Data UCITS ETF 1C,XAIX,2024-05-28,115.73999786376953,,EUR
Xtrackers Artificial Intelligence & Big Data UCITS ETF 1C,XAIX,2024-05-29,115.87000274658203,,EUR
Xtrackers Artificial Intelligence & Big Data UCITS ETF 1C,XAIX,2024-05-30,112.69999694824219,,EUR
Xtrackers Artificial Intelligence & Big Data UCITS ETF 1C,XAIX,2024-05-31,110.2300033569336,,EUR
Xtrackers Artificial Intelligence & Big Data UCITS ETF 1C,XAIX,2024-06-03,112.04000091552734,,EUR
Xtrackers Artificial Intelligence & Big Data UCITS ETF 1C,XAIX,2024-06-04,112.1500015258789,,EUR
Xtrackers Artificial Intelligence & Big Data UCITS ETF 1C,XAIX,2024-06-05,114.29000091552734,,EUR
Xtrackers Artificial Intelligence & Big Data UCITS ETF 1C,XAIX,2024-06-06,115.55999755859375,,EUR
Xtrackers Artificial Intelligence & Big Data UCITS ETF 1C,XAIX,2024-06-07,116.36000061035156,,EUR
Xtrackers Artificial Intelligence & Big Data UCITS ETF 1C,XAIX,2024-06-10,117.19999694824219,,EUR
Xtrackers Artificial Intelligence & Big Data UCITS ETF 1C,XAIX,2024-06-11,116.97000122070312,,EUR
Xtrackers Artificial Intelligence & Big Data UCITS ETF 1C,XAIX,2024-06-12,118.69000244140625,,EUR
Xtrackers Artificial Intelligence & Big Data UCITS ETF 1C,XAIX,2024-06-13,119.0999984741211,,EUR
Xtrackers Artificial Intelligence & Big Data UCITS ETF 1C,XAIX,2024-06-14,120.26000213623047,,EUR
Xtrackers Artificial Intelligence & Big Data UCITS ETF 1C,XAIX,2024-06-17,120.0,,EUR
Xtrackers Artificial Intelligence & Big Data UCITS ETF 1C,XAIX,2024-06-18,121.31999969482422,,EUR
Xtrackers Artificial Intelligence & Big Data UCITS ETF 1C,XAIX,2024-06-19,122.0,,EUR
Xtrackers Artificial Intelligence & Big Data UCITS ETF 1C,XAIX,2024-06-20,122.75,,EUR
Xtrackers Artificial Intelligence & Big Data UCITS ETF 1C,XAIX,2024-06-21,121.62000274658203,,EUR
Xtrackers Artificial Intelligence & Big Data UCITS ETF 1C,XAIX,2024-06-24,120.94000244140625,,EUR
Xtrackers Artificial Intelligence & Big Data UCITS ETF 1C,XAIX,2024-06-25,121.63999938964844,,EUR
Xtrackers Artificial Intelligence & Big Data UCITS ETF 1C,XAIX,2024-06-26,122.08999633789062,,EUR
Xtrackers Artificial Intelligence & Big Data UCITS ETF 1C,XAIX,2024-06-27,122.9000015258789,,EUR
Xtrackers Artificial Intelligence & Big Data UCITS ETF 1C,XAIX,2024-06-28,124.11000061035156,,EUR
Xtrackers Artificial Intelligence & Big Data UCITS ETF 1C,XAIX,2024-07-01,123.05000305175781,,EUR
Xtrackers Artificial Intelligence & Big Data UCITS ETF 1C,XAIX,2024-07-02,123.38999938964844,,EUR
Xtrackers Artificial Intelligence & Big Data UCITS ETF 1C,XAIX,2024-07-03,124.04000091552734,,EUR
Xtrackers Artificial Intelligence & Big Data UCITS ETF 1C,XAIX,2024-07-04,124.0,,EUR
Xtrackers Artificial Intelligence & Big Data UCITS ETF 1C,XAIX,2024-07-05,125.0999984741211,,EUR
Xtrackers Artificial Intelligence & Big Data UCITS ETF 1C,XAIX,2024-07-08,125.16999816894531,,EUR
Xtrackers Artificial Intelligence & Big Data UCITS ETF 1C,XAIX,2024-07-09,125.5,,EUR
Xtrackers Artificial Intelligence & Big Data UCITS ETF 1C,XAIX,2024-07-10,125.38999938964844,,EUR
Xtrackers Artificial Intelligence & Big Data UCITS ETF 1C,XAIX,2024-07-11,123.88999938964844,,EUR
Xtrackers Artificial Intelligence & Big Data UCITS ETF 1C,XAIX,2024-07-12,124.33999633789062,,EUR
Xtrackers Artificial Intelligence & Big Data UCITS ETF 1C,XAIX,2024-07-15,124.51000213623047,,EUR
Xtrackers Artificial Intelligence & Big Data UCITS ETF 1C,XAIX,2024-07-16,124.08000183105469,,EUR
Xtrackers Artificial Intelligence & Big Data UCITS ETF 1C,XAIX,2024-07-17,120.87999725341797,,EUR
Xtrackers Artificial Intelligence & Big Data UCITS ETF 1C,XAIX,2024-07-18,119.2699966430664,,EUR
Xtrackers Artificial Intelligence & Big Data UCITS ETF 1C,XAIX,2024-07-19,119.0199966430664,,EUR
Xtrackers Artificial Intelligence & Big Data UCITS ETF 1C,XAIX,2024-07-22,118.86000061035156,,EUR
Xtrackers Artificial Intelligence & Big Data UCITS ETF 1C,XAIX,2024-07-23,120.83999633789062,,EUR
Xtrackers Artificial Intelligence & Big Data UCITS ETF 1C,XAIX,2024-07-24,117.80999755859375,,EUR
Xtrackers Artificial Intelligence & Big Data UCITS ETF 1C,XAIX,2024-07-25,117.22000122070312,,EUR
Xtrackers Artificial Intelligence & Big Data UCITS ETF 1C,XAIX,2024-07-26,117.06999969482422,,EUR
Xtrackers Artificial Intelligence & Big Data UCITS ETF 1C,XAIX,2024-07-29,117.04000091552734,,EUR
Xtrackers Artificial Intelligence & Big Data UCITS ETF 1C,XAIX,2024-07-30,116.33999633789062,,EUR
Xtrackers Artificial Intelligence & Big Data UCITS ETF 1C,XAIX,2024-07-31,119.0,,EUR
Xtrackers Artificial Intelligence & Big Data UCITS ETF 1C,XAIX,2024-08-01,117.76000213623047,,EUR
Xtrackers Artificial Intelligence & Big Data UCITS ETF 1C,XAIX,2024-08-02,111.04000091552734,,EUR
Xtrackers Artificial Intelligence & Big Data UCITS ETF 1C,XAIX,2024-08-05,107.87000274658203,,EUR
Xtrackers Artificial Intelligence & Big Data UCITS ETF 1C,XAIX,2024-08-06,108.75,,EUR
Xtrackers Artificial Intelligence & Big Data UCITS ETF 1C,XAIX,2024-08-07,110.68000030517578,,EUR
Xtrackers Artificial Intelligence & Big Data UCITS ETF 1C,XAIX,2024-08-08,110.5,,EUR
Xtrackers Artificial Intelligence & Big Data UCITS ETF 1C,XAIX,2024-08-09,111.4800033569336,,EUR
Xtrackers Artificial Intelligence & Big Data UCITS ETF 1C,XAIX,2024-08-12,111.88999938964844,,EUR
Xtrackers Artificial Intelligence & Big Data UCITS ETF 1C,XAIX,2024-08-13,113.54000091552734,,EUR
Xtrackers Artificial Intelligence & Big Data UCITS ETF 1C,XAIX,2024-08-14,113.73999786376953,,EUR
Xtrackers Artificial Intelligence & Big Data UCITS ETF 1C,XAIX,2024-08-16,116.55999755859375,,EUR
Xtrackers Artificial Intelligence & Big Data UCITS ETF 1C,XAIX,2024-08-19,116.83999633789062,,EUR
Xtrackers Artificial Intelligence & Big Data UCITS ETF 1C,XAIX,2024-08-20,117.13999938964844,,EUR
Xtrackers Artificial Intelligence & Big Data UCITS ETF 1C,XAIX,2024-08-21,116.80999755859375,,EUR
Xtrackers Artificial Intelligence & Big Data UCITS ETF 1C,XAIX,2024-08-22,116.69999694824219,,EUR
Xtrackers Artificial Intelligence & Big Data UCITS ETF 1C,XAIX,2024-08-23,115.87000274658203,,EUR
Xtrackers Artificial Intelligence & Big Data UCITS ETF 1C,XAIX,2024-08-26,115.55000305175781,,EUR
Xtrackers Artificial Intelligence & Big Data UCITS ETF 1C,XAIX,2024-08-27,115.5,,EUR
Xtrackers Artificial Intelligence & Big Data UCITS ETF 1C,XAIX,2024-08-28,114.5999984741211,,EUR
Xtrackers Artificial Intelligence & Big Data UCITS ETF 1C,XAIX,2024-08-29,116.7300033569336,,EUR
Xtrackers Artificial Intelligence & Big Data UCITS ETF 1C,XAIX,2024-08-30,115.94999694824219,,EUR
Xtrackers Artificial Intelligence & Big Data UCITS ETF 1C,XAIX,2024-09-02,117.19999694824219,,EUR
Xtrackers Artificial Intelligence & Big Data UCITS ETF 1C,XAIX,2024-09-03,115.44000244140625,,EUR
Xtrackers Artificial Intelligence & Big Data UCITS ETF 1C,XAIX,2024-09-04,113.69000244140625,,EUR
Xtrackers Artificial Intelligence & Big Data UCITS ETF 1C,XAIX,2024-09-05,112.70999908447266,,EUR
Xtrackers Artificial Intelligence & Big Data UCITS ETF 1C,XAIX,2024-09-06,110.86000061035156,,EUR
Xtrackers Artificial Intelligence & Big Data UCITS ETF 1C,XAIX,2024-09-09,112.56999969482422,,EUR
Xtrackers Artificial Intelligence & Big Data UCITS ETF 1C,XAIX,2024-09-10,113.66999816894531,,EUR
Xtrackers Artificial Intelligence & Big Data UCITS ETF 1C,XAIX,2024-09-11,113.33999633789062,,EUR
Xtrackers Artificial Intelligence & Big Data UCITS ETF 1C,XAIX,2024-09-12,116.43000030517578,,EUR
Xtrackers Artificial Intelligence & Big Data UCITS ETF 1C,XAIX,2024-09-13,116.9800033569336,,EUR
Xtrackers Artificial Intelligence & Big Data UCITS ETF 1C,XAIX,2024-09-16,116.83999633789062,,EUR
Xtrackers Artificial Intelligence & Big Data UCITS ETF 1C,XAIX,2024-09-17,117.19000244140625,,EUR
Xtrackers Artificial Intelligence & Big Data UCITS ETF 1C,XAIX,2024-09-18,116.0999984741211,,EUR
Xtrackers Artificial Intelligence & Big Data UCITS ETF 1C,XAIX,2024-09-19,118.38999938964844,,EUR
Xtrackers Artificial Intelligence & Big Data UCITS ETF 1C,XAIX,2024-09-20,117.9000015258789,,EUR
Xtrackers Artificial Intelligence & Big Data UCITS ETF 1C,XAIX,2024-09-23,119.04000091552734,,EUR
Xtrackers Artificial Intelligence & Big Data UCITS ETF 1C,XAIX,2024-09-24,118.95999908447266,,EUR
Xtrackers Artificial Intelligence & Big Data UCITS ETF 1C,XAIX,2024-09-25,119.29000091552734,,EUR
Xtrackers Artificial Intelligence & Big Data UCITS ETF 1C,XAIX,2024-09-26,119.97000122070312,,EUR
Xtrackers Artificial Intelligence & Big Data UCITS ETF 1C,XAIX,2024-09-27,120.2699966430664,,EUR
Xtrackers Artificial Intelligence & Big Data UCITS ETF 1C,XAIX,2024-09-30,119.87000274658203,,EUR
Xtrackers Artificial Intelligence & Big Data UCITS ETF 1C,XAIX,2024-10-01,119.4000015258789,,EUR
Xtrackers Artificial Intelligence & Big Data UCITS ETF 1C,XAIX,2024-10-02,120.38999938964844,,EUR
Xtrackers Artificial Intelligence & Big Data UCITS ETF 1C,XAIX,2024-10-03,120.54000091552734,,EUR
Xtrackers Artificial Intelligence & Big Data UCITS ETF 1C,XAIX,2024-10-04,121.93000030517578,,EUR
Xtrackers Artificial Intelligence & Big Data UCITS ETF 1C,XAIX,2024-10-07,122.5999984741211,,EUR
Xtrackers Artificial Intelligence & Big Data UCITS ETF 1C,XAIX,2024-10-08,123.1500015258789,,EUR
Xtrackers Artificial Intelligence & Big Data UCITS ETF 1C,XAIX,2024-10-09,124.23999786376953,,EUR
Xtrackers Artificial Intelligence & Big Data UCITS ETF 1C,XAIX,2024-10-10,124.68000030517578,,EUR
Xtrackers Artificial Intelligence & Big Data UCITS ETF 1C,XAIX,2024-10-11,125.13999938964844,,EUR
Xtrackers Artificial Intelligence & Big Data UCITS ETF 1C,XAIX,2024-10-14,126.1500015258789,,EUR
Xtrackers Artificial Intelligence & Big Data UCITS ETF 1C,XAIX,2024-10-15,125.5999984741211,,EUR
Xtrackers Artificial Intelligence & Big Data UCITS ETF 1C,XAIX,2024-10-16,125.33000183105469,,EUR
Xtrackers Artificial Intelligence & Big Data UCITS ETF 1C,XAIX,2024-10-17,126.77999877929688,,EUR
Xtrackers Artificial Intelligence & Big Data UCITS ETF 1C,XAIX,2024-10-18,126.58000183105469,,EUR
Xtrackers Artificial Intelligence & Big Data UCITS ETF 1C,XAIX,2024-10-21,126.12999725341797,,EUR
Xtrackers Artificial Intelligence & Big Data UCITS ETF 1C,XAIX,2024-10-22,126.30000305175781,,EUR
Xtrackers Artificial Intelligence & Big Data UCITS ETF 1C,XAIX,2024-10-23,126.08000183105469,,EUR
Xtrackers Artificial Intelligence & Big Data UCITS ETF 1C,XAIX,2024-10-24,125.5199966430664,,EUR
Xtrackers Artificial Intelligence & Big Data UCITS ETF 1C,XAIX,2024-10-25,126.48999786376953,,EUR
Xtrackers Artificial Intelligence & Big Data UCITS ETF 1C,XAIX,2024-10-28,126.19999694824219,,EUR
Xtrackers Artificial Intelligence & Big Data UCITS ETF 1C,XAIX,2024-10-29,127.2300033569336,,EUR
Xtrackers Artificial Intelligence & Big Data UCITS ETF 1C,XAIX,2024-10-30,126.56999969482422,,EUR
Xtrackers Artificial Intelligence & Big Data UCITS ETF 1C,XAIX,2024-10-31,123.18000030517578,,EUR
Xtrackers Artificial Intelligence & Big Data UCITS ETF 1C,XAIX,2024-11-01,124.69999694824219,,EUR
Xtrackers Artificial Intelligence & Big Data UCITS ETF 1C,XAIX,2024-11-04,123.4800033569336,,EUR
Xtrackers Artificial Intelligence & Big Data UCITS ETF 1C,XAIX,2024-11-05,124.16999816894531,,EUR
Xtrackers Artificial Intelligence & Big Data UCITS ETF 1C,XAIX,2024-11-06,129.6699981689453,,EUR
Xtrackers Artificial Intelligence & Big Data UCITS ETF 1C,XAIX,2024-11-07,131.1699981689453,,EUR
Xtrackers Artificial Intelligence & Big Data UCITS ETF 1C,XAIX,2024-11-08,132.47999572753906,,EUR
Xtrackers Artificial Intelligence & Big Data UCITS ETF 1C,XAIX,2024-11-11,133.94000244140625,,EUR
Xtrackers Artificial Intelligence & Big Data UCITS ETF 1C,XAIX,2024-11-12,134.22000122070312,,EUR
Xtrackers Artificial Intelligence & Big Data UCITS ETF 1C,XAIX,2024-11-13,135.57000732421875,,EUR
Xtrackers Artificial Intelligence & Big Data UCITS ETF 1C,XAIX,2024-11-14,134.36000061035156,,EUR
Xtrackers Artificial Intelligence & Big Data UCITS ETF 1C,XAIX,2024-11-15,132.52000427246094,,EUR
Xtrackers Artificial Intelligence & Big Data UCITS ETF 1C,XAIX,2024-11-18,132.9499969482422,,EUR
Xtrackers Artificial Intelligence & Big Data UCITS ETF 1C,XAIX,2024-11-19,132.44000244140625,,EUR
Xtrackers Artificial Intelligence & Big Data UCITS ETF 1C,XAIX,2024-11-20,133.10000610351562,,EUR
Xtrackers Artificial Intelligence & Big Data UCITS ETF 1C,XAIX,2024-11-21,136.0800018310547,,EUR
Xtrackers Artificial Intelligence & Big Data UCITS ETF 1C,XAIX,2024-11-22,136.8800048828125,,EUR
Xtrackers Artificial Intelligence & Big Data UCITS ETF 1C,XAIX,2024-11-25,137.0800018310547,,EUR
Xtrackers Artificial Intelligence & Big Data UCITS ETF 1C,XAIX,2024-11-26,137.52000427246094,,EUR
Xtrackers Artificial Intelligence & Big Data UCITS ETF 1C,XAIX,2024-11-27,134.35000610351562,,EUR
Xtrackers Artificial Intelligence & Big Data UCITS ETF 1C,XAIX,2024-11-28,135.1999969482422,,EUR
Xtrackers Artificial Intelligence & Big Data UCITS ETF 1C,XAIX,2024-11-29,135.7899932861328,,EUR
Xtrackers Artificial Intelligence & Big Data UCITS ETF 1C,XAIX,2024-12-02,137.16000366210938,,EUR
Xtrackers Artificial Intelligence & Big Data UCITS ETF 1C,XAIX,2024-12-03,136.74000549316406,,EUR
Xtrackers Artificial Intelligence & Big Data UCITS ETF 1C,XAIX,2024-12-04,139.4600067138672,,EUR
Xtrackers Artificial Intelligence & Big Data UCITS ETF 1C,XAIX,2024-12-05,139.5800018310547,,EUR
Xtrackers Artificial Intelligence & Big Data UCITS ETF 1C,XAIX,2024-12-06,140.49000549316406,,EUR
Xtrackers Artificial Intelligence & Big Data UCITS ETF 1C,XAIX,2024-12-09,139.08999633789062,,EUR
Xtrackers Artificial Intelligence & Big Data UCITS ETF 1C,XAIX,2024-12-10,138.77000427246094,,EUR
Xtrackers Artificial Intelligence & Big Data UCITS ETF 1C,XAIX,2024-12-11,140.22000122070312,,EUR
Xtrackers Artificial Intelligence & Big Data UCITS ETF 1C,XAIX,2024-12-12,140.17999267578125,,EUR
Xtrackers Artificial Intelligence & Big Data UCITS ETF 1C,XAIX,2024-12-13,138.8000030517578,,EUR
Xtrackers Artificial Intelligence & Big Data UCITS ETF 1C,XAIX,2024-12-16,138.9499969482422,,EUR
Xtrackers Artificial Intelligence & Big Data UCITS ETF 1C,XAIX,2024-12-17,139.0399932861328,,EUR
Xtrackers Artificial Intelligence & Big Data UCITS ETF 1C,XAIX,2024-12-18,138.8699951171875,,EUR
Xtrackers Artificial Intelligence & Big Data UCITS ETF 1C,XAIX,2024-12-19,136.69000244140625,,EUR
Xtrackers Artificial Intelligence & Big Data UCITS ETF 1C,XAIX,2024-12-20,136.91000366210938,,EUR
Xtrackers Artificial Intelligence & Big Data UCITS ETF 1C,XAIX,2024-12-23,136.60000610351562,,EUR
Xtrackers Artificial Intelligence & Big Data UCITS ETF 1C,XAIX,2024-12-27,136.27999877929688,,EUR
Xtrackers Artificial Intelligence & Big Data UCITS ETF 1C,XAIX,2024-12-30,135.5,,EUR
Xtrackers Artificial Intelligence & Big Data UCITS ETF 1C,XAIX,2025-01-02,137.19000244140625,,EUR
Xtrackers Artificial Intelligence & Big Data UCITS ETF 1C,XAIX,2025-01-03,137.35000610351562,,EUR
Xtrackers Artificial Intelligence & Big Data UCITS ETF 1C,XAIX,2025-01-06,139.2899932861328,,EUR
Xtrackers Artificial Intelligence & Big Data UCITS ETF 1C,XAIX,2025-01-07,138.0,,EUR
Xtrackers Artificial Intelligence & Big Data UCITS ETF 1C,XAIX,2025-01-08,137.25,,EUR
Xtrackers Artificial Intelligence & Big Data UCITS ETF 1C,XAIX,2025-01-09,137.32000732421875,,EUR
Xtrackers Artificial Intelligence & Big Data UCITS ETF 1C,XAIX,2025-01-10,135.52000427246094,,EUR
Xtrackers Artificial Intelligence & Big Data UCITS ETF 1C,XAIX,2025-01-13,134.41000366210938,,EUR
Xtrackers Artificial Intelligence & Big Data UCITS ETF 1C,XAIX,2025-01-14,134.36000061035156,,EUR
Xtrackers Artificial Intelligence & Big Data UCITS ETF 1C,XAIX,2025-01-15,137.1199951171875,,EUR
Xtrackers Artificial Intelligence & Big Data UCITS ETF 1C,XAIX,2025-01-16,137.67999267578125,,EUR
Xtrackers Artificial Intelligence & Big Data UCITS ETF 1C,XAIX,2025-01-17,138.69000244140625,,EUR
Xtrackers Artificial Intelligence & Big Data UCITS ETF 1C,XAIX,2025-01-20,138.07000732421875,,EUR
Xtrackers Artificial Intelligence & Big Data UCITS ETF 1C,XAIX,2025-01-21,138.17999267578125,,EUR
Xtrackers Artificial Intelligence & Big Data UCITS ETF 1C,XAIX,2025-01-22,141.02000427246094,,EUR
Xtrackers Artificial Intelligence & Big Data UCITS ETF 1C,XAIX,2025-01-23,141.10000610351562,,EUR
Xtrackers Artificial Intelligence & Big Data UCITS ETF 1C,XAIX,2025-01-24,140.67999267578125,,EUR
Xtrackers Artificial Intelligence & Big Data UCITS ETF 1C,XAIX,2025-01-27,136.3000030517578,,EUR
Xtrackers Artificial Intelligence & Big Data UCITS ETF 1C,XAIX,2025-01-28,139.19000244140625,,EUR
Xtrackers Artificial Intelligence & Big Data UCITS ETF 1C,XAIX,2025-01-29,139.24000549316406,,EUR
Xtrackers Artificial Intelligence & Big Data UCITS ETF 1C,XAIX,2025-01-30,139.3800048828125,,EUR
Xtrackers Artificial Intelligence & Big Data UCITS ETF 1C,XAIX,2025-01-31,141.7100067138672,,EUR
Xtrackers Artificial Intelligence & Big Data UCITS ETF 1C,XAIX,2025-02-03,140.27999877929688,,EUR
Xtrackers Artificial Intelligence & Big Data UCITS ETF 1C,XAIX,2025-02-04,141.99000549316406,,EUR
Xtrackers Artificial Intelligence & Big Data UCITS ETF 1C,XAIX,2025-02-05,140.74000549316406,,EUR
Xtrackers Artificial Intelligence & Big Data UCITS ETF 1C,XAIX,2025-02-06,142.64999389648438,,EUR
Xtrackers Artificial Intelligence & Big Data UCITS ETF 1C,XAIX,2025-02-07,143.00999450683594,,EUR
Xtrackers Artificial Intelligence & Big Data UCITS ETF 1C,XAIX,2025-02-10,144.64999389648438,,EUR
Xtrackers Artificial Intelligence & Big Data UCITS ETF 1C,XAIX,2025-02-11,144.36000061035156,,EUR
Xtrackers Artificial Intelligence & Big Data UCITS ETF 1C,XAIX,2025-02-12,142.77000427246094,,EUR
Xtrackers Artificial Intelligence & Big Data UCITS ETF 1C,XAIX,2025-02-13,143.67999267578125,,EUR
Xtrackers Artificial Intelligence & Big Data UCITS ETF 1C,XAIX,2025-02-14,143.4199981689453,,EUR
Xtrackers Artificial Intelligence & Big Data UCITS ETF 1C,XAIX,2025-02-17,144.9600067138672,,EUR
Xtrackers Artificial Intelligence & Big Data UCITS ETF 1C,XAIX,2025-02-18,145.27999877929688,,EUR
Xtrackers Artificial Intelligence & Big Data UCITS ETF 1C,XAIX,2025-02-19,145.6699981689453,,EUR
Xtrackers Artificial Intelligence & Big Data UCITS ETF 1C,XAIX,2025-02-20,142.49000549316406,,EUR
Xtrackers Artificial Intelligence & Big Data UCITS ETF 1C,XAIX,2025-02-21,142.6300048828125,,EUR
Xtrackers Artificial Intelligence & Big Data UCITS ETF 1C,XAIX,2025-02-24,138.8800048828125,,EUR
Xtrackers Artificial Intelligence & Big Data UCITS ETF 1C,XAIX,2025-02-25,135.00999450683594,,EUR
Xtrackers Artificial Intelligence & Big Data UCITS ETF 1C,XAIX,2025-02-26,138.24000549316406,,EUR
Xtrackers Artificial Intelligence & Big Data UCITS ETF 1C,XAIX,2025-02-27,137.80999755859375,,EUR
Xtrackers Artificial Intelligence & Big Data UCITS ETF 1C,XAIX,2025-02-28,134.7100067138672,,EUR
Xtrackers Artificial Intelligence & Big Data UCITS ETF 1C,XAIX,2025-03-03,135.2100067138672,,EUR
Xtrackers Artificial Intelligence & Big Data UCITS ETF 1C,XAIX,2025-03-04,129.05999755859375,,EUR
Xtrackers Artificial Intelligence & Big Data UCITS ETF 1C,XAIX,2025-03-05,127.87000274658203,,EUR
Xtrackers Artificial Intelligence & Big Data UCITS ETF 1C,XAIX,2025-03-06,128.3000030517578,,EUR
Xtrackers Artificial Intelligence & Big Data UCITS ETF 1C,XAIX,2025-03-07,124.23999786376953,,EUR
Xtrackers Artificial Intelligence & Big Data UCITS ETF 1C,XAIX,2025-03-10,122.51000213623047,,EUR
Xtrackers Artificial Intelligence & Big Data UCITS ETF 1C,XAIX,2025-03-11,120.45999908447266,,EUR
Xtrackers Artificial Intelligence & Big Data UCITS ETF 1C,XAIX,2025-03-12,122.91999816894531,,EUR
Xtrackers Artificial Intelligence & Big Data UCITS ETF 1C,XAIX,2025-03-13,121.08000183105469,,EUR
Xtrackers Artificial Intelligence & Big Data UCITS ETF 1C,XAIX,2025-03-14,123.41999816894531,,EUR
Xtrackers Artificial Intelligence & Big Data UCITS ETF 1C,XAIX,2025-03-17,124.31999969482422,,EUR
Xtrackers Artificial Intelligence & Big Data UCITS ETF 1C,XAIX,2025-03-18,123.25,,EUR
Xtrackers Artificial Intelligence & Big Data UCITS ETF 1C,XAIX,2025-03-19,124.91999816894531,,EUR
Xtrackers Artificial Intelligence & Big Data UCITS ETF 1C,XAIX,2025-03-20,125.43000030517578,,EUR
Xtrackers Artificial Intelligence & Big Data UCITS ETF 1C,XAIX,2025-03-21,125.4000015258789,,EUR
Xtrackers Artificial Intelligence & Big Data UCITS ETF 1C,XAIX,2025-03-24,128.39999389648438,,EUR
Xtrackers Artificial Intelligence & Big Data UCITS ETF 1C,XAIX,2025-03-25,128.97999572753906,,EUR
Xtrackers Artificial Intelligence & Big Data UCITS ETF 1C,XAIX,2025-03-26,127.51000213623047,,EUR
Xtrackers Artificial Intelligence & Big Data UCITS ETF 1C,XAIX,2025-03-27,126.47000122070312,,EUR
Xtrackers Artificial Intelligence & Big Data UCITS ETF 1C,XAIX,2025-03-28,122.19999694824219,,EUR
Xtrackers Artificial Intelligence & Big Data UCITS ETF 1C,XAIX,2025-03-31,120.47000122070312,,EUR
Xtrackers Artificial Intelligence & Big Data UCITS ETF 1C,XAIX,2025-04-01,122.87999725341797,,EUR
Xtrackers Artificial Intelligence & Big Data UCITS ETF 1C,XAIX,2025-04-02,123.36000061035156,,EUR
Xtrackers Artificial Intelligence & Big Data UCITS ETF 1C,XAIX,2025-04-03,115.08999633789062,,EUR
Xtrackers Artificial Intelligence & Big Data UCITS ETF 1C,XAIX,2025-04-04,109.37000274658203,,EUR
Xtrackers Artificial Intelligence & Big Data UCITS ETF 1C,XAIX,2025-04-07,106.95999908447266,,EUR
Xtrackers Artificial Intelligence & Big Data UCITS ETF 1C,XAIX,2025-04-08,111.13999938964844,,EUR
Xtrackers Artificial Intelligence & Big Data UCITS ETF 1C,XAIX,2025-04-09,105.41000366210938,,EUR
Xtrackers Artificial Intelligence & Big Data UCITS ETF 1C,XAIX,2025-04-10,111.05000305175781,,EUR
Xtrackers Artificial Intelligence & Big Data UCITS ETF 1C,XAIX,2025-04-11,109.30999755859375,,EUR
Xtrackers Artificial Intelligence & Big Data UCITS ETF 1C,XAIX,2025-04-14,112.19999694824219,,EUR
Xtrackers Artificial Intelligence & Big Data UCITS ETF 1C,XAIX,2025-04-15,113.77999877929688,,EUR
Xtrackers Artificial Intelligence & Big Data UCITS ETF 1C,XAIX,2025-04-16,111.98999786376953,,EUR
Xtrackers Artificial Intelligence & Big Data UCITS ETF 1C,XAIX,2025-04-17,109.83999633789062,,EUR
Xtrackers Artificial Intelligence & Big Data UCITS ETF 1C,XAIX,2025-04-22,107.91000366210938,,EUR
Xtrackers Artificial Intelligence & Big Data UCITS ETF 1C,XAIX,2025-04-23,113.52999877929688,,EUR
Xtrackers Artificial Intelligence & Big Data UCITS ETF 1C,XAIX,2025-04-24,114.94999694824219,,EUR
Xtrackers Artificial Intelligence & Big Data UCITS ETF 1C,XAIX,2025-04-25,116.25,,EUR
Xtrackers Artificial Intelligence & Big Data UCITS ETF 1C,XAIX,2025-04-28,116.25,,EUR
Xtrackers Artificial Intelligence & Big Data UCITS ETF 1C,XAIX,2025-04-29,117.51000213623047,,EUR
Xtrackers Artificial Intelligence & Big Data UCITS ETF 1C,XAIX,2025-04-30,117.75,,EUR
Xtrackers Artificial Intelligence & Big Data UCITS ETF 1C,XAIX,2025-05-02,122.38999938964844,,EUR
Xtrackers Artificial Intelligence & Big Data UCITS ETF 1C,XAIX,2025-05-05,122.98999786376953,,EUR
Xtrackers Artificial Intelligence & Big Data UCITS ETF 1C,XAIX,2025-05-06,121.83000183105469,,EUR
Xtrackers Artificial Intelligence & Big Data UCITS ETF 1C,XAIX,2025-05-07,121.05999755859375,,EUR
Xtrackers Artificial Intelligence & Big Data UCITS ETF 1C,XAIX,2025-05-08,123.91999816894531,,EUR
Xtrackers Artificial Intelligence & Big Data UCITS ETF 1C,XAIX,2025-05-09,123.55000305175781,,EUR
Xtrackers Artificial Intelligence & Big Data UCITS ETF 1C,XAIX,2025-05-12,128.52000427246094,,EUR
Xtrackers Artificial Intelligence & Big Data UCITS ETF 1C,XAIX,2025-05-13,130.69000244140625,,EUR
Xtrackers Artificial Intelligence & Big Data UCITS ETF 1C,XAIX,2025-05-14,131.1999969482422,,EUR
Xtrackers Artificial Intelligence & Big Data UCITS ETF 1C,XAIX,2025-05-15,131.47000122070312,,EUR
Xtrackers Artificial Intelligence & Big Data UCITS ETF 1C,XAIX,2025-05-16,132.1199951171875,,EUR
Xtrackers Artificial Intelligence & Big Data UCITS ETF 1C,XAIX,2025-05-19,130.72999572753906,,EUR
Xtrackers Artificial Intelligence & Big Data UCITS ETF 1C,XAIX,2025-05-20,130.69000244140625,,EUR
Xtrackers Artificial Intelligence & Big Data UCITS ETF 1C,XAIX,2025-05-21,130.11000061035156,,EUR
Xtrackers Artificial Intelligence & Big Data UCITS ETF 1C,XAIX,2025-05-22,129.3699951171875,,EUR
Xtrackers Artificial Intelligence & Big Data UCITS ETF 1C,XAIX,2025-05-23,127.76000213623047,,EUR
Xtrackers Artificial Intelligence & Big Data UCITS ETF 1C,XAIX,2025-05-26,129.0,,EUR
Xtrackers Artificial Intelligence & Big Data UCITS ETF 1C,XAIX,2025-05-27,129.97999572753906,,EUR
Xtrackers Artificial Intelligence & Big Data UCITS ETF 1C,XAIX,2025-05-28,130.50999450683594,,EUR
Xtrackers Artificial Intelligence & Big Data UCITS ETF 1C,XAIX,2025-05-29,129.2899932861328,,EUR
Xtrackers Artificial Intelligence & Big Data UCITS ETF 1C,XAIX,2025-05-30,129.27000427246094,,EUR
Xtrackers Artificial Intelligence & Big Data UCITS ETF 1C,XAIX,2025-06-02,129.05999755859375,,EUR
Xtrackers Artificial Intelligence & Big Data UCITS ETF 1C,XAIX,2025-06-03,131.52999877929688,,EUR
Xtrackers Artificial Intelligence & Big Data UCITS ETF 1C,XAIX,2025-06-04,131.50999450683594,,EUR
Xtrackers Artificial Intelligence & Big Data UCITS ETF 1C,XAIX,2025-06-05,132.82000732421875,,EUR
Xtrackers Artificial Intelligence & Big Data UCITS ETF 1C,XAIX,2025-06-06,133.47000122070312,,EUR
Xtrackers Artificial Intelligence & Big Data UCITS ETF 1C,XAIX,2025-06-09,134.22000122070312,,EUR
Xtrackers Artificial Intelligence & Big Data UCITS ETF 1C,XAIX,2025-06-10,133.57000732421875,,EUR
Xtrackers Artificial Intelligence & Big Data UCITS ETF 1C,XAIX,2025-06-11,133.97000122070312,,EUR
Xtrackers Artificial Intelligence & Big Data UCITS ETF 1C,XAIX,2025-06-12,133.0800018310547,,EUR
Xtrackers Artificial Intelligence & Big Data UCITS ETF 1C,XAIX,2025-06-13,132.4199981689453,,EUR
Xtrackers Artificial Intelligence & Big Data UCITS ETF 1C,XAIX,2025-06-16,133.97999572753906,,EUR
Xtrackers Artificial Intelligence & Big Data UCITS ETF 1C,XAIX,2025-06-17,134.1300048828125,,EUR
Xtrackers Artificial Intelligence & Big Data UCITS ETF 1C,XAIX,2025-06-18,133.91000366210938,,EUR
Xtrackers Artificial Intelligence & Big Data UCITS ETF 1C,XAIX,2025-06-19,132.75,,EUR
Xtrackers Artificial Intelligence & Big Data UCITS ETF 1C,XAIX,2025-06-20,133.30999755859375,,EUR
Xtrackers Artificial Intelligence & Big Data UCITS ETF 1C,XAIX,2025-06-23,133.19000244140625,,EUR
Xtrackers Artificial Intelligence & Big Data UCITS ETF 1C,XAIX,2025-06-24,135.66000366210938,,EUR
Xtrackers Artificial Intelligence & Big Data UCITS ETF 1C,XAIX,2025-06-25,136.02999877929688,,EUR
Xtrackers Artificial Intelligence & Big Data UCITS ETF 1C,XAIX,2025-06-26,136.0,,EUR
Xtrackers Artificial Intelligence & Big Data UCITS ETF 1C,XAIX,2025-06-27,136.61000061035156,,EUR
Xtrackers Artificial Intelligence & Big Data UCITS ETF 1C,XAIX,2025-06-30,136.89999389648438,,EUR
Xtrackers Artificial Intelligence & Big Data UCITS ETF 1C,XAIX,2025-07-01,135.1199951171875,,EUR
Xtrackers Artificial Intelligence & Big Data UCITS ETF 1C,XAIX,2025-07-02,135.3800048828125,,EUR
Xtrackers Artificial Intelligence & Big Data UCITS ETF 1C,XAIX,2025-07-03,137.85000610351562,,EUR
Xtrackers Artificial Intelligence & Big Data UCITS ETF 1C,XAIX,2025-07-04,136.75,,EUR
Xtrackers Artificial Intelligence & Big Data UCITS ETF 1C,XAIX,2025-07-07,137.57000732421875,,EUR
Xtrackers Artificial Intelligence & Big Data UCITS ETF 1C,XAIX,2025-07-08,137.4600067138672,,EUR
Xtrackers Artificial Intelligence & Big Data UCITS ETF 1C,XAIX,2025-07-09,138.0,,EUR
Xtrackers Artificial Intelligence & Big Data UCITS ETF 1C,XAIX,2025-07-10,138.0399932861328,,EUR
Xtrackers Artificial Intelligence & Big Data UCITS ETF 1C,XAIX,2025-07-11,137.00999450683594,,EUR
Xtrackers Artificial Intelligence & Big Data UCITS ETF 1C,XAIX,2025-07-14,136.89999389648438,,EUR
Xtrackers Artificial Intelligence & Big Data UCITS ETF 1C,XAIX,2025-07-15,139.02999877929688,,EUR
Xtrackers Artificial Intelligence & Big Data UCITS ETF 1C,XAIX,2025-07-16,136.92999267578125,,EUR
Xtrackers Artificial Intelligence & Big Data UCITS ETF 1C,XAIX,2025-07-17,140.13999938964844,,EUR
Xtrackers Artificial Intelligence & Big Data UCITS ETF 1C,XAIX,2025-07-18,139.5800018310547,,EUR
Xtrackers Artificial Intelligence & Big Data UCITS ETF 1C,XAIX,2025-07-21,140.0800018310547,,EUR
Xtrackers Artificial Intelligence & Big Data UCITS ETF 1C,XAIX,2025-07-22,138.64999389648438,,EUR
Xtrackers Artificial Intelligence & Big Data UCITS ETF 1C,XAIX,2025-07-23,138.92999267578125,,EUR
Xtrackers Artificial Intelligence & Big Data UCITS ETF 1C,XAIX,2025-07-24,138.97999572753906,,EUR
Xtrackers Artificial Intelligence & Big Data UCITS ETF 1C,XAIX,2025-07-25,139.50999450683594,,EUR
Xtrackers Artificial Intelligence & Big Data UCITS ETF 1C,XAIX,2025-07-28,140.85000610351562,,EUR
Xtrackers Artificial Intelligence & Big Data UCITS ETF 1C,XAIX,2025-07-29,141.89999389648438,,EUR
Xtrackers Artificial Intelligence & Big Data UCITS ETF 1C,XAIX,2025-07-30,142.77000427246094,,EUR
Xtrackers Artificial Intelligence & Big Data UCITS ETF 1C,XAIX,2025-07-31,143.67999267578125,,EUR
Xtrackers Artificial Intelligence & Big Data UCITS ETF 1C,XAIX,2025-08-01,137.6999969482422,,EUR
Xtrackers Artificial Intelligence & Big Data UCITS ETF 1C,XAIX,2025-08-04,139.02000427246094,,EUR
Xtrackers Artificial Intelligence & Big Data UCITS ETF 1C,XAIX,2025-08-05,139.2100067138672,,EUR
Xtrackers Artificial Intelligence & Big Data UCITS ETF 1C,XAIX,2025-08-06,139.8300018310547,,EUR
Xtrackers Artificial Intelligence & Big Data UCITS ETF 1C,XAIX,2025-08-07,140.2899932861328,,EUR
Xtrackers Artificial Intelligence & Big Data UCITS ETF 1C,XAIX,2025-08-08,140.33999633789062,,EUR
Xtrackers Artificial Intelligence & Big Data UCITS ETF 1C,XAIX,2025-08-11,141.25,,EUR
Xtrackers Artificial Intelligence & Big Data UCITS ETF 1C,XAIX,2025-08-12,140.49000549316406,,EUR
Xtrackers Artificial Intelligence & Big Data UCITS ETF 1C,XAIX,2025-08-13,140.72000122070312,,EUR
Xtrackers Artificial Intelligence & Big Data UCITS ETF 1C,XAIX,2025-08-14,140.58999633789062,,EUR
Xtrackers Artificial Intelligence & Big Data UCITS ETF 1C,XAIX,2025-08-18,140.1199951171875,,EUR
Xtrackers Artificial Intelligence & Big Data UCITS ETF 1C,XAIX,2025-08-19,139.3800048828125,,EUR
Xtrackers Artificial Intelligence & Big Data UCITS ETF 1C,XAIX,2025-08-20,137.52999877929688,,EUR
Xtrackers Artificial Intelligence & Big Data UCITS ETF 1C,XAIX,2025-08-21,138.00999450683594,,EUR
Xtrackers Artificial Intelligence & Big Data UCITS ETF 1C,XAIX,2025-08-22,139.02999877929688,,EUR
Xtrackers Artificial Intelligence & Big Data UCITS ETF 1C,XAIX,2025-08-25,139.25999450683594,,EUR
Xtrackers Artificial Intelligence & Big Data UCITS ETF 1C,XAIX,2025-08-26,138.8699951171875,,EUR
Xtrackers Artificial Intelligence & Big Data UCITS ETF 1C,XAIX,2025-08-27,140.38999938964844,,EUR
Xtrackers Artificial Intelligence & Big Data UCITS ETF 1C,XAIX,2025-08-28,141.0399932861328,,EUR
Xtrackers Artificial Intelligence & Big Data UCITS ETF 1C,XAIX,2025-08-29,139.50999450683594,,EUR
Xtrackers Artificial Intelligence & Big Data UCITS ETF 1C,XAIX,2025-09-01,139.3800048828125,,EUR
Xtrackers Artificial Intelligence & Big Data UCITS ETF 1C,XAIX,2025-09-02,137.6999969482422,,EUR
Xtrackers Artificial Intelligence & Big Data UCITS ETF 1C,XAIX,2025-09-03,139.16000366210938,,EUR
Xtrackers Artificial Intelligence & Big Data UCITS ETF 1C,XAIX,2025-09-04,140.02999877929688,,EUR
Xtrackers Artificial Intelligence & Big Data UCITS ETF 1C,XAIX,2025-09-05,139.1699981689453,,EUR
Xtrackers Artificial Intelligence & Big Data UCITS ETF 1C,XAIX,2025-09-08,141.05999755859375,,EUR
Xtrackers Artificial Intelligence & Big Data UCITS ETF 1C,XAIX,2025-09-09,141.6699981689453,,EUR
Xtrackers Artificial Intelligence & Big Data UCITS ETF 1C,XAIX,2025-09-10,145.38999938964844,,EUR
Xtrackers Artificial Intelligence & Big Data UCITS ETF 1C,XAIX,2025-09-11,145.50999450683594,,EUR
Xtrackers Artificial Intelligence & Big Data UCITS ETF 1C,XAIX,2025-09-12,144.8300018310547,,EUR
Xtrackers Artificial Intelligence & Big Data UCITS ETF 1C,XAIX,2025-09-15,145.47000122070312,,EUR
Xtrackers Artificial Intelligence & Big Data UCITS ETF 1C,XAIX,2025-09-16,144.7899932861328,,EUR
Xtrackers Artificial Intelligence & Big Data UCITS ETF 1C,XAIX,2025-09-17,144.74000549316406,,EUR
Xtrackers Artificial Intelligence & Big Data UCITS ETF 1C,XAIX,2025-09-18,148.58999633789062,,EUR
Xtrackers Artificial Intelligence & Big Data UCITS ETF 1C,XAIX,2025-09-19,149.32000732421875,,EUR
Xtrackers Artificial Intelligence & Big Data UCITS ETF 1C,XAIX,2025-09-22,150.07000732421875,,EUR
Xtrackers Artificial Intelligence & Big Data UCITS ETF 1C,XAIX,2025-09-23,150.0,,EUR
Xtrackers Artificial Intelligence & Big Data UCITS ETF 1C,XAIX,2025-09-24,148.97000122070312,,EUR
Xtrackers Artificial Intelligence & Big Data UCITS ETF 1C,XAIX,2025-09-25,149.27999877929688,,EUR
Xtrackers Artificial Intelligence & Big Data UCITS ETF 1C,XAIX,2025-09-26,148.4600067138672,,EUR
Xtrackers Artificial Intelligence & Big Data UCITS ETF 1C,XAIX,2025-09-29,149.02999877929688,,EUR
Xtrackers Artificial Intelligence & Big Data UCITS ETF 1C,XAIX,2025-09-30,148.41000366210938,,EUR
Xtrackers Artificial Intelligence & Big Data UCITS ETF 1C,XAIX,2025-10-01,149.5399932861328,,EUR
Xtrackers Artificial Intelligence & Big Data UCITS ETF 1C,XAIX,2025-10-02,150.6300048828125,,EUR
Xtrackers Artificial Intelligence & Big Data UCITS ETF 1C,XAIX,2025-10-03,151.2100067138672,,EUR
Xtrackers Artificial Intelligence & Big Data UCITS ETF 1C,XAIX,2025-10-06,151.5800018310547,,EUR
Xtrackers Artificial Intelligence & Big Data UCITS ETF 1C,XAIX,2025-10-07,150.64999389648438,,EUR
Xtrackers Artificial Intelligence & Big Data UCITS ETF 1C,XAIX,2025-10-08,153.22000122070312,,EUR
Xtrackers Artificial Intelligence & Big Data UCITS ETF 1C,XAIX,2025-10-09,153.60000610351562,,EUR
Xtrackers Artificial Intelligence & Big Data UCITS ETF 1C,XAIX,2025-10-10,150.42999267578125,,EUR
Xtrackers Artificial Intelligence & Big Data UCITS ETF 1C,XAIX,2025-10-13,151.86000061035156,,EUR
Xtrackers Artificial Intelligence & Big Data UCITS ETF 1C,XAIX,2025-10-14,150.6999969482422,,EUR
Xtrackers Artificial Intelligence & Big Data UCITS ETF 1C,XAIX,2025-10-15,152.25,,EUR
Xtrackers Artificial Intelligence & Big Data UCITS ETF 1C,XAIX,2025-10-16,153.07000732421875,,EUR
Xtrackers Artificial Intelligence & Big Data UCITS ETF 1C,XAIX,2025-10-17,150.32000732421875,,EUR
Xtrackers Artificial Intelligence & Big Data UCITS ETF 1C,XAIX,2025-10-20,153.86000061035156,,EUR
Xtrackers Artificial Intelligence & Big Data UCITS ETF 1C,XAIX,2025-10-21,154.4499969482422,,EUR
Xtrackers Artificial Intelligence & Big Data UCITS ETF 1C,XAIX,2025-10-22,152.35000610351562,,EUR
Xtrackers Artificial Intelligence & Big Data UCITS ETF 1C,XAIX,2025-10-23,154.30999755859375,,EUR
Xtrackers Artificial Intelligence & Big Data UCITS ETF 1C,XAIX,2025-10-27,158.5500030517578,,EUR
Xtrackers Artificial Intelligence & Big Data UCITS ETF 1C,XAIX,2025-10-28,159.25999450683594,,EUR
Xtrackers Artificial Intelligence & Big Data UCITS ETF 1C,XAIX,2025-10-29,160.0800018310547,,EUR
Xtrackers Artificial Intelligence & Big Data UCITS ETF 1C,XAIX,2025-10-30,160.3699951171875,,EUR
Xtrackers Artificial Intelligence & Big Data UCITS ETF 1C,XAIX,2025-10-31,160.58999633789062,,EUR
Xtrackers Artificial Intelligence & Big Data UCITS ETF 1C,XAIX,2025-11-03,162.5,,EUR
Xtrackers Artificial Intelligence & Big Data UCITS ETF 1C,XAIX,2025-11-04,159.66000366210938,,EUR
Xtrackers Artificial Intelligence & Big Data UCITS ETF 1C,XAIX,2025-11-05,159.2899932861328,,EUR
Xtrackers Artificial Intelligence & Big Data UCITS ETF 1C,XAIX,2025-11-06,155.32000732421875,,EUR
Xtrackers Artificial Intelligence & Big Data UCITS ETF 1C,XAIX,2025-11-07,152.2899932861328,,EUR
Xtrackers Artificial Intelligence & Big Data UCITS ETF 1C,XAIX,2025-11-10,157.1199951171875,,EUR
Xtrackers Artificial Intelligence & Big Data UCITS ETF 1C,XAIX,2025-11-11,157.16000366210938,,EUR
Xtrackers Artificial Intelligence & Big Data UCITS ETF 1C,XAIX,2025-11-12,157.0,,EUR
Xtrackers Artificial Intelligence & Big Data UCITS ETF 1C,XAIX,2025-11-13,154.10000610351562,,EUR
Xtrackers Artificial Intelligence & Big Data UCITS ETF 1C,XAIX,2025-11-14,154.08999633789062,,EUR
Xtrackers Artificial Intelligence & Big Data UCITS ETF 1C,XAIX,2025-11-17,153.16000366210938,,EUR
Xtrackers Artificial Intelligence & Big Data UCITS ETF 1C,XAIX,2025-11-18,150.33999633789062,,EUR
Xtrackers Artificial Intelligence & Big Data UCITS ETF 1C,XAIX,2025-11-19,150.4600067138672,,EUR
Xtrackers Artificial Intelligence & Big Data UCITS ETF 1C,XAIX,2025-11-20,150.77000427246094,,EUR
Xtrackers Artificial Intelligence & Big Data UCITS ETF 1C,XAIX,2025-11-21,146.66000366210938,,EUR
Xtrackers Artificial Intelligence & Big Data UCITS ETF 1C,XAIX,2025-11-24,150.3699951171875,,EUR
Xtrackers Artificial Intelligence & Big Data UCITS ETF 1C,XAIX,2025-11-25,150.35000610351562,,EUR
Xtrackers Artificial Intelligence & Big Data UCITS ETF 1C,XAIX,2025-11-26,151.85000610351562,,EUR
Xtrackers Artificial Intelligence & Big Data UCITS ETF 1C,XAIX,2025-11-27,151.72999572753906,,EUR
Xtrackers Artificial Intelligence & Big Data UCITS ETF 1C,XAIX,2025-11-28,152.47999572753906,,EUR
Xtrackers Artificial Intelligence & Big Data UCITS ETF 1C,XAIX,2025-12-01,151.9199981689453,,EUR
Xtrackers Artificial Intelligence & Big Data UCITS ETF 1C,XAIX,2025-12-02,152.97000122070312,,EUR
Xtrackers Artificial Intelligence & Big Data UCITS ETF 1C,XAIX,2025-12-03,152.80999755859375,,EUR
Xtrackers Artificial Intelligence & Big Data UCITS ETF 1C,XAIX,2025-12-04,153.6199951171875,,EUR
Xtrackers Artificial Intelligence & Big Data UCITS ETF 1C,XAIX,2025-12-05,155.5500030517578,,EUR
Xtrackers Artificial Intelligence & Big Data UCITS ETF 1C,XAIX,2025-12-08,155.97000122070312,,EUR
Xtrackers Artificial Intelligence & Big Data UCITS ETF 1C,XAIX,2025-12-09,156.24000549316406,,EUR
Xtrackers Artificial Intelligence & Big Data UCITS ETF 1C,XAIX,2025-12-10,156.05999755859375,,EUR
Xtrackers Artificial Intelligence & Big Data UCITS ETF 1C,XAIX,2025-12-11,153.38999938964844,,EUR
Xtrackers Artificial Intelligence & Big Data UCITS ETF 1C,XAIX,2025-12-12,151.67999267578125,,EUR
Xtrackers Artificial Intelligence & Big Data UCITS ETF 1C,XAIX,2025-12-15,151.22999572753906,,EUR
Xtrackers Artificial Intelligence & Big Data UCITS ETF 1C,XAIX,2025-12-16,149.77000427246094,,EUR
Xtrackers Artificial Intelligence & Big Data UCITS ETF 1C,XAIX,2025-12-17,149.1699981689453,,EUR
Xtrackers Artificial Intelligence & Big Data UCITS ETF 1C,XAIX,2025-12-18,151.5500030517578,,EUR
Xtrackers Artificial Intelligence & Big Data UCITS ETF 1C,XAIX,2025-12-19,152.82000732421875,,EUR
Xtrackers Artificial Intelligence & Big Data UCITS ETF 1C,XAIX,2025-12-22,153.4499969482422,,EUR
Xtrackers Artificial Intelligence & Big Data UCITS ETF 1C,XAIX,2025-12-23,153.6199951171875,,EUR
Xtrackers Artificial Intelligence & Big Data UCITS ETF 1C,XAIX,2025-12-29,154.8800048828125,,EUR
Xtrackers Artificial Intelligence & Big Data UCITS ETF 1C,XAIX,2025-12-30,155.8699951171875,,EUR
Xtrackers Artificial Intelligence & Big Data UCITS ETF 1C,XAIX,2026-01-02,154.6300048828125,,EUR
Xtrackers Artificial Intelligence & Big Data UCITS ETF 1C,XAIX,2026-01-05,157.17999267578125,,EUR
Xtrackers Artificial Intelligence & Big Data UCITS ETF 1C,XAIX,2026-01-06,157.6699981689453,,EUR
Xtrackers Artificial Intelligence & Big Data UCITS ETF 1C,XAIX,2026-01-07,159.61000061035156,,EUR
Xtrackers Artificial Intelligence & Big Data UCITS ETF 1C,XAIX,2026-01-08,157.8699951171875,,EUR
Xtrackers Artificial Intelligence & Big Data UCITS ETF 1C,XAIX,2026-01-09,159.32000732421875,,EUR
Xtrackers Artificial Intelligence & Big Data UCITS ETF 1C,XAIX,2026-01-12,159.2899932861328,,EUR
Xtrackers Artificial Intelligence & Big Data UCITS ETF 1C,XAIX,2026-01-13,159.11000061035156,,EUR
Xtrackers Artificial Intelligence & Big Data UCITS ETF 1C,XAIX,2026-01-14,156.38999938964844,,EUR
Xtrackers Artificial Intelligence & Big Data UCITS ETF 1C,XAIX,2026-01-15,158.55999755859375,,EUR
Xtrackers Artificial Intelligence & Big Data UCITS ETF 1C,XAIX,2026-01-16,157.32000732421875,,EUR
Xtrackers Artificial Intelligence & Big Data UCITS ETF 1C,XAIX,2026-01-19,154.60000610351562,,EUR
Xtrackers Artificial Intelligence & Big Data UCITS ETF 1C,XAIX,2026-01-20,153.69000244140625,,EUR
Xtrackers Artificial Intelligence & Big Data UCITS ETF 1C,XAIX,2026-01-21,154.41000366210938,,EUR
Xtrackers Artificial Intelligence & Big Data UCITS ETF 1C,XAIX,2026-01-22,156.1999969482422,,EUR
Xtrackers Artificial Intelligence & Big Data UCITS ETF 1C,XAIX,2026-01-23,156.0,,EUR
Xtrackers Artificial Intelligence & Big Data UCITS ETF 1C,XAIX,2026-01-26,155.4499969482422,,EUR
Xtrackers Artificial Intelligence & Big Data UCITS ETF 1C,XAIX,2026-01-27,155.80999755859375,,EUR
Xtrackers Artificial Intelligence & Big Data UCITS ETF 1C,XAIX,2026-01-28,157.75999450683594,,EUR
Xtrackers Artificial Intelligence & Big Data UCITS ETF 1C,XAIX,2026-01-29,153.63999938964844,,EUR
Xtrackers Artificial Intelligence & Big Data UCITS ETF 1C,XAIX,2026-01-30,156.05999755859375,,EUR
Xtrackers Artificial Intelligence & Big Data UCITS ETF 1C,XAIX,2026-02-02,157.42999267578125,,EUR
Xtrackers Artificial Intelligence & Big Data UCITS ETF 1C,XAIX,2026-02-03,154.77000427246094,,EUR
Xtrackers Artificial Intelligence & Big Data UCITS ETF 1C,XAIX,2026-02-04,151.64999389648438,,EUR
Xtrackers Artificial Intelligence & Big Data UCITS ETF 1C,XAIX,2026-02-05,149.8000030517578,,EUR
Xtrackers Artificial Intelligence & Big Data UCITS ETF 1C,XAIX,2026-02-06,150.92999267578125,,EUR
Xtrackers Artificial Intelligence & Big Data UCITS ETF 1C,XAIX,2026-02-09,152.6699981689453,,EUR
Xtrackers Artificial Intelligence & Big Data UCITS ETF 1C,XAIX,2026-02-10,152.64999389648438,,EUR
Xtrackers Artificial Intelligence & Big Data UCITS ETF 1C,XAIX,2026-02-11,151.35000610351562,,EUR
Xtrackers Artificial Intelligence & Big Data UCITS ETF 1C,XAIX,2026-02-12,148.69000244140625,,EUR
Xtrackers Artificial Intelligence & Big Data UCITS ETF 1C,XAIX,2026-02-13,149.5,,EUR
Xtrackers Artificial Intelligence & Big Data UCITS ETF 1C,XAIX,2026-02-16,149.57000732421875,,EUR
Xtrackers Artificial Intelligence & Big Data UCITS ETF 1C,XAIX,2026-02-17,148.91000366210938,,EUR
Xtrackers Artificial Intelligence & Big Data UCITS ETF 1C,XAIX,2026-02-18,151.25,,EUR
Xtrackers Artificial Intelligence & Big Data UCITS ETF 1C,XAIX,2026-02-19,150.9600067138672,,EUR
Xtrackers Artificial Intelligence & Big Data UCITS ETF 1C,XAIX,2026-02-20,152.02999877929688,,EUR
Xtrackers Artificial Intelligence & Big Data UCITS ETF 1C,XAIX,2026-02-23,148.8699951171875,,EUR
Xtrackers Artificial Intelligence & Big Data UCITS ETF 1C,XAIX,2026-02-24,150.44000244140625,,EUR
Xtrackers Artificial Intelligence & Big Data UCITS ETF 1C,XAIX,2026-02-25,152.52999877929688,,EUR
Xtrackers Artificial Intelligence & Big Data UCITS ETF 1C,XAIX,2026-02-26,152.82000732421875,,EUR
Xtrackers Artificial Intelligence & Big Data UCITS ETF 1C,XAIX,2026-02-27,151.67999267578125,,EUR
Xtrackers Artificial Intelligence & Big Data UCITS ETF 1C,XAIX,2026-03-02,152.5800018310547,,EUR
Xtrackers Artificial Intelligence & Big Data UCITS ETF 1C,XAIX,2026-03-03,149.8000030517578,,EUR
Xtrackers Artificial Intelligence & Big Data UCITS ETF 1C,XAIX,2026-03-04,153.55999755859375,,EUR
Xtrackers Artificial Intelligence & Big Data UCITS ETF 1C,XAIX,2026-03-05,153.22999572753906,,EUR
Xtrackers Artificial Intelligence & Big Data UCITS ETF 1C,XAIX,2026-03-09,150.75999450683594,,EUR
Xtrackers Artificial Intelligence & Big Data UCITS ETF 1C,XAIX,2026-03-10,154.38999938964844,,EUR
Xtrackers Artificial Intelligence & Big Data UCITS ETF 1C,XAIX,2026-03-11,154.1699981689453,,EUR
Xtrackers Artificial Intelligence & Big Data UCITS ETF 1C,XAIX,2026-03-12,153.02999877929688,,EUR
Xtrackers Artificial Intelligence & Big Data UCITS ETF 1C,XAIX,2026-03-13,153.0,,EUR
Xtrackers Artificial Intelligence & Big Data UCITS ETF 1C,XAIX,2026-03-16,155.33999633789062,,EUR
Xtrackers Artificial Intelligence & Big Data UCITS ETF 1C,XAIX,2026-03-17,156.00999450683594,,EUR
Xtrackers Artificial Intelligence & Big Data UCITS ETF 1C,XAIX,2026-03-18,155.6300048828125,,EUR
Xtrackers Artificial Intelligence & Big Data UCITS ETF 1C,XAIX,2026-03-19,153.0,,EUR
Xtrackers Artificial Intelligence & Big Data UCITS ETF 1C,XAIX,2026-03-20,151.0,,EUR
Xtrackers Artificial Intelligence & Big Data UCITS ETF 1C,XAIX,2026-03-23,151.2100067138672,,EUR
Xtrackers Artificial Intelligence & Big Data UCITS ETF 1C,XAIX,2026-03-24,149.6999969482422,,EUR
Xtrackers Artificial Intelligence & Big Data UCITS ETF 1C,XAIX,2026-03-25,150.41000366210938,,EUR
Xtrackers Artificial Intelligence & Big Data UCITS ETF 1C,XAIX,2026-03-26,146.8699951171875,,EUR
Xtrackers Artificial Intelligence & Big Data UCITS ETF 1C,XAIX,2026-03-27,143.6999969482422,,EUR
Xtrackers Artificial Intelligence & Big Data UCITS ETF 1C,XAIX,2026-03-30,143.80999755859375,,EUR
Xtrackers Artificial Intelligence & Big Data UCITS ETF 1C,XAIX,2026-03-31,142.60000610351562,,EUR
Xtrackers Artificial Intelligence & Big Data UCITS ETF 1C,XAIX,2026-04-01,148.5,,EUR
Xtrackers Artificial Intelligence & Big Data UCITS ETF 1C,XAIX,2026-04-02,147.82000732421875,,EUR
Xtrackers Artificial Intelligence & Big Data UCITS ETF 1C,XAIX,2026-04-07,148.30999755859375,,EUR
Xtrackers Artificial Intelligence & Big Data UCITS ETF 1C,XAIX,2026-04-08,153.8800048828125,,EUR
Xtrackers Artificial Intelligence & Big Data UCITS ETF 1C,XAIX,2026-04-09,152.16000366210938,,EUR
Xtrackers Artificial Intelligence & Big Data UCITS ETF 1C,XAIX,2026-04-10,152.1999969482422,,EUR
Xtrackers Artificial Intelligence & Big Data UCITS ETF 1C,XAIX,2026-04-13,153.4499969482422,,EUR
Xtrackers Artificial Intelligence & Big Data UCITS ETF 1C,XAIX,2026-04-14,156.5399932861328,,EUR
Xtrackers Artificial Intelligence & Big Data UCITS ETF 1C,XAIX,2026-04-15,158.88999938964844,,EUR
Xtrackers Artificial Intelligence & Big Data UCITS ETF 1C,XAIX,2026-04-16,162.44000244140625,,EUR
Xtrackers Artificial Intelligence & Big Data UCITS ETF 1C,XAIX,2026-04-17,165.5,,EUR
Xtrackers Artificial Intelligence & Big Data UCITS ETF 1C,XAIX,2026-04-20,163.77000427246094,,EUR
Xtrackers Artificial Intelligence & Big Data UCITS ETF 1C,XAIX,2026-04-21,165.91000366210938,,EUR
Xtrackers Artificial Intelligence & Big Data UCITS ETF 1C,XAIX,2026-04-22,168.32000732421875,,EUR
Xtrackers Artificial Intelligence & Big Data UCITS ETF 1C,XAIX,2026-04-23,167.3699951171875,,EUR
Xtrackers Artificial Intelligence & Big Data UCITS ETF 1C,XAIX,2026-04-24,168.33999633789062,,EUR
Xtrackers Artificial Intelligence & Big Data UCITS ETF 1C,XAIX,2026-04-27,169.82000732421875,,EUR
Xtrackers Artificial Intelligence & Big Data UCITS ETF 1C,XAIX,2026-04-28,167.24000549316406,,EUR
Xtrackers Artificial Intelligence & Big Data UCITS ETF 1C,XAIX,2026-04-29,170.02000427246094,,EUR
Xtrackers Artificial Intelligence & Big Data UCITS ETF 1C,XAIX,2026-04-30,169.3800048828125,,EUR
Xtrackers Artificial Intelligence & Big Data UCITS ETF 1C,XAIX,2026-05-04,176.41000366210938,,EUR
Xtrackers Artificial Intelligence & Big Data UCITS ETF 1C,XAIX,2026-05-05,180.3000030517578,,EUR
Xtrackers Artificial Intelligence & Big Data UCITS ETF 1C,XAIX,2026-05-06,182.8800048828125,,EUR
Xtrackers Artificial Intelligence & Big Data UCITS ETF 1C,XAIX,2026-05-07,185.07000732421875,,EUR
Xtrackers Artificial Intelligence & Big Data UCITS ETF 1C,XAIX,2026-05-08,188.13999938964844,,EUR
Xtrackers Artificial Intelligence & Big Data UCITS ETF 1C,XAIX,2026-05-11,191.80999755859375,,EUR
Xtrackers Artificial Intelligence & Big Data UCITS ETF 1C,XAIX,2026-05-12,185.6999969482422,,EUR
Xtrackers Artificial Intelligence & Big Data UCITS ETF 1C,XAIX,2026-05-13,191.42999267578125,,EUR
Xtrackers Artificial Intelligence & Big Data UCITS ETF 1C,XAIX,2026-05-14,195.19000244140625,,EUR
Xtrackers Artificial Intelligence & Big Data UCITS ETF 1C,XAIX,2026-05-15,191.27000427246094,,EUR
Xtrackers Artificial Intelligence & Big Data UCITS ETF 1C,XAIX,2026-05-18,189.3699951171875,,EUR
Xtrackers Artificial Intelligence & Big Data UCITS ETF 1C,XAIX,2026-05-19,188.69000244140625,,EUR
Xtrackers Artificial Intelligence & Big Data UCITS ETF 1C,XAIX,2026-05-20,192.72000122070312,,EUR
Xtrackers Artificial Intelligence & Big Data UCITS ETF 1C,XAIX,2026-05-21,194.02000427246094,,EUR
Xtrackers Artificial Intelligence & Big Data UCITS ETF 1C,XAIX,2026-05-22,197.97999572753906,,EUR
Xtrackers Artificial Intelligence & Big Data UCITS ETF 1C,XAIX,2026-05-25,200.3000030517578,,EUR
Xtrackers Artificial Intelligence & Big Data UCITS ETF 1C,XAIX,2026-05-26,203.30999755859375,,EUR
Xtrackers Artificial Intelligence & Big Data UCITS ETF 1C,XAIX,2026-05-27,202.3699951171875,,EUR
Xtrackers Artificial Intelligence & Big Data UCITS ETF 1C,XAIX,2026-05-28,206.3300018310547,,EUR
Xtrackers Artificial Intelligence & Big Data UCITS ETF 1C,XAIX,2026-05-29,210.99000549316406,,EUR
Xtrackers Artificial Intelligence & Big Data UCITS ETF 1C,XAIX,2026-06-01,220.0399932861328,,EUR
Xtrackers Artificial Intelligence & Big Data UCITS ETF 1C,XAIX,2026-06-02,220.05999755859375,,EUR
Xtrackers Artificial Intelligence & Big Data UCITS ETF 1C,XAIX,2026-06-03,218.27999877929688,,EUR
Xtrackers Artificial Intelligence & Big Data UCITS ETF 1C,XAIX,2026-06-04,213.25,,EUR
Xtrackers Artificial Intelligence & Big Data UCITS ETF 1C,XAIX,2026-06-05,204.35000610351562,,EUR
Xtrackers Artificial Intelligence & Big Data UCITS ETF 1C,XAIX,2026-06-08,205.49000549316406,,EUR
Xtrackers Artificial Intelligence & Big Data UCITS ETF 1C,XAIX,2026-06-09,198.6999969482422,,EUR
Xtrackers Artificial Intelligence & Big Data UCITS ETF 1C,XAIX,2026-06-10,198.42999267578125,,EUR
Xtrackers Artificial Intelligence & Big Data UCITS ETF 1C,XAIX,2026-06-11,198.83999633789062,,EUR
Xtrackers Artificial Intelligence & Big Data UCITS ETF 1C,XAIX,2026-06-12,205.3800048828125,,EUR
Xtrackers Artificial Intelligence & Big Data UCITS ETF 1C,XAIX,2026-06-15,211.36000061035156,,EUR
Xtrackers Artificial Intelligence & Big Data UCITS ETF 1C,XAIX,2026-06-16,208.3300018310547,,EUR
Xtrackers Artificial Intelligence & Big Data UCITS ETF 1C,XAIX,2026-06-17,209.47000122070312,,EUR
Xtrackers Artificial Intelligence & Big Data UCITS ETF 1C,XAIX,2026-06-18,215.44000244140625,,EUR
Xtrackers Artificial Intelligence & Big Data UCITS ETF 1C,XAIX,2026-06-19,214.67999267578125,,EUR
Xtrackers Artificial Intelligence & Big Data UCITS ETF 1C,XAIX,2026-06-22,216.7899932861328,,EUR
Xtrackers Artificial Intelligence & Big Data UCITS ETF 1C,XAIX,2026-06-23,209.3800048828125,,EUR
Xtrackers Artificial Intelligence & Big Data UCITS ETF 1C,XAIX,2026-06-24,210.10000610351562,,EUR
Xtrackers Artificial Intelligence & Big Data UCITS ETF 1C,XAIX,2026-06-25,211.02999877929688,,EUR
Xtrackers Artificial Intelligence & Big Data UCITS ETF 1C,XAIX,2026-06-26,209.10000610351562,,EUR
Xtrackers Artificial Intelligence & Big Data UCITS ETF 1C,XAIX,2026-06-29,205.83999633789062,,EUR
Xtrackers Artificial Intelligence & Big Data UCITS ETF 1C,XAIX,2026-06-30,211.5800018310547,,EUR
Xtrackers Artificial Intelligence & Big Data UCITS ETF 1C,XAIX,2026-07-01,209.61000061035156,,EUR
Xtrackers Artificial Intelligence & Big Data UCITS ETF 1C,XAIX,2026-07-02,202.4499969482422,,EUR
Xtrackers Artificial Intelligence & Big Data UCITS ETF 1C,XAIX,2026-07-03,205.94000244140625,,EUR
Xtrackers Artificial Intelligence & Big Data UCITS ETF 1C,XAIX,2026-07-06,207.88999938964844,,EUR
Xtrackers Artificial Intelligence & Big Data UCITS ETF 1C,XAIX,2026-07-07,200.8300018310547,,EUR
Xtrackers Artificial Intelligence & Big Data UCITS ETF 1C,XAIX,2026-07-08,198.5,,EUR
